fecha,pm10,no2,tmed,prec,tmin,tmax,dir,velmedia,racha,sol,presmax,presmin,intensidad
2018-01-01,8.0,15.0,6.9,0.0,1.7,1.7,26.0,3.1,10.0,5.9,953.25,950.0,131.0
2018-01-02,8.5,18.0,10.4,0.0,6.3,6.3,29.0,2.8,11.9,7.0,953.25,950.9,256.5
2018-01-03,8.0,16.0,10.9,0.0,7.2,7.2,23.0,1.7,8.6,4.6,954.15,951.05,272.5
2018-01-04,5.0,16.5,11.3,0.0,7.9,7.9,25.0,2.2,7.8,5.8,951.55,942.35,284.0
2018-01-05,3.0,14.5,8.2,13.6,5.2,5.2,22.0,3.1,11.7,1.6,942.35,925.0,272.0
2018-01-06,3.0,14.0,3.3,21.1,1.4,1.4,4.0,1.7,8.6,0.0,925.0,918.6,156.0
2018-01-07,9.5,24.0,2.2,3.3,0.9,0.9,12.0,2.8,7.5,0.0,928.4,918.45,145.5
2018-01-08,16.0,30.0,3.9,0.0,-0.5,-0.5,26.0,1.4,6.1,8.5,936.6,928.25,303.25
2018-01-09,10.0,24.5,1.5,2.2,-1.5,-1.5,21.0,1.1,4.7,0.0,940.2,935.9,307.0
2018-01-10,5.5,19.0,5.0,0.6,2.0,2.0,24.0,2.2,10.0,0.3,942.15,938.1,308.0
2018-01-11,13.0,30.0,5.7,0.0,2.0,2.0,29.0,3.3,13.6,8.6,945.7,941.35,312.75
2018-01-12,16.5,31.0,3.8,0.0,-0.3,-0.3,28.0,1.4,6.4,6.7,946.8,942.95,324.75
2018-01-13,7.0,15.0,3.2,6.0,1.5,1.5,26.0,1.1,7.2,1.1,943.15,937.45,208.0
2018-01-14,12.5,25.0,4.6,0.0,1.5,1.5,23.0,1.9,6.1,5.2,943.3,938.45,154.0
2018-01-15,16.0,28.0,3.8,0.0,-1.1,-1.1,23.0,1.1,6.4,8.1,948.8,943.1,302.0
2018-01-16,14.0,25.5,7.6,0.0,1.8,1.8,25.0,1.25,7.65,9.3,949.95,946.65,304.0
2018-01-17,16.0,35.0,9.1,0.0,4.15,4.15,28.0,1.9500000000000002,10.25,9.3,947.5999999999999,944.8499999999999,312.0
2018-01-18,20.5,40.0,7.8,0.0,2.2,2.2,10.0,1.4,4.7,9.4,947.3,942.0,313.25
2018-01-19,17.5,31.5,8.9,0.0,2.8,2.8,12.0,1.1,5.3,8.8,946.45,940.9,322.0
2018-01-20,9.5,22.0,8.1,0.0,3.6,3.6,33.0,1.9,7.8,2.0,948.6,945.95,208.0
2018-01-21,14.5,26.0,11.4,0.0,5.8,5.8,33.0,1.1,8.3,9.4,950.7,948.25,158.5
2018-01-22,16.0,32.5,9.75,0.0,4.5,4.5,52.5,0.8500000000000001,5.55,9.2,950.2,947.55,299.0
2018-01-23,23.5,32.0,10.3,0.0,3.75,3.75,2.5,1.25,5.15,8.7,949.9,947.6,304.0
2018-01-24,24.5,28.5,9.1,0.0,3.4,3.4,24.0,1.1,3.9,8.8,948.9,945.2,306.0
2018-01-25,4.5,18.5,5.8,3.1,3.0,3.0,36.0,1.9,9.2,0.4,945.35,937.2,308.25
2018-01-26,4.0,12.5,5.9,0.0,2.6,2.6,19.0,3.9,13.9,8.9,947.9,938.35,319.0
2018-01-27,5.0,11.5,6.8,0.0,2.2,2.2,4.0,3.3,13.3,8.1,952.3,947.4,202.0
2018-01-28,15.0,24.5,8.4,0.0,3.5,3.5,5.0,4.7,15.0,8.2,956.7,951.15,155.5
2018-01-29,17.5,33.5,9.0,0.0,4.0,4.0,6.0,1.1,6.1,9.4,956.5,951.1,301.5
2018-01-30,20.0,38.5,7.9,0.0,2.4,2.4,5.0,1.4,5.6,9.2,952.15,946.45,303.0
2018-01-31,20.0,36.0,7.6,0.0,1.7,1.7,27.0,0.8,4.2,9.2,947.55,938.75,308.0
2018-02-01,5.0,20.0,6.3,0.1,0.6,0.6,32.0,2.8,13.3,4.0,938.75,928.6,311.5
2018-02-02,7.0,18.5,3.6,0.0,-1.0,-1.0,99.0,2.8,13.3,9.4,939.2,930.2,321.5
2018-02-03,5.0,15.0,5.2,2.3,0.2,0.2,28.0,3.1,11.1,6.1,940.8,933.75,205.0
2018-02-04,4.5,19.5,3.0,17.3,0.8,0.8,4.0,2.2,10.6,0.0,933.75,928.6,157.5
2018-02-05,7.0,19.5,1.6,13.9,0.6,0.6,4.0,2.2,9.4,0.0,929.8,926.2,274.5
2018-02-06,8.0,23.0,4.0,0.0,0.5,0.5,1.0,2.8,9.2,6.9,933.65,929.2,302.75
2018-02-07,9.5,26.0,2.2,0.0,-2.3,-2.3,6.0,2.8,9.2,9.3,939.6,933.6,308.5
2018-02-08,18.0,35.5,2.1,0.0,-2.9,-2.9,5.0,1.7,7.5,8.5,941.2,939.15,311.0
2018-02-09,6.5,19.0,3.1,0.0,-3.0,-3.0,7.0,0.8,7.5,6.3,942.95,939.75,320.5
2018-02-10,13.0,24.5,5.3,0.0,0.4,0.4,5.0,1.9,9.2,10.0,943.8,941.2,205.5
2018-02-11,6.5,21.0,7.5,0.1,0.7,0.7,28.0,3.1,11.7,9.1,943.4,939.55,158.0
2018-02-12,11.0,24.0,6.6,0.0,2.5,2.5,31.0,1.7,9.7,7.0,942.3,938.85,300.25
2018-02-13,7.5,17.5,4.2,0.0,-0.8,-0.8,24.0,3.6,13.6,5.7,942.2,938.7,308.0
2018-02-14,15.0,24.0,8.2,0.0,5.6,5.6,25.0,3.1,11.4,0.9,943.75,939.7,314.0
2018-02-15,20.5,23.5,8.4,0.0,5.6,5.6,25.0,1.4,7.2,0.0,947.35,943.6,295.0
2018-02-16,21.0,19.0,11.0,0.0,6.8,6.8,24.0,1.7,5.0,6.4,946.9,942.4,298.5
2018-02-17,7.5,13.0,10.0,0.0,5.6,5.6,7.0,1.7,10.8,3.6,945.6,942.75,192.0
2018-02-18,6.5,19.0,7.6,0.0,1.5,1.5,7.0,1.7,8.3,10.2,945.35,941.35,156.0
2018-02-19,8.0,20.5,10.8,0.0,6.3,6.3,3.0,1.9,10.0,8.1,941.75,938.9,308.5
2018-02-20,7.0,18.0,10.1,0.0,4.4,4.4,4.0,3.3,12.8,9.6,940.05,936.45,305.0
2018-02-21,12.0,24.0,7.0,0.0,2.2,2.2,4.0,3.6,12.5,10.4,936.5,930.3,308.0
2018-02-22,14.0,26.5,4.5,0.0,-2.5,-2.5,5.0,2.2,7.5,10.5,932.5,928.35,307.5
2018-02-23,19.0,30.5,4.0,0.0,-2.6,-2.6,8.0,1.4,8.3,10.7,929.85,926.35,317.5
2018-02-24,23.0,31.0,4.8,0.0,-2.1,-2.1,17.0,1.4,5.8,10.7,930.6,927.0,209.0
2018-02-25,24.5,41.0,6.7,0.0,-1.0,-1.0,22.0,1.4,5.8,10.6,934.25,930.5,160.0
2018-02-26,19.0,30.5,8.8,0.0,1.1,1.1,7.0,1.1,8.9,8.4,933.5,924.4,301.5
2018-02-27,13.0,30.5,3.6,17.5,1.5,1.5,4.0,1.7,8.9,0.0,926.55,923.05,309.0
2018-02-28,6.0,19.0,7.8,18.8,3.5,3.5,21.0,1.9,14.2,0.0,923.05,913.5,313.5
2018-03-01,7.0,24.5,8.4,17.3,4.9,4.9,25.0,4.2,25.8,0.6,919.2,905.0,318.5
2018-03-02,6.0,15.5,6.0,15.3,3.2,3.2,23.0,1.9,14.7,0.1,921.1,915.8,329.5
2018-03-03,5.5,14.0,9.2,12.9,5.3,5.3,26.0,3.6,15.8,3.8,923.3,918.3,211.5
2018-03-04,5.5,16.5,9.3,5.5,5.4,5.4,19.0,2.5,11.1,5.2,921.2,917.3,162.25
2018-03-05,5.5,17.5,7.0,1.9,5.1,5.1,24.0,3.6,11.4,1.2,921.4,913.0,308.25
2018-03-06,6.0,16.0,7.4,1.3,3.5,3.5,24.0,3.1,12.5,3.6,926.2,921.1,308.0
2018-03-07,10.0,24.0,6.8,2.6,2.5,2.5,25.0,2.2,8.9,8.4,932.6,926.2,312.75
2018-03-08,12.0,26.0,7.7,1.0,4.5,4.5,17.0,1.1,5.8,0.6,933.9,928.2,308.5
2018-03-09,7.0,21.0,10.2,9.4,9.0,9.0,15.0,3.1,11.1,0.0,934.2,928.3,324.0
2018-03-10,6.5,10.5,9.7,24.4,7.0,7.0,23.0,2.8,12.8,0.9,928.3,923.8,171.0
2018-03-11,6.5,12.0,8.4,1.3,5.8,5.8,24.0,6.4,17.5,6.3,929.4,922.8,161.0
2018-03-12,9.5,19.5,9.8,1.2,6.2,6.2,24.0,4.2,13.3,8.5,937.9,929.4,316.0
2018-03-13,9.5,22.0,10.3,0.3,6.4,6.4,23.0,2.2,10.0,3.2,937.3,934.7,297.0
2018-03-14,6.0,16.5,9.2,22.9,5.8,5.8,23.0,3.1,16.7,0.0,936.1,920.8,312.0
2018-03-15,6.0,14.5,9.1,0.05,5.8,5.8,24.0,5.3,15.8,8.3,926.7,920.7,320.5
2018-03-16,5.5,12.5,8.2,3.2,4.6,4.6,25.0,3.3,11.9,7.5,928.0,925.4,326.5
2018-03-17,5.0,11.0,6.2,7.3,2.0,2.0,26.0,2.8,11.7,2.3,927.3,920.8,204.5
2018-03-18,6.0,15.5,8.4,0.0,3.0,3.0,29.0,3.9,11.4,8.9,931.5,922.0,163.0
2018-03-19,5.5,14.0,6.5,4.4,3.4,3.4,30.0,3.9,20.0,2.5,931.5,924.4,316.5
2018-03-20,7.5,15.0,6.1,0.0,1.9,1.9,5.0,5.3,15.6,9.2,941.6,929.8,312.5
2018-03-21,10.0,23.0,7.1,0.0,1.1,1.1,34.0,4.2,12.8,10.8,945.1,940.9,313.25
2018-03-22,15.0,26.5,6.0,0.0,-2.0,-2.0,27.0,2.2,6.4,10.8,944.8,939.0,320.0
2018-03-23,7.0,7.0,8.4,3.5,3.5,3.5,27.0,3.1,18.6,0.7,939.1,921.9,308.0
2018-03-24,4.5,8.5,7.6,0.0,3.4,3.4,30.0,6.1,22.5,5.0,928.8,921.8,184.0
2018-03-25,7.0,19.5,8.6,0.0,4.4,4.4,29.0,2.5,10.8,7.2,937.8,928.0,148.0
2018-03-26,9.0,18.0,9.2,0.0,3.5,3.5,31.0,1.9,8.6,10.5,944.5,937.8,263.5
2018-03-27,13.5,21.0,14.3,0.0,8.1,8.1,27.0,2.5,12.5,10.7,945.6,943.2,262.0
2018-03-28,8.5,7.0,14.7,0.0,8.4,8.4,24.0,3.3,12.2,10.6,943.3,934.0,248.0
2018-03-29,6.0,6.0,11.3,0.8,7.4,7.4,24.0,4.2,14.7,9.0,934.2,928.3,122.0
2018-03-30,4.0,7.5,7.8,1.9,4.0,4.0,24.0,4.2,17.5,8.2,928.5,925.1,111.5
2018-03-31,7.5,15.0,8.8,0.0,2.5,2.5,26.0,3.9,13.3,10.5,938.5,926.9,137.0
2018-04-01,9.0,20.0,10.7,0.0,3.9,3.9,12.0,1.4,6.7,7.6,939.6,932.35,138.5
2018-04-02,8.0,12.0,13.8,2.4,8.0,8.0,24.0,3.3,11.7,9.1,932.4,927.65,283.5
2018-04-03,7.0,9.0,12.3,0.0,8.0,8.0,21.0,4.4,15.3,6.7,931.55,928.8,307.0
2018-04-04,11.0,23.0,11.2,0.0,6.4,6.4,25.0,5.0,15.3,7.8,941.2,931.5,314.5
2018-04-05,14.0,31.0,11.6,0.0,4.7,4.7,11.0,1.1,6.7,10.0,942.0,935.6,320.5
2018-04-06,10.0,18.0,13.1,3.3,8.7,8.7,13.0,1.9,8.9,2.9,935.6,928.1,325.5
2018-04-07,6.0,9.0,9.4,3.0,7.0,7.0,23.5,2.25,7.9,0.3,930.05,927.8,213.0
2018-04-08,5.0,12.0,10.4,2.5,5.0,5.0,26.5,3.6,12.9,8.4,930.55,928.35,170.0
2018-04-09,4.0,20.0,6.1,2.0,3.6,3.6,23.0,5.55,15.4,2.5,930.6,927.7,306.25
2018-04-10,5.0,16.0,5.0,15.2,2.9,2.9,24.0,6.4,13.6,0.0,929.6,916.45,313.0
2018-04-11,6.0,17.0,6.8,0.1,2.5,2.5,28.0,5.800000000000002,17.2,0.6,925.9,918.45,298.5
2018-04-12,6.0,20.0,8.1,7.0,4.5,4.5,25.5,2.6,9.85,1.7,932.4,923.25,320.0
2018-04-13,8.0,19.0,9.8,0.3,4.6,4.6,23.5,2.05,8.75,7.7,934.55,923.55,323.5
2018-04-14,8.0,12.0,10.8,0.1,4.5,4.5,24.5,1.1,6.800000000000002,11.0,939.05,934.55,211.0
2018-04-15,7.0,13.0,12.6,11.2,8.2,8.2,62.0,4.75,12.75,6.9,939.35,934.2,160.0
2018-04-16,12.0,25.0,12.3,0.0,5.6,5.6,30.5,3.6,10.8,11.8,943.65,935.3,305.75
2018-04-17,15.0,27.0,14.5,0.0,7.0,7.0,25.5,1.4,5.699999999999998,12.1,946.25,943.65,310.5
2018-04-18,19.0,17.0,17.1,0.0,10.0,10.0,14.5,1.9,7.75,12.5,946.1,943.45,312.0
2018-04-19,26.0,12.0,17.4,0.0,12.0,12.0,11.0,2.8,9.2,12.1,945.65,941.3,317.5
2018-04-20,27.0,13.0,16.9,0.0,11.6,11.6,12.0,3.3,12.2,10.5,943.15,939.55,326.0
2018-04-21,25.0,18.0,15.7,0.0,10.4,10.4,4.0,2.8,9.2,2.9,942.05,938.5,206.25
2018-04-22,23.0,21.0,17.6,0.0,12.1,12.1,9.0,1.9,8.9,7.8,940.3,936.0,166.0
2018-04-23,24.0,19.0,19.4,0.0,14.2,14.2,6.0,2.8,8.3,6.6,940.95,938.8,307.0
2018-04-24,23.0,23.0,19.3,0.0,13.3,13.3,13.0,1.4,7.8,6.9,940.4,937.95,312.25
2018-04-25,24.0,22.0,20.4,0.0,12.4,12.4,16.0,2.8,10.8,11.3,940.6,936.1,313.5
2018-04-26,22.0,15.0,18.8,0.0,12.0,12.0,25.0,2.5,8.3,12.2,940.5,936.05,320.0
2018-04-27,14.0,8.0,18.6,0.0,13.0,13.0,23.0,3.1,10.8,12.0,936.2,932.95,320.5
2018-04-28,9.0,7.0,14.4,6.2,9.2,9.2,24.0,3.6,11.9,10.9,933.75,929.15,178.75
2018-04-29,6.0,12.0,8.2,3.8,3.4,3.4,24.0,4.4,14.4,6.4,936.1,927.8,131.0
2018-04-30,5.0,10.0,7.4,2.5,2.9,2.9,27.0,1.9,12.5,9.0,937.1,934.9,230.0
2018-05-01,7.0,13.0,10.5,0.0,4.6,4.6,10.0,1.7,7.2,11.8,937.6,935.0,124.0
2018-05-02,8.0,20.0,11.6,0.0,5.6,5.6,26.0,1.9,8.6,9.8,937.6,935.6,142.5
2018-05-03,8.0,11.0,14.4,0.0,9.3,9.3,6.0,2.5,9.7,10.0,937.55,934.6,311.0
2018-05-04,11.0,10.0,13.4,0.0,5.9,5.9,5.0,2.8,11.7,12.6,937.8,935.05,321.5
2018-05-05,12.0,8.0,16.4,0.1,8.6,8.6,12.0,1.7,13.3,12.8,939.85,936.05,217.0
2018-05-06,13.0,20.0,18.4,1.5,12.4,12.4,8.0,1.7,12.5,12.4,940.85,936.45,176.0
2018-05-07,14.0,28.0,17.6,1.2,12.0,12.0,9.0,1.4,10.6,5.2,939.4,935.25,306.25
2018-05-08,16.0,21.0,18.8,0.0,11.9,11.9,5.0,1.4,7.8,8.3,936.15,932.9,313.5
2018-05-09,12.0,14.0,19.1,0.0,12.4,12.4,30.0,1.9,9.7,11.5,934.7,931.6,307.0
2018-05-10,14.0,20.0,19.0,0.0,13.4,13.4,5.0,2.5,10.3,11.1,938.6,933.7,321.0
2018-05-11,13.0,9.0,18.8,0.0,12.6,12.6,26.0,2.2,9.4,11.9,940.15,937.0,324.0
2018-05-12,7.0,7.0,14.6,0.0,9.5,9.5,25.0,3.9,12.5,8.7,940.5,936.35,196.0
2018-05-13,6.0,14.0,11.3,0.0,5.0,5.0,26.0,3.9,10.3,12.7,943.05,940.45,155.75
2018-05-14,7.0,7.0,14.6,0.0,9.9,9.9,7.0,1.9,10.8,10.4,942.3,939.45,293.0
2018-05-15,11.0,12.0,15.7,0.0,7.7,7.7,4.0,2.2,12.2,12.8,941.3,936.95,161.5
2018-05-16,12.0,16.0,18.4,0.0,11.5,11.5,4.0,2.5,11.4,12.8,939.15,935.05,306.5
2018-05-17,14.0,17.0,20.0,0.0,14.5,14.5,5.0,1.4,9.4,9.7,937.9,934.45,315.5
2018-05-18,13.0,13.0,18.2,0.7,13.6,13.6,17.0,1.7,9.2,8.0,939.2,936.45,318.0
2018-05-19,10.0,8.0,18.8,0.05,12.4,12.4,4.0,0.6,11.1,8.7,939.95,936.6,199.25
2018-05-20,12.0,19.0,17.8,0.0,12.7,12.7,8.0,1.4,11.9,8.7,938.6,933.5,164.0
2018-05-21,12.0,25.0,18.7,0.0,13.0,13.0,8.0,0.8,9.4,7.0,935.8,932.4,307.0
2018-05-22,14.0,24.0,17.8,0.05,11.7,11.7,33.0,1.7,7.8,6.2,938.1,935.2,305.75
2018-05-23,14.0,20.0,20.4,0.35,13.5,13.5,23.0,1.7,16.4,10.3,939.05,936.0,305.0
2018-05-24,13.0,24.0,20.5,28.9,13.8,13.8,12.0,4.05,12.6,6.1,938.4,932.1,312.5
2018-05-25,11.0,17.0,16.0,6.1,12.0,12.0,26.0,1.7999999999999998,10.3,4.1,937.4,933.7,322.0
2018-05-26,12.0,16.0,16.9,0.0,11.5,11.5,22.0,1.8,7.050000000000002,9.4,936.35,934.85,188.75
2018-05-27,12.0,21.0,19.3,2.1,13.1,13.1,25.0,2.65,11.7,10.5,937.1,933.65,168.5
2018-05-28,14.0,23.0,17.0,9.7,13.2,13.2,25.0,1.65,6.699999999999998,1.6,937.15,934.4,300.0
2018-05-29,12.0,20.0,16.2,1.0,12.6,12.6,25.5,2.1,13.45,6.5,936.75,934.6,307.75
2018-05-30,13.0,17.0,15.8,0.15000000000000002,11.0,11.0,26.0,3.9,10.7,4.7,938.2,934.9,316.5
2018-05-31,18.0,23.0,17.8,0.0,12.5,12.5,29.5,2.75,8.75,11.7,940.3,938.1,336.0
2018-06-01,13.0,10.0,18.6,2.3,11.8,11.8,6.5,1.95,11.55,11.7,940.7,936.95,325.25
2018-06-02,14.0,12.0,18.2,9.5,12.8,12.8,18.0,1.9,11.7,5.6,940.2,937.5,203.0
2018-06-03,11.0,11.0,18.0,0.0,11.0,11.0,24.0,2.5,11.4,11.2,939.0,935.3,168.25
2018-06-04,11.0,12.0,16.1,0.0,11.2,11.2,24.0,3.1,10.8,12.0,936.85,934.95,307.5
2018-06-05,9.0,16.0,15.7,1.4,10.8,10.8,27.0,2.2,9.7,6.1,935.9,933.95,310.0
2018-06-06,15.0,20.0,15.5,3.5,10.5,10.5,33.0,1.7,8.6,8.2,939.0,934.45,317.0
2018-06-07,15.0,19.0,17.7,2.6,11.0,11.0,24.0,2.5,8.9,7.9,939.65,937.65,316.0
2018-06-08,12.0,14.0,16.4,2.8,13.0,13.0,23.0,2.5,10.6,1.9,937.85,932.5,324.5
2018-06-09,12.0,12.0,15.9,0.25,10.7,10.7,24.0,2.8,10.6,8.4,936.95,935.0,205.0
2018-06-10,10.0,12.0,15.3,0.0,10.0,10.0,24.0,2.5,10.6,4.7,936.75,933.8,165.75
2018-06-11,11.0,18.0,16.8,0.0,11.6,11.6,26.0,2.8,8.3,7.7,937.1,934.85,305.0
2018-06-12,12.0,12.0,18.6,0.0,12.6,12.6,29.0,1.9,8.1,12.5,940.55,936.55,311.0
2018-06-13,14.0,13.0,19.4,0.0,12.7,12.7,29.0,2.5,8.6,13.1,941.4,938.4,315.25
2018-06-14,17.0,20.0,19.8,0.0,12.7,12.7,7.0,2.2,8.1,13.3,940.2,937.5,315.5
2018-06-15,15.0,11.0,22.4,0.0,14.3,14.3,6.0,1.1,9.4,13.3,939.65,935.95,309.5
2018-06-16,14.0,7.0,24.4,0.0,16.9,16.9,5.0,1.9,7.8,13.0,940.35,937.2,194.0
2018-06-17,13.0,11.0,23.6,0.0,15.6,15.6,8.0,2.8,8.3,13.4,944.85,940.35,165.0
2018-06-18,15.0,13.0,24.5,0.0,17.0,17.0,7.0,2.5,11.4,13.1,944.95,941.05,304.0
2018-06-19,20.0,15.0,24.9,0.0,16.2,16.2,5.0,1.9,8.3,13.5,943.25,939.3,313.0
2018-06-20,23.0,17.0,26.6,0.0,20.2,20.2,13.0,1.7,8.9,13.1,942.0,938.05,303.0
2018-06-21,23.0,20.0,26.8,0.0,20.2,20.2,10.0,1.7,7.2,13.3,941.95,938.75,320.0
2018-06-22,23.0,12.0,27.3,0.0,20.4,20.4,8.0,1.7,8.3,13.2,941.5,937.85,317.0
2018-06-23,34.0,12.0,28.6,0.0,21.2,21.2,6.0,1.7,8.6,13.0,940.45,937.25,188.75
2018-06-24,47.5,21.5,29.3,0.0,21.6,21.6,8.0,1.4,8.3,11.8,939.85,936.3,160.0
2018-06-25,49.5,19.5,29.4,0.0,22.0,22.0,17.0,1.9,8.3,11.0,939.25,936.2,289.0
2018-06-26,43.0,19.5,28.2,0.0,21.5,21.5,25.0,1.9,8.1,12.9,939.6,936.75,302.0
2018-06-27,31.0,18.0,26.8,0.0,20.3,20.3,26.0,2.5,9.7,10.6,939.95,936.55,305.0
2018-06-28,26.5,14.5,25.6,0.1,19.1,19.1,24.0,2.2,8.3,10.8,937.1,931.55,311.25
2018-06-29,25.0,9.0,26.0,0.0,19.2,19.2,6.0,1.7,9.7,11.9,933.3,929.2,306.5
2018-06-30,17.0,6.5,24.4,0.35,19.5,19.5,16.0,2.8,9.7,9.6,933.35,930.8,183.5
2018-07-01,17.0,13.5,22.6,0.0,16.2,16.2,26.0,2.8,10.3,12.3,936.25,933.25,144.0
2018-07-02,19.5,19.5,22.0,0.0,15.3,15.3,24.0,2.8,10.0,13.2,939.75,935.6,290.0
2018-07-03,20.5,19.5,22.6,0.0,14.8,14.8,27.0,1.1,8.6,13.4,940.75,937.5,291.0
2018-07-04,17.5,16.5,22.2,0.0,16.5,16.5,23.0,3.1,13.3,13.2,941.3,936.8,297.0
2018-07-05,19.0,17.5,22.5,0.0,15.5,15.5,8.0,1.1,6.9,12.1,942.7,940.7,300.5
2018-07-06,22.5,15.0,25.1,0.0,16.8,16.8,6.0,1.9,8.9,11.2,943.0,939.45,280.5
2018-07-07,22.5,10.0,26.8,0.0,20.2,20.2,10.0,1.9,9.7,12.1,941.9,937.9,163.5
2018-07-08,22.0,17.0,28.2,0.0,20.8,20.8,7.0,2.2,9.4,13.1,942.5,939.15,147.0
2018-07-09,23.5,15.5,28.2,0.0,21.0,21.0,7.0,2.2,10.8,12.9,942.35,938.6,284.0
2018-07-10,25.5,17.5,28.1,0.0,20.9,20.9,6.0,1.9,11.1,12.2,941.35,937.1,281.0
2018-07-11,24.0,17.0,26.6,0.0,19.7,19.7,23.0,2.8,10.8,11.9,939.0,934.25,279.5
2018-07-12,30.5,15.5,26.5,0.0,19.6,19.6,4.0,1.9,9.2,13.3,938.05,935.5,288.0
2018-07-13,30.0,14.5,27.2,0.0,21.0,21.0,7.0,2.5,9.4,12.9,939.05,936.05,278.25
2018-07-14,23.5,9.0,26.0,0.0,18.6,18.6,23.0,1.7,9.7,12.9,940.45,937.75,164.25
2018-07-15,18.5,12.5,23.2,0.0,16.7,16.7,24.0,2.5,13.3,13.2,940.6,937.6,138.0
2018-07-16,21.0,18.0,23.3,0.0,15.5,15.5,29.0,2.8,10.6,13.1,941.7,939.4,275.5
2018-07-17,30.0,19.0,26.4,0.0,17.7,17.7,12.0,1.9,8.6,13.2,941.65,935.5,275.75
2018-07-18,28.5,24.0,27.1,0.0,20.8,20.8,25.0,3.1,11.1,13.1,938.05,935.7,276.0
2018-07-19,27.5,20.0,25.6,0.0,18.1,18.1,25.0,2.8,10.3,13.1,939.25,936.4,274.0
2018-07-20,18.0,6.5,24.8,0.0,18.0,18.0,21.0,1.9,12.5,12.9,937.85,935.45,260.75
2018-07-21,16.0,9.0,24.0,0.0,16.7,16.7,3.0,2.2,10.0,11.6,939.1,935.2,153.0
2018-07-22,23.0,17.5,24.9,0.0,17.4,17.4,8.0,1.7,8.1,10.9,938.15,935.65,132.0
2018-07-23,23.5,19.0,27.6,0.0,20.4,20.4,23.0,1.9,10.0,13.2,939.9,935.95,264.0
2018-07-24,26.0,23.5,26.2,0.0,18.5,18.5,24.0,1.9,10.6,13.1,938.1,935.8,265.0
2018-07-25,31.0,26.0,26.1,0.0,17.6,17.6,23.0,1.1,8.9,13.1,938.8,935.25,268.25
2018-07-26,28.5,24.5,27.0,0.0,19.5,19.5,24.0,1.7,8.9,13.1,937.25,934.8,271.25
2018-07-27,21.0,11.0,26.8,0.0,19.0,19.0,25.0,2.8,11.1,12.2,937.05,934.55,257.0
2018-07-28,18.5,8.0,25.8,0.0,18.4,18.4,25.0,2.2,10.8,13.1,937.65,935.85,141.75
2018-07-29,20.5,19.5,26.0,0.0,18.3,18.3,22.0,2.2,8.9,12.8,939.1,936.45,125.5
2018-07-30,21.5,20.0,26.6,0.0,18.8,18.8,24.0,1.4,8.3,13.1,940.3,937.65,241.5
2018-07-31,27.0,27.5,28.1,0.0,21.0,21.0,22.0,1.1,8.3,13.2,940.5,937.55,245.0
2018-08-01,35.0,31.0,29.5,0.0,21.5,21.5,8.0,1.1,6.4,13.1,940.25,937.8,232.0
2018-08-02,49.5,19.0,31.5,0.0,22.6,22.6,7.0,1.4,7.5,12.4,942.35,938.7,236.5
2018-08-03,54.0,10.0,32.9,0.0,25.1,25.1,4.0,1.7,9.2,11.4,941.55,938.75,223.0
2018-08-04,46.5,8.0,31.0,0.0,23.2,23.2,20.0,1.7999999999999998,9.3,11.9,942.6,939.1,133.0
2018-08-05,49.5,19.5,31.0,0.0,23.4,23.4,6.0,1.9,9.2,12.6,941.05,937.5,116.0
2018-08-06,66.0,17.5,30.6,0.0,23.2,23.2,17.0,1.7,11.9,9.3,939.9,935.55,201.0
2018-08-07,52.0,13.0,29.8,0.0,22.8,22.8,24.0,3.3,12.2,11.8,936.65,932.55,205.0
2018-08-08,31.5,11.5,27.6,0.0,20.2,20.2,24.0,3.1,14.2,12.1,936.3,932.6,204.0
2018-08-09,25.5,9.5,24.9,0.0,18.5,18.5,6.0,2.2,12.5,12.9,942.25,935.15,203.0
2018-08-10,32.0,10.5,24.6,0.0,17.2,17.2,4.0,1.9,12.2,10.9,944.65,941.15,192.0
2018-08-11,39.0,14.0,28.4,0.0,22.1,22.1,16.0,1.7,6.7,11.2,944.95,940.05,121.5
2018-08-12,31.0,13.5,29.2,0.0,22.6,22.6,26.0,3.3,11.9,11.6,940.9,935.25,107.5
2018-08-13,19.5,10.5,27.1,0.0,20.4,20.4,28.0,2.2,9.2,12.8,938.05,935.05,184.0
2018-08-14,20.0,7.0,26.3,0.0,18.6,18.6,4.0,1.4,9.7,12.7,941.0,938.0,186.5
2018-08-15,27.5,12.5,26.8,0.0,19.4,19.4,9.0,2.2,7.8,12.2,940.8,936.5,110.5
2018-08-16,22.5,10.5,27.5,0.0,22.1,22.1,19.0,2.2,8.6,8.7,939.6,936.55,180.5
2018-08-17,15.5,4.5,26.2,0.0,19.5,19.5,6.0,2.5,11.9,11.9,941.95,937.25,176.0
2018-08-18,17.0,11.0,24.0,0.0,16.8,16.8,5.0,1.7,10.8,11.2,942.2,939.0,114.0
2018-08-19,20.5,14.5,26.1,0.0,19.7,19.7,6.0,1.9,7.8,10.8,943.85,940.6,105.5
2018-08-20,21.0,20.0,26.4,0.0,20.0,20.0,11.0,1.4,6.1,12.5,943.35,938.9,187.5
2018-08-21,23.5,16.0,27.6,0.0,20.8,20.8,8.0,1.7,8.3,12.1,940.95,937.15,188.5
2018-08-22,28.0,23.0,27.8,0.0,21.8,21.8,14.0,1.1,10.0,9.4,941.45,938.0,192.5
2018-08-23,25.5,15.5,27.0,0.0,20.2,20.2,25.0,1.4,9.4,9.9,941.65,938.5,194.75
2018-08-24,21.0,9.5,26.8,0.0,19.6,19.6,26.0,1.4,10.8,11.5,941.9,938.45,186.0
2018-08-25,20.5,10.0,25.6,0.0,17.4,17.4,7.0,2.2,9.4,11.9,939.65,935.45,124.0
2018-08-26,23.0,24.5,24.8,0.0,16.6,16.6,8.0,1.7,7.2,12.0,939.75,936.45,113.0
2018-08-27,39.0,22.0,27.8,0.0,20.0,20.0,21.0,1.4,8.1,10.0,939.55,937.05,217.0
2018-08-28,38.0,21.0,27.4,0.3,21.2,21.2,24.0,2.5,12.2,11.1,939.5,936.35,228.0
2018-08-29,33.0,17.0,25.8,0.0,20.0,20.0,6.0,1.4,9.7,11.9,941.3,938.5,227.0
2018-08-30,30.5,17.0,26.3,0.0,19.5,19.5,4.0,1.4,8.9,11.7,943.05,939.2,235.5
2018-08-31,27.0,14.0,27.6,0.0,20.7,20.7,5.0,1.9,8.9,11.7,941.7,938.35,241.75
2018-09-01,35.0,15.0,27.6,0.0,20.6,20.6,6.0,1.1,7.8,10.5,942.15,938.05,156.0
2018-09-02,49.0,18.0,29.0,1.2,22.0,22.0,25.0,1.7,9.7,9.8,940.75,935.7,141.0
2018-09-03,48.5,20.0,27.2,0.0,21.7,21.7,11.0,1.7,8.6,6.6,936.3,932.55,278.5
2018-09-04,42.5,16.5,24.2,0.0,18.2,18.2,20.0,1.4,6.9,10.0,936.95,933.65,285.25
2018-09-05,34.0,19.0,22.8,0.0,16.2,16.2,25.0,2.8,10.6,9.9,938.45,935.4,254.0
2018-09-06,26.0,14.0,22.5,0.0,17.0,17.0,4.0,1.4,8.9,6.5,938.25,936.15,299.5
2018-09-07,21.5,15.0,22.6,0.5,16.4,16.4,7.0,2.8,11.9,9.3,939.45,936.3,301.0
2018-09-08,19.5,20.0,19.0,1.8,15.1,15.1,5.0,1.7,8.1,0.7,942.0,939.2,171.5
2018-09-09,15.0,14.0,21.2,0.0,14.5,14.5,11.0,0.8,7.5,7.9,944.1,940.5,147.5
2018-09-10,17.5,17.0,22.4,0.0,16.0,16.0,10.0,1.9,10.0,8.3,946.45,943.45,302.0
2018-09-11,23.5,23.5,23.0,0.0,16.9,16.9,6.0,1.9,8.3,9.5,947.0,942.75,300.0
2018-09-12,26.0,31.0,23.6,0.0,16.7,16.7,4.0,0.6,6.4,9.8,945.8,942.45,302.5
2018-09-13,24.0,23.0,25.4,0.0,17.9,17.9,15.0,0.8,6.1,10.4,943.3,939.55,307.0
2018-09-14,22.0,12.0,25.7,0.0,18.7,18.7,8.0,1.4,6.9,9.5,942.2,938.85,306.25
2018-09-15,15.0,15.5,25.0,0.0,19.5,19.5,11.0,0.8,11.9,10.0,944.05,940.25,177.5
2018-09-16,25.5,21.5,24.1,0.0,17.3,17.3,19.0,0.6,5.6,10.0,944.3,941.0,149.5
2018-09-17,26.5,25.0,24.7,1.2,18.2,18.2,15.0,1.9,9.2,9.7,942.0,936.85,302.0
2018-09-18,26.5,31.0,23.4,0.0,17.5,17.5,26.0,1.4,6.7,6.9,942.05,938.8,299.0
2018-09-19,31.0,31.5,24.2,0.0,17.1,17.1,23.0,0.8,4.7,10.3,944.35,941.7,300.75
2018-09-20,30.0,30.0,25.2,0.0,18.5,18.5,20.0,1.1,6.1,9.6,944.0,939.9,308.0
2018-09-21,26.0,21.5,25.0,0.0,18.5,18.5,7.0,1.4,7.8,9.2,943.8,940.6,314.25
2018-09-22,24.5,21.5,26.2,0.0,19.3,19.3,23.0,1.7,7.8,9.4,945.9,943.7,189.5
2018-09-23,17.5,15.5,26.6,0.0,19.3,19.3,5.0,1.4,8.6,10.3,947.0,943.25,159.0
2018-09-24,21.5,23.0,26.3,0.0,19.4,19.4,24.0,1.9,8.9,10.3,946.8,942.35,302.0
2018-09-25,24.0,12.5,24.0,0.0,16.4,16.4,13.0,1.7,10.0,10.3,946.35,942.2,304.0
2018-09-26,28.0,26.5,22.8,0.5,19.0,19.0,14.0,2.2,8.3,1.7,951.9,946.35,307.5
2018-09-27,30.5,30.5,21.4,0.0,15.5,15.5,11.0,1.1,5.3,10.1,951.9,946.2,309.5
2018-09-28,28.5,26.0,21.9,0.0,15.0,15.0,9.0,1.4,7.8,10.2,946.2,939.8,319.0
2018-09-29,26.5,23.0,22.4,0.0,15.4,15.4,6.0,0.8,5.8,10.5,941.4,937.2,194.5
2018-09-30,19.0,15.5,22.6,0.0,15.1,15.1,6.0,1.7,8.6,9.2,941.3,938.45,158.5
2018-10-01,19.0,23.0,20.2,0.0,14.5,14.5,5.0,3.1,10.0,9.9,944.05,940.5,307.5
2018-10-02,21.5,26.0,17.3,0.0,9.3,9.3,36.0,1.1,8.3,10.5,945.85,942.75,307.25
2018-10-03,24.0,32.0,20.4,0.0,13.4,13.4,6.0,1.4,7.2,10.4,946.65,942.5,308.25
2018-10-04,33.0,37.0,20.2,0.0,14.0,14.0,10.0,1.1,5.3,10.2,943.25,939.3,316.0
2018-10-05,31.5,29.5,20.4,0.0,14.0,14.0,23.0,1.1,6.1,10.4,941.25,937.3,316.5
2018-10-06,21.0,6.5,20.4,0.0,13.0,13.0,23.0,2.5,11.9,9.9,940.25,936.15,200.0
2018-10-07,16.0,17.0,15.4,0.0,11.2,11.2,3.0,3.9,11.4,10.2,941.25,938.3,162.0
2018-10-08,16.0,15.0,13.8,0.0,8.0,8.0,11.0,1.1,7.2,9.5,941.05,936.95,300.0
2018-10-09,17.0,24.0,15.1,2.6,9.8,9.8,10.0,2.5,11.4,7.8,937.85,933.1,309.0
2018-10-10,25.0,24.0,15.8,2.7,11.8,11.8,6.0,0.8,5.6,5.6,933.5,930.9,312.5
2018-10-11,19.0,18.0,17.2,3.4,13.0,13.0,23.0,2.8,8.9,2.1,941.2,933.0,319.0
2018-10-12,21.0,27.0,18.3,0.5,15.0,15.0,23.0,0.8,6.7,3.8,945.8,941.25,147.0
2018-10-13,17.0,11.0,19.6,1.6,14.2,14.2,99.0,0.6,7.2,8.6,943.8,932.0,162.0
2018-10-14,12.0,18.0,14.6,0.0,11.2,11.2,27.0,3.9,12.2,6.2,933.25,928.1,144.5
2018-10-15,20.0,27.0,12.1,0.1,8.2,8.2,27.0,1.4,10.0,2.8,935.25,931.95,300.5
2018-10-16,20.0,24.0,15.4,0.0,10.3,10.3,5.0,0.8,5.8,10.3,939.95,934.9,303.75
2018-10-17,19.0,25.0,16.4,0.0,10.5,10.5,25.0,1.4,7.2,10.6,940.3,934.75,304.0
2018-10-18,13.0,21.0,17.0,8.8,13.2,13.2,4.0,2.8,11.4,1.1,934.65,932.35,312.0
2018-10-19,13.0,15.0,15.1,5.3,12.2,12.2,99.0,3.6,11.4,1.7,939.35,933.15,322.0
2018-10-20,20.0,16.0,17.2,3.3,13.3,13.3,8.0,3.1,9.7,5.3,943.8,938.85,202.0
2018-10-21,31.0,32.0,17.8,0.0,14.3,14.3,6.0,2.8,7.8,7.9,944.4,941.6,161.0
2018-10-22,31.0,31.0,17.0,0.0,11.7,11.7,5.0,0.8,9.2,9.5,946.0,942.9,302.0
2018-10-23,42.0,44.0,17.0,0.0,12.2,12.2,4.0,1.4,7.5,8.5,948.65,945.95,306.0
2018-10-24,43.0,42.0,16.2,0.0,10.5,10.5,21.0,0.6,5.0,10.3,947.95,943.75,307.0
2018-10-25,39.0,42.0,16.6,0.0,10.1,10.1,23.0,0.8,6.1,9.9,943.65,939.25,309.25
2018-10-26,26.0,22.0,14.2,1.2,11.2,11.2,23.0,1.1,4.7,0.4,939.6,934.3,322.0
2018-10-27,12.0,13.0,8.8,4.2,4.3,4.3,4.0,1.9,11.1,0.9,934.3,924.7,206.25
2018-10-28,9.0,14.0,6.4,0.0,2.3,2.3,7.0,2.5,11.1,7.8,927.2,923.45,162.0
2018-10-29,11.0,20.0,7.0,0.7,3.5,3.5,31.0,4.7,13.3,8.0,927.7,925.6,312.5
2018-10-30,12.0,18.0,7.5,14.0,5.5,5.5,17.0,3.1,10.3,0.0,927.0,922.2,321.5
2018-10-31,19.0,22.0,8.9,0.3,5.8,5.8,24.0,2.8,10.3,3.1,930.35,923.35,332.5
2018-11-01,14.0,15.0,9.2,0.0,4.0,4.0,23.0,0.8,5.8,9.6,941.7,930.35,157.75
2018-11-02,16.0,27.0,13.8,0.0,8.7,8.7,29.0,2.2,10.8,8.9,945.7,939.85,242.0
2018-11-03,22.0,22.0,10.6,0.0,5.2,5.2,13.0,0.8,5.3,9.8,945.55,939.95,180.0
2018-11-04,14.0,18.0,10.0,16.2,4.0,4.0,24.0,0.8,9.7,8.8,939.9,928.7,150.0
2018-11-05,12.0,16.0,8.2,2.5,6.3,6.3,28.0,3.1,11.1,2.5,930.5,923.5,304.0
2018-11-06,14.0,23.0,8.8,0.7,5.3,5.3,26.0,3.1,11.7,5.5,936.0,930.2,309.0
2018-11-07,19.0,27.0,11.2,4.2,7.5,7.5,23.0,1.9,8.3,3.5,940.35,933.9,312.25
2018-11-08,13.0,11.0,9.1,3.5,5.6,5.6,23.0,1.1,12.2,1.5,940.25,934.7,323.0
2018-11-09,10.0,12.0,9.1,0.0,5.4,5.4,28.0,4.4,11.4,8.2,941.9,936.85,168.5
2018-11-10,12.0,14.0,11.6,0.9,9.4,9.4,23.0,3.6,15.6,0.8,939.2,935.25,143.75
2018-11-11,17.0,28.0,14.2,0.0,11.5,11.5,24.0,2.8,9.2,3.9,937.9,933.75,138.0
2018-11-12,22.0,25.0,11.7,2.0,9.7,9.7,22.0,0.8,7.5,0.1,942.3,934.5,303.0
2018-11-13,33.0,23.0,13.0,0.0,9.0,9.0,11.0,1.4,5.8,8.4,946.45,942.05,305.5
2018-11-14,25.0,22.0,13.0,0.1,9.2,9.2,7.0,1.9,7.2,5.6,946.6,940.8,325.5
2018-11-15,24.0,22.0,14.2,0.9,11.8,11.8,12.0,1.7,8.3,4.0,941.3,938.95,300.0
2018-11-16,20.0,15.0,14.0,1.2,12.0,12.0,11.0,1.4,7.2,1.9,941.6,939.05,318.75
2018-11-17,17.0,13.0,14.0,0.0,11.0,11.0,12.0,2.2,6.7,5.6,939.5,933.05,207.0
2018-11-18,13.0,17.0,11.0,12.1,9.3,9.3,11.0,2.8,9.7,0.1,932.95,926.35,159.0
2018-11-19,11.0,17.0,11.2,2.1,8.5,8.5,5.0,2.2,8.9,1.8,926.15,923.9,298.0
2018-11-20,13.0,20.0,10.1,5.3,7.8,7.8,24.0,2.8,13.9,1.9,928.3,922.55,303.0
2018-11-21,18.0,25.0,9.2,0.3,6.7,6.7,23.0,2.2,11.7,5.5,937.0,928.4,309.0
2018-11-22,15.0,22.0,8.4,3.3,4.8,4.8,20.0,1.1,5.3,1.4,938.45,934.9,311.75
2018-11-23,21.0,26.0,8.4,0.0,4.3,4.3,24.0,1.7,9.7,7.7,938.8,934.35,322.25
2018-11-24,18.0,15.0,5.8,1.6,2.0,2.0,24.0,1.1,4.4,1.8,939.85,935.05,208.0
2018-11-25,11.0,15.0,10.3,4.9,6.6,6.6,26.0,3.3,12.5,2.3,934.75,928.1,162.0
2018-11-26,19.0,29.0,9.5,0.0,7.0,7.0,30.0,3.1,17.2,8.3,943.9,928.2,300.0
2018-11-27,37.0,37.0,8.1,0.0,3.8,3.8,23.0,0.8,6.1,7.9,945.2,943.5,307.0
2018-11-28,41.0,33.0,6.8,0.0,1.0,1.0,20.0,0.3,4.2,6.5,946.6,944.05,307.0
2018-11-29,30.0,28.0,6.6,3.3,1.2,1.2,27.0,0.8,5.6,5.5,943.9,939.9,318.0
2018-11-30,24.0,30.0,7.8,0.0,3.9,3.9,27.0,0.6,4.4,6.6,945.85,939.3,326.5
2018-12-01,29.0,25.0,6.6,0.0,1.8,1.8,24.0,0.6,4.7,3.7,945.8,943.4,215.5
2018-12-02,38.0,26.0,6.5,0.0,3.0,3.0,23.0,0.3,3.6,2.3,946.85,944.7,157.0
2018-12-03,41.0,35.0,7.2,0.0,5.4,5.4,33.0,0.8,3.1,1.0,946.95,945.35,304.5
2018-12-04,43.0,39.0,9.7,0.0,2.3,2.3,35.0,0.6,3.3,8.7,947.2,945.15,312.75
2018-12-05,44.0,31.0,11.4,0.0,5.6,5.6,18.0,0.8,4.2,8.9,948.15,946.05,321.5
2018-12-06,31.0,25.0,10.5,0.0,5.0,5.0,16.0,0.6,4.2,8.8,950.85,948.55,152.5
2018-12-07,25.0,26.0,7.4,0.0,2.8,2.8,29.0,1.1,12.2,8.4,950.0,947.1,240.0
2018-12-08,37.0,35.0,9.8,0.0,4.8,4.8,31.0,0.8,10.3,6.9,951.3,948.0,153.5
2018-12-09,44.5,46.5,9.5,0.0,3.0,3.0,24.0,0.6,3.1,8.6,952.55,950.25,145.0
2018-12-10,41.5,34.5,9.0,0.0,3.8,3.8,29.0,1.1,3.6,7.4,952.0,946.95,305.25
2018-12-11,36.0,27.0,8.2,0.0,3.0,3.0,24.0,0.8,4.2,5.9,946.85,942.75,309.0
2018-12-12,23.0,16.5,5.6,3.8,2.6,2.6,23.0,0.8,7.2,0.0,944.1,938.0,305.25
2018-12-13,11.0,20.0,6.2,5.2,4.0,4.0,31.0,3.1,15.6,2.2,938.25,929.65,320.0
2018-12-14,20.0,26.5,6.8,0.0,3.0,3.0,30.0,2.5,9.7,8.7,946.25,936.7,335.25
2018-12-15,14.0,14.0,5.2,0.15000000000000002,1.2,1.2,24.0,1.4,7.2,2.6,948.35,944.4,265.0
2018-12-16,20.5,29.0,8.7,0.2,3.9,3.9,24.0,3.9,12.5,3.0,947.6,940.5,214.5
2018-12-17,27.0,31.5,5.8,0.0,2.0,2.0,31.0,1.7,7.2,7.4,951.15,948.15,338.0
2018-12-18,25.0,24.5,4.6,0.9,1.2,1.2,6.0,0.6,4.2,1.4,948.8,942.5,318.0
2018-12-19,17.5,22.5,7.2,0.0,4.3,4.3,24.0,1.9,6.4,6.0,945.85,941.7,327.5
2018-12-20,19.0,22.5,8.1,0.0,4.9,4.9,24.0,1.4,5.0,2.8,950.8,944.3,334.0
2018-12-21,26.0,21.5,6.8,0.0,5.3,5.3,29.0,1.1,4.2,0.0,953.85,950.7,332.75
2018-12-22,25.5,18.5,7.3,0.0,6.1,6.1,6.0,0.8,4.2,0.0,954.45,952.5,199.5
2018-12-23,30.5,29.5,7.0,0.0,2.7,2.7,12.0,0.6,4.2,4.5,953.4,950.7,160.0
2018-12-24,22.0,25.0,8.2,0.0,1.5,1.5,6.0,0.6,3.6,6.4,956.1,948.4,187.25
2018-12-25,24.5,32.0,9.3,0.0,3.8,3.8,26.0,1.1,4.2,6.9,949.9,947.4,131.5
2018-12-26,38.5,34.0,8.4,0.0,3.5,3.5,11.0,0.6,3.1,8.8,950.4,948.0,257.0
2018-12-27,39.5,27.5,6.2,0.0,1.5,1.5,25.0,0.6,3.3,8.5,948.9,946.7,262.0
2018-12-28,23.5,19.5,7.1,0.0,1.5,1.5,10.0,1.4,6.7,8.7,949.7,947.1,261.0
2018-12-29,18.0,23.5,7.8,0.0,2.5,2.5,4.0,1.7,7.8,8.7,950.2,948.7,174.5
2018-12-30,11.0,17.0,8.3,0.0,1.2,1.2,5.0,1.1,7.5,9.0,951.4,948.75,148.5
2018-12-31,30.0,32.0,7.0,0.0,0.4,0.4,24.0,0.6,4.2,9.0,952.8,950.35,176.5
2019-01-01,35.0,39.0,6.6,0.0,0.0,0.0,9.0,0.3,3.6,9.0,952.55,950.4,123.5
2019-01-02,23.0,30.0,6.0,0.0,-0.5,-0.5,7.0,0.6,7.8,9.1,951.15,946.95,244.0
2019-01-03,32.5,37.5,7.0,0.0,1.1,1.1,8.0,0.8,6.7,7.7,949.95,947.7,261.5
2019-01-04,34.5,37.0,5.9,0.0,-0.3,-0.3,28.0,0.3,3.6,9.1,951.85,948.65,273.0
2019-01-05,34.0,42.0,5.4,0.0,-1.0,-1.0,26.0,0.6,3.1,9.0,954.1,951.45,186.0
2019-01-06,22.5,39.5,6.6,0.0,-2.0,-2.0,29.0,1.1,3.3,9.1,952.05,949.0,145.0
2019-01-07,27.5,36.5,7.1,0.0,0.4,0.4,10.0,0.6,5.0,9.2,950.35,947.8,146.0
2019-01-08,22.0,31.5,7.1,0.0,0.4,0.4,32.0,0.8,4.4,9.2,951.3,946.5,297.0
2019-01-09,11.0,20.0,7.6,0.0,1.5,1.5,3.0,1.4,7.8,9.2,946.7,940.1,296.0
2019-01-10,22.0,35.0,4.6,0.0,-0.8,-0.8,6.0,2.2,8.3,9.0,943.75,939.2,302.0
2019-01-11,24.5,31.0,2.6,0.0,-3.4,-3.4,24.0,0.6,4.7,9.3,948.4,943.5,309.25
2019-01-12,27.0,30.5,4.4,0.0,-1.8,-1.8,11.0,1.4,4.7,8.9,950.55,947.95,198.0
2019-01-13,51.5,54.5,5.0,0.0,-2.0,-2.0,27.0,0.8,3.6,8.8,949.2,945.05,150.0
2019-01-14,49.5,40.0,6.8,0.0,-0.2,-0.2,24.0,0.6,3.9,9.2,946.1,942.25,273.0
2019-01-15,39.5,29.5,7.6,0.0,1.5,1.5,51.0,1.4,5.15,9.0,943.25,940.25,298.0
2019-01-16,42.5,28.0,5.2,0.0,0.0,0.0,25.0,1.1,7.2,8.3,940.95,937.95,279.0
2019-01-17,35.5,28.0,5.0,0.0,1.9,1.9,8.0,0.8,4.2,0.1,941.65,938.25,294.5
2019-01-18,26.5,25.5,3.6,0.0,-1.5,-1.5,27.0,1.1,6.1,2.1,941.55,938.5,309.0
2019-01-19,17.5,16.0,1.6,5.9,-1.8,-1.8,24.0,0.8,5.3,0.0,938.8,930.65,195.0
2019-01-20,13.5,24.0,6.5,0.0,2.4,2.4,5.0,2.2,10.0,6.0,940.1,929.35,148.0
2019-01-21,16.5,24.5,5.4,0.0,0.0,0.0,5.0,2.5,9.4,8.9,942.55,939.75,270.5
2019-01-22,10.0,10.5,4.4,0.4,-0.5,-0.5,28.0,2.5,12.8,1.6,942.85,933.55,274.75
2019-01-23,12.0,19.0,9.5,0.0,5.5,5.5,30.0,6.1,19.2,6.0,933.1,928.4,277.0
2019-01-24,12.5,27.5,12.1,0.0,7.6,7.6,31.0,3.1,12.8,7.0,937.55,929.55,279.0
2019-01-25,16.0,25.0,10.2,0.0,4.8,4.8,4.0,2.8,10.0,9.7,942.25,937.3,286.5
2019-01-26,10.0,11.0,7.4,0.0,1.2,1.2,24.0,1.1,5.0,9.7,942.75,937.7,185.0
2019-01-27,8.5,11.5,7.4,0.0,2.4,2.4,30.0,3.6,14.7,9.2,938.95,934.75,141.25
2019-01-28,10.5,15.0,8.4,0.0,3.1,3.1,29.0,5.3,18.6,9.0,939.35,935.55,268.0
2019-01-29,10.5,13.5,7.7,0.0,3.8,3.8,29.0,3.9,15.6,3.6,938.8,931.9,275.0
2019-01-30,8.0,10.0,7.2,4.1,3.2,3.2,30.0,3.3,13.9,6.2,934.95,927.2,278.5
2019-01-31,7.0,12.5,10.0,7.2,6.7,6.7,23.0,6.4,17.8,2.8,927.45,919.65,284.0
2019-02-01,6.0,8.0,6.6,0.7,3.8,3.8,25.0,5.0,19.7,4.8,921.05,914.75,295.25
2019-02-02,7.5,14.0,5.0,0.0,1.6,1.6,30.0,4.7,18.1,9.2,939.85,920.4,187.5
2019-02-03,23.5,37.5,4.0,0.0,-2.0,-2.0,24.0,1.4,9.2,9.8,948.95,940.45,146.0
2019-02-04,37.0,41.0,4.6,0.0,-2.8,-2.8,24.0,1.1,4.2,9.3,950.0,947.8,273.0
2019-02-05,29.0,29.5,8.1,0.0,1.0,1.0,25.0,0.8,5.0,9.9,950.55,947.75,278.0
2019-02-06,34.0,33.0,9.3,0.0,3.0,3.0,24.0,1.7,6.4,9.2,948.4,943.95,295.5
2019-02-07,31.5,27.5,9.0,0.0,2.0,2.0,24.0,1.1,5.0,9.3,945.1,942.05,300.0
2019-02-08,26.5,24.0,8.4,0.0,1.7,1.7,24.0,1.1,7.8,9.6,944.55,941.55,311.0
2019-02-09,17.5,10.5,6.8,0.0,1.0,1.0,24.0,1.7,6.1,5.3,945.05,941.95,190.5
2019-02-10,12.0,16.0,7.8,0.0,3.7,3.7,24.0,2.5,11.1,4.0,944.95,941.85,153.0
2019-02-11,15.5,23.0,9.4,0.0,4.4,4.4,29.0,1.9,8.9,9.8,951.05,944.55,292.0
2019-02-12,26.0,29.5,8.0,0.0,2.0,2.0,5.0,1.1,7.2,10.1,952.55,950.1,295.0
2019-02-13,27.5,28.5,9.1,0.0,2.3,2.3,11.0,0.6,4.7,10.3,951.4,948.85,298.5
2019-02-14,32.5,35.0,8.0,0.0,1.8,1.8,12.0,0.8,5.0,10.3,952.65,948.85,309.0
2019-02-15,31.5,20.0,9.0,0.0,2.0,2.0,10.0,0.8,4.4,10.1,949.55,945.7,307.0
2019-02-16,17.5,17.5,11.0,0.0,4.9,4.9,12.0,2.8,8.6,10.1,948.25,944.7,198.0
2019-02-17,24.5,22.5,9.5,0.0,3.7,3.7,8.0,1.7,6.7,10.4,946.85,939.85,157.0
2019-02-18,36.0,26.5,9.4,0.0,4.2,4.2,10.0,1.7,5.6,7.7,941.6,938.4,289.5
2019-02-19,42.0,32.0,9.7,0.0,4.5,4.5,26.0,1.1,5.0,9.4,941.95,939.45,293.0
2019-02-20,46.0,28.5,9.2,0.0,3.1,3.1,24.0,1.1,6.1,9.6,946.35,941.85,293.5
2019-02-21,41.5,36.5,10.5,0.0,3.5,3.5,14.0,1.1,5.3,9.9,951.9,946.15,295.0
2019-02-22,35.5,34.0,11.0,0.0,3.5,3.5,24.0,0.8,5.8,10.2,952.75,949.4,307.5
2019-02-23,35.5,24.0,10.8,0.0,2.5,2.5,9.0,0.8,4.7,7.9,951.3,947.6,196.0
2019-02-24,34.5,39.5,12.3,0.0,5.4,5.4,4.0,0.8,5.3,9.9,952.95,948.9,153.0
2019-02-25,37.0,30.5,12.2,0.0,5.0,5.0,22.0,1.4,4.7,10.5,953.2,948.6,291.0
2019-02-26,25.0,33.0,12.8,0.0,5.0,5.0,18.0,1.4,6.9,10.6,951.1,948.75,299.5
2019-02-27,27.5,38.5,12.8,0.0,5.0,5.0,26.0,1.4,6.1,10.1,950.15,947.55,302.0
2019-02-28,30.0,25.5,11.8,0.0,4.3,4.3,28.0,0.8,5.0,7.3,950.4,946.7,310.5
2019-03-01,26.0,24.0,12.6,0.0,5.5,5.5,22.0,1.7,7.2,10.4,946.45,942.95,296.0
2019-03-02,21.5,21.0,13.5,0.0,6.0,6.0,23.0,1.9,5.8,10.5,947.5,944.85,183.0
2019-03-03,14.5,11.5,13.0,0.0,5.0,5.0,24.0,1.9,10.8,8.6,945.9,940.9,153.0
2019-03-04,13.5,12.5,12.0,0.0,8.4,8.4,25.0,3.6,12.8,5.8,941.45,939.35,272.0
2019-03-05,13.5,14.5,11.6,0.0,7.6,7.6,23.0,3.3,11.9,6.9,940.05,933.35,300.0
2019-03-06,9.0,15.5,9.4,7.0,5.3,5.3,24.0,4.2,18.1,2.9,934.8,925.55,302.0
2019-03-07,13.5,21.5,7.4,0.0,2.1,2.1,24.0,2.5,9.4,9.8,939.2,934.75,303.75
2019-03-08,14.5,21.5,10.2,0.0,4.6,4.6,17.0,0.8,5.6,8.3,949.1,938.85,303.5
2019-03-09,19.5,20.0,11.5,0.0,4.5,4.5,24.0,0.8,4.7,9.9,953.45,949.45,198.75
2019-03-10,15.0,19.0,14.3,0.0,5.4,5.4,30.0,1.7,8.9,10.4,952.0,947.8,158.0
2019-03-11,14.5,20.0,14.6,0.0,8.8,8.8,6.0,1.9,8.6,10.2,951.2,948.65,291.0
2019-03-12,13.5,13.0,13.8,0.0,5.7,5.7,24.0,2.8,10.0,10.0,949.9,943.6,296.0
2019-03-13,11.0,21.0,10.5,0.0,5.3,5.3,29.0,3.3,11.1,10.3,950.65,943.65,297.5
2019-03-14,17.5,33.0,10.6,0.0,2.5,2.5,21.0,1.1,6.7,10.3,951.45,947.25,302.5
2019-03-15,23.0,21.5,14.1,0.0,4.5,4.5,24.0,1.1,5.3,11.0,949.0,945.3,309.0
2019-03-16,18.5,14.5,16.0,0.0,7.0,7.0,24.0,1.9,8.6,10.5,946.0,939.0,198.0
2019-03-17,17.0,10.5,13.8,0.0,7.4,7.4,29.0,3.3,12.5,10.0,942.1,938.25,156.0
2019-03-18,10.0,12.5,9.9,0.0,3.8,3.8,7.0,2.5,11.4,10.6,946.1,942.95,293.0
2019-03-19,9.5,13.0,11.2,0.0,6.3,6.3,6.0,2.8,10.8,10.0,947.75,943.8,302.0
2019-03-20,12.5,19.5,9.9,0.0,5.0,5.0,7.0,2.5,11.4,10.7,948.7,945.25,297.25
2019-03-21,19.5,21.5,9.7,0.0,3.6,3.6,8.0,0.6,7.2,10.8,949.0,945.3,303.0
2019-03-22,21.5,15.5,11.0,0.0,3.3,3.3,9.0,1.4,8.3,10.5,948.75,945.0,285.0
2019-03-23,20.5,11.0,13.4,0.0,6.2,6.2,9.0,2.5,9.7,7.7,947.85,943.0,193.5
2019-03-24,18.0,15.0,15.0,0.0,8.3,8.3,11.0,2.2,8.6,8.7,945.9,941.75,157.0
2019-03-25,16.0,12.0,15.0,0.0,8.2,8.2,7.0,2.5,13.1,11.0,943.95,938.65,288.0
2019-03-26,15.5,24.5,14.2,0.0,6.0,6.0,5.0,5.0,14.7,10.4,943.45,938.0,294.5
2019-03-27,19.0,20.5,11.8,0.0,5.0,5.0,5.0,1.1,8.9,11.0,946.25,942.55,299.5
2019-03-28,21.5,16.0,12.4,0.0,5.7,5.7,14.0,1.4,6.1,10.7,948.1,943.85,298.5
2019-03-29,18.5,13.0,12.1,0.0,6.0,6.0,12.0,2.8,9.2,10.4,946.35,941.75,312.5
2019-03-30,20.0,12.0,12.3,0.0,5.6,5.6,10.0,1.4,6.9,10.4,943.7,937.5,198.5
2019-03-31,12.0,17.0,10.6,0.7,8.6,8.6,12.0,2.2,5.6,0.6,938.1,934.3,158.0
2019-04-01,15.0,21.0,13.0,0.0,8.2,8.2,23.0,1.4,5.3,2.6,937.15,934.5,292.0
2019-04-02,15.5,17.0,13.2,2.0,7.4,7.4,26.0,1.7,10.0,4.3,937.3,933.2,203.5
2019-04-03,12.0,16.5,10.8,0.0,6.5,6.5,34.0,3.6,12.5,9.4,933.25,926.1,305.25
2019-04-04,10.5,17.5,8.0,1.3,1.0,1.0,25.0,2.2,11.4,10.1,927.75,922.4,303.5
2019-04-05,6.0,9.0,7.2,3.0,4.4,4.4,25.0,2.5,18.6,1.7,924.55,920.0,310.5
2019-04-06,6.0,9.0,7.5,2.0,2.4,2.4,24.0,3.6,15.6,4.2,928.55,923.1,199.5
2019-04-07,7.5,14.0,8.6,2.7,3.0,3.0,27.0,2.5,10.8,4.6,935.75,927.6,160.0
2019-04-08,9.0,12.5,11.9,0.3,6.8,6.8,26.0,3.6,12.5,7.1,935.25,932.65,294.0
2019-04-09,7.0,13.5,9.6,1.0,5.0,5.0,28.0,4.4,13.3,3.8,936.05,932.6,298.5
2019-04-10,9.5,18.5,11.1,0.0,6.5,6.5,28.0,4.2,12.2,7.8,938.7,934.65,302.0
2019-04-11,11.5,21.0,10.4,0.0,3.8,3.8,99.0,1.9,8.3,10.0,940.65,938.55,311.25
2019-04-12,16.0,21.0,11.6,0.0,4.0,4.0,28.0,1.7,7.2,11.4,940.95,937.65,291.0
2019-04-13,14.0,12.5,13.6,0.0,5.0,5.0,24.0,1.4,6.4,12.0,941.45,938.35,178.5
2019-04-14,15.5,14.5,17.0,0.0,10.0,10.0,23.0,1.4,10.3,10.9,939.6,936.05,142.0
2019-04-15,14.5,15.0,18.0,0.0,10.8,10.8,24.0,3.3,15.3,8.0,938.6,932.35,244.0
2019-04-16,17.5,9.0,14.8,0.0,7.2,7.2,13.0,0.8,11.1,11.8,940.75,936.2,243.0
2019-04-17,18.0,8.0,17.0,15.5,10.1,10.1,24.0,2.5,11.7,7.4,936.95,930.45,232.0
2019-04-18,5.5,9.0,11.0,7.7,9.1,9.1,10.0,1.7,7.8,0.0,935.6,933.0,110.5
2019-04-19,10.0,6.0,10.4,6.7,9.2,9.2,4.0,2.2,8.3,0.0,941.45,934.35,103.5
2019-04-20,11.5,6.5,14.7,0.0,9.4,9.4,4.0,5.3,15.0,4.0,940.7,937.2,125.0
2019-04-21,13.0,13.5,11.0,0.0,8.7,8.7,4.0,3.9,12.5,0.6,939.5,930.4,125.0
2019-04-22,14.5,14.5,13.1,0.8,7.5,7.5,22.0,1.9,8.3,8.4,928.1,921.0,270.0
2019-04-23,6.5,16.5,9.8,2.3,5.1,5.1,21.0,3.9,16.4,5.0,926.1,918.95,291.5
2019-04-24,7.5,10.5,8.0,27.9,4.5,4.5,24.0,3.1,17.8,0.0,928.4,925.5,296.0
2019-04-25,9.0,13.5,10.1,0.0,6.4,6.4,24.0,5.8,17.8,10.5,940.6,927.7,304.5
2019-04-26,12.0,23.5,12.6,0.0,6.5,6.5,24.0,2.8,9.2,12.5,946.95,940.9,312.75
2019-04-27,13.5,13.0,13.9,0.0,6.3,6.3,6.0,0.8,7.2,12.7,948.4,944.8,203.25
2019-04-28,11.0,16.0,17.5,0.0,10.7,10.7,6.0,1.7,8.1,12.7,945.8,939.95,168.0
2019-04-29,13.0,15.5,19.2,0.0,12.5,12.5,16.0,2.2,7.5,12.8,940.95,937.0,297.25
2019-04-30,13.5,7.5,19.4,0.0,12.6,12.6,8.0,1.7,8.3,12.4,939.15,935.2,314.0
2019-05-01,9.5,7.5,19.2,0.0,12.6,12.6,9.0,1.9,11.7,9.1,936.3,932.8,132.0
2019-05-02,11.5,10.0,19.2,0.0,13.0,13.0,12.0,1.9,7.2,11.8,936.55,932.35,135.0
2019-05-03,8.5,7.0,15.8,0.0,10.1,10.1,7.0,3.3,12.2,11.8,936.35,932.4,225.0
2019-05-04,8.0,7.5,14.8,0.0,6.4,6.4,25.0,1.9,9.2,13.0,937.1,934.4,161.25
2019-05-05,10.5,18.5,16.0,0.0,8.7,8.7,9.0,2.5,9.7,12.9,939.1,936.55,158.0
2019-05-06,16.0,11.0,17.0,0.0,9.0,9.0,25.0,1.9,9.2,13.0,940.55,937.65,271.5
2019-05-07,13.0,7.0,17.6,0.0,10.8,10.8,26.0,3.3,14.2,10.0,939.55,936.35,308.0
2019-05-08,11.5,10.5,16.0,0.0,12.0,12.0,23.0,6.9,18.3,5.2,935.95,932.85,304.5
2019-05-09,10.0,8.0,16.0,0.0,9.0,9.0,25.0,3.3,16.1,11.9,937.3,934.5,308.0
2019-05-10,12.5,11.0,19.9,0.0,14.75,14.75,62.5,3.3,11.4,12.4,939.85,936.3,317.0
2019-05-11,11.0,8.0,20.05,0.0,12.65,12.65,6.0,2.2,12.8,13.1,944.9,939.9,203.75
2019-05-12,10.0,17.0,18.8,0.0,10.3,10.3,6.0,1.7,11.4,13.0,947.5,942.45,166.5
2019-05-13,13.5,16.5,21.35,0.0,12.1,12.1,7.0,1.7,8.9,13.2,943.35,937.7,292.25
2019-05-14,19.0,20.5,21.1,0.0,13.3,13.3,10.0,1.9,6.7,13.1,941.3,935.7,311.0
2019-05-15,16.0,13.0,23.7,0.0,14.4,14.4,31.0,1.7,9.4,12.7,935.85,932.2,168.25
2019-05-16,19.0,10.0,20.35,0.5,10.7,10.7,29.0,2.8,18.1,12.5,933.85,925.9,303.25
2019-05-17,7.5,6.5,14.3,0.0,9.8,9.8,28.0,4.7,14.4,7.8,933.1,929.15,306.0
2019-05-18,6.0,8.0,13.3,0.0,8.0,8.0,28.0,2.2,9.7,10.8,933.05,931.4,190.25
2019-05-19,8.5,14.0,15.3,0.0,9.6,9.6,26.0,1.4,9.2,12.6,934.85,932.45,159.0
2019-05-20,11.0,17.0,15.55,0.0,9.2,9.2,6.0,1.9,7.5,9.4,935.65,933.7,291.25
2019-05-21,13.5,15.0,19.65,0.0,13.25,13.25,3.0,2.2,8.6,9.2,938.55,934.8,296.5
2019-05-22,20.5,21.0,20.85,0.0,13.35,13.35,7.0,1.1,7.8,12.9,940.0,937.4,297.0
2019-05-23,18.0,9.5,21.700000000000006,0.0,14.75,14.75,25.0,2.8,10.8,11.0,939.7,935.7,303.5
2019-05-24,10.0,5.5,19.3,0.0,13.55,13.55,6.0,4.4,12.5,13.0,940.05,935.4,311.0
2019-05-25,8.0,6.5,17.95,0.0,10.55,10.55,6.0,2.5,10.3,13.4,941.65,939.05,195.0
2019-05-26,9.5,14.5,19.1,0.0,10.65,10.65,99.0,2.2,9.7,13.3,941.85,937.1,169.0
2019-05-27,11.0,8.5,21.35,0.0,13.6,13.6,27.0,1.9,10.8,12.7,938.0,933.75,291.5
2019-05-28,10.5,8.5,20.3,0.0,13.45,13.45,5.0,3.1,11.9,12.9,942.3,936.15,299.5
2019-05-29,10.0,11.5,18.8,0.0,10.75,10.75,6.0,2.8,10.8,13.3,945.8,942.2,300.0
2019-05-30,12.0,15.5,22.0,0.0,13.5,13.5,5.0,2.2,9.4,13.4,946.65,942.8,300.0
2019-05-31,18.0,12.5,24.5,0.0,17.0,17.0,10.0,1.7,7.2,13.5,945.75,941.3,304.5
2019-06-01,17.5,11.0,25.3,0.0,17.35,17.35,16.0,1.7,5.8,13.4,944.05,938.65,191.0
2019-06-02,20.5,19.5,26.4,0.0,18.4,18.4,25.0,2.2,8.6,11.9,941.9,937.55,162.0
2019-06-03,22.0,11.0,26.4,0.0,19.700000000000006,19.700000000000006,22.0,3.1,14.4,12.8,939.6,935.3,294.0
2019-06-04,16.0,8.0,23.7,0.0,18.55,18.55,24.0,4.7,13.3,12.9,935.45,930.95,297.5
2019-06-05,12.5,12.0,17.1,0.0,12.25,12.25,29.0,5.0,13.6,12.8,936.2,930.6,302.0
2019-06-06,14.5,10.5,17.35,1.1,10.5,10.5,22.0,3.1,14.2,13.2,935.85,930.35,304.0
2019-06-07,10.5,8.0,15.55,0.0,9.1,9.1,25.0,3.1,13.6,13.3,941.2,931.3,305.75
2019-06-08,19.0,7.5,20.85,0.0,12.2,12.2,17.0,3.1,10.8,10.2,942.6,937.35,188.0
2019-06-09,13.5,13.0,20.7,0.0,14.0,14.0,23.0,2.8,13.3,13.0,939.3,935.85,157.0
2019-06-10,12.5,9.5,20.05,0.0,13.85,13.85,29.0,2.2,9.2,13.3,938.9,934.4,294.0
2019-06-11,9.5,13.5,17.5,0.0,13.5,13.5,9.0,3.6,10.8,8.6,936.35,932.8,293.5
2019-06-12,16.0,14.0,17.45,0.0,9.75,9.75,23.0,1.7,9.4,13.5,936.45,931.45,300.0
2019-06-13,19.0,14.0,21.25,0.0,13.85,13.85,25.0,2.8,9.4,13.0,934.1,930.35,304.0
2019-06-14,15.5,8.0,19.8,0.0,14.45,14.45,23.0,3.9,13.1,13.0,938.65,932.25,297.0
2019-06-15,14.0,14.0,18.6,0.0,11.65,11.65,21.0,1.4,6.1,13.3,941.35,938.7,188.0
2019-06-16,19.0,19.0,21.700000000000006,0.0,14.25,14.25,24.0,2.5,7.8,10.8,941.5,938.0,155.0
2019-06-17,20.0,15.0,23.65,0.0,15.6,15.6,20.0,1.7,8.6,12.4,940.0,935.45,291.0
2019-06-18,18.0,9.5,25.2,0.0,19.5,19.5,26.0,3.6,12.5,13.4,937.35,935.15,297.25
2019-06-19,16.5,12.0,22.05,0.0,16.85,16.85,22.0,3.6,11.4,12.9,938.05,936.0,294.75
2019-06-20,15.5,11.0,22.65,0.0,16.55,16.55,24.0,2.5,10.3,11.0,937.05,933.9,301.5
2019-06-21,14.0,10.5,23.700000000000006,0.0,17.85,17.85,4.0,2.8,9.7,12.7,938.55,935.4,299.25
2019-06-22,22.0,16.0,24.15,0.0,16.9,16.9,7.0,2.8,9.2,11.8,939.65,934.45,178.5
2019-06-23,24.5,13.0,26.0,0.0,18.5,18.5,22.0,2.5,8.1,10.6,937.4,933.7,161.0
2019-06-24,23.5,15.0,26.9,0.0,21.15,21.15,18.0,2.2,8.9,8.0,937.4,934.5,279.25
2019-06-25,31.5,14.5,26.700000000000006,0.0,18.700000000000006,18.700000000000006,19.0,1.9,9.4,13.3,939.45,935.8,291.0
2019-06-26,44.0,13.0,28.65,0.0,21.75,21.75,14.0,1.9,11.7,13.2,940.0,936.85,292.0
2019-06-27,43.0,14.5,30.65,0.0,22.6,22.6,13.0,4.2,14.4,12.5,940.75,936.75,294.5
2019-06-28,27.0,12.0,32.2,0.0,23.75,23.75,11.0,3.6,10.6,12.7,941.8,936.8,288.0
2019-06-29,29.5,11.0,32.1,0.0,24.35,24.35,12.0,1.9,8.1,13.0,939.5,935.9,173.5
2019-06-30,32.0,15.0,31.6,0.0,25.0,25.0,27.0,1.7,8.3,13.0,940.45,937.5,155.5
2019-07-01,28.5,13.5,29.6,0.0,23.3,23.3,7.0,2.5,12.8,12.1,939.6,936.1,285.0
2019-07-02,26.5,11.0,28.7,0.7,22.4,22.4,9.0,1.1,10.0,13.1,939.15,934.05,284.5
2019-07-03,27.0,9.5,28.6,0.0,21.9,21.9,13.0,2.5,12.8,12.6,937.65,933.85,285.0
2019-07-04,30.0,14.5,27.9,0.0,22.3,22.3,14.0,2.5,10.8,11.5,939.0,935.3,285.0
2019-07-05,22.0,12.5,27.2,0.0,20.5,20.5,22.0,1.9,9.4,13.1,940.5,937.05,270.75
2019-07-06,18.0,10.5,26.6,0.0,19.0,19.0,26.0,2.2,11.4,13.5,939.15,935.05,158.5
2019-07-07,20.5,11.5,26.7,0.0,19.5,19.5,22.0,1.4,7.8,13.3,938.05,932.45,142.5
2019-07-08,17.5,11.5,24.4,0.8,17.6,17.6,28.0,2.2,13.3,12.4,936.7,932.25,276.0
2019-07-09,14.5,14.0,22.8,0.0,16.0,16.0,7.0,2.2,8.9,10.5,939.25,935.5,273.75
2019-07-10,21.0,25.5,25.0,0.0,17.3,17.3,5.0,1.1,7.8,12.9,939.85,936.25,276.0
2019-07-11,28.5,22.0,28.9,0.0,20.4,20.4,22.0,1.7,7.5,13.0,939.15,936.2,283.25
2019-07-12,46.0,14.5,30.9,0.0,22.6,22.6,27.0,1.7,8.6,9.4,939.55,937.0,280.0
2019-07-13,38.5,6.0,29.1,1.2,23.2,23.2,26.0,3.3,12.5,10.6,938.7,933.2,152.75
2019-07-14,17.0,14.0,26.8,0.0,20.0,20.0,7.0,0.8,7.8,12.7,936.6,934.7,137.0
2019-07-15,19.0,13.0,28.0,0.0,19.7,19.7,30.0,3.1,11.4,13.3,937.5,934.6,264.0
2019-07-16,27.5,14.5,28.5,0.0,20.5,20.5,22.0,2.2,8.3,11.8,938.4,933.6,268.0
2019-07-17,25.0,14.5,27.5,0.0,21.7,21.7,22.0,2.2,6.9,10.0,937.3,932.0,269.0
2019-07-18,25.0,14.0,28.2,0.0,21.0,21.0,5.0,1.7,9.7,11.7,938.7,935.45,264.25
2019-07-19,27.0,7.5,30.1,0.0,23.0,23.0,21.0,2.2,9.2,12.6,938.95,934.45,252.0
2019-07-20,33.0,6.0,30.8,0.0,24.3,24.3,23.0,2.2,8.6,12.6,939.0,935.45,145.0
2019-07-21,36.0,10.5,31.2,0.4,23.9,23.9,14.0,1.9,12.5,12.4,943.75,939.2,128.5
2019-07-22,32.5,11.5,30.4,0.0,23.7,23.7,13.0,2.8,10.6,12.5,944.1,939.1,251.5
2019-07-23,31.0,15.5,31.1,0.8,24.5,24.5,21.0,3.1,14.4,8.3,942.15,935.15,259.0
2019-07-24,31.0,18.0,29.5,0.0,22.0,22.0,15.0,1.7,8.1,12.7,939.95,935.25,257.5
2019-07-25,26.0,14.0,29.8,0.0,22.9,22.9,24.0,2.8,11.4,12.8,937.9,934.6,262.5
2019-07-26,13.0,8.0,26.8,0.0,21.7,21.7,22.0,3.1,11.4,12.3,935.5,932.2,245.75
2019-07-27,10.0,5.0,23.0,0.0,18.5,18.5,31.0,3.3,12.2,11.7,934.7,931.25,143.5
2019-07-28,14.0,13.0,23.1,0.0,16.2,16.2,16.0,1.7,8.3,13.0,936.25,932.45,124.5
2019-07-29,14.0,10.0,25.6,0.0,18.5,18.5,23.0,2.5,11.9,13.0,936.7,933.25,248.5
2019-07-30,20.0,6.0,23.7,0.0,16.3,16.3,4.0,1.1,13.3,13.1,941.25,936.3,254.25
2019-07-31,28.5,9.0,26.3,0.4,18.4,18.4,6.0,2.2,11.7,10.4,939.2,933.9,249.5
2019-08-01,25.0,13.0,27.6,0.0,20.5,20.5,25.0,2.5,10.0,12.7,936.95,934.15,229.5
2019-08-02,22.5,11.5,28.0,0.0,20.7,20.7,21.0,1.9,8.3,12.8,938.7,936.15,218.0
2019-08-03,21.0,10.5,28.6,0.0,21.2,21.2,23.0,2.5,10.6,12.9,938.55,934.95,129.0
2019-08-04,21.5,14.0,28.6,0.0,21.3,21.3,24.0,1.9,9.2,12.9,938.55,935.55,111.0
2019-08-05,20.0,11.0,28.4,0.0,20.8,20.8,25.0,2.8,10.3,12.9,938.7,934.95,198.5
2019-08-06,16.0,8.0,28.2,0.0,21.1,21.1,23.0,1.9,10.0,11.9,937.35,933.4,197.0
2019-08-07,13.0,7.0,24.2,0.0,21.5,21.5,25.0,2.5,9.7,0.1,938.25,933.5,191.5
2019-08-08,13.0,4.0,26.0,0.0,18.2,18.2,25.0,2.5,11.4,12.9,938.7,935.75,191.5
2019-08-09,11.0,5.0,26.6,0.0,21.2,21.2,23.0,4.7,15.3,12.8,940.4,936.8,184.75
2019-08-10,13.0,6.0,24.3,0.0,16.6,16.6,24.0,1.9,10.0,12.8,942.25,938.05,118.0
2019-08-11,12.0,7.0,24.4,0.0,19.0,19.0,24.0,3.1,11.4,11.6,940.2,937.25,117.5
2019-08-12,12.0,8.0,21.4,0.0,15.0,15.0,36.0,1.9,11.7,12.8,942.65,939.15,178.0
2019-08-13,14.0,13.0,22.8,0.0,15.4,15.4,7.0,2.2,10.3,12.7,942.8,939.55,179.75
2019-08-14,17.0,10.5,25.3,0.0,17.2,17.2,6.0,1.1,7.5,12.8,943.6,939.6,178.75
2019-08-15,14.0,7.0,28.0,0.0,20.0,20.0,5.0,1.7,10.3,12.9,942.25,938.65,103.5
2019-08-16,17.0,13.5,28.7,0.0,21.2,21.2,7.0,2.2,8.9,12.5,941.5,937.05,148.5
2019-08-17,17.0,13.0,29.4,0.0,22.2,22.2,23.0,2.2,11.1,12.6,939.55,935.3,104.5
2019-08-18,12.0,10.0,27.8,0.0,20.4,20.4,23.0,2.8,12.5,12.3,937.45,934.75,100.5
2019-08-19,13.0,6.0,27.0,0.3,21.2,21.2,9.0,2.2,10.8,10.0,937.95,936.05,176.5
2019-08-20,14.0,7.5,25.2,0.0,20.0,20.0,5.0,3.3,10.0,11.2,942.7,936.95,180.0
2019-08-21,18.5,13.5,24.0,0.9,17.7,17.7,11.0,1.7,15.8,6.7,943.45,939.85,180.0
2019-08-22,17.5,19.0,24.0,0.0,17.0,17.0,12.0,1.7,6.7,12.4,944.1,940.45,181.0
2019-08-23,18.0,17.0,26.2,0.0,19.3,19.3,10.0,0.8,5.3,12.5,944.1,939.9,173.0
2019-08-24,18.5,7.5,27.0,0.0,19.5,19.5,12.0,1.4,7.8,12.3,942.75,938.85,117.5
2019-08-25,16.5,9.5,27.5,3.8,21.4,21.4,12.0,2.8,9.7,9.0,941.0,936.15,109.25
2019-08-26,15.5,12.5,21.0,36.2,14.5,14.5,12.0,1.9,10.3,6.0,939.85,935.25,198.0
2019-08-27,18.5,23.0,21.1,0.0,14.6,14.6,25.0,0.8,6.1,10.8,940.1,938.1,208.0
2019-08-28,21.5,23.0,24.2,0.0,17.5,17.5,23.0,1.7,4.7,12.2,941.3,939.05,211.75
2019-08-29,20.5,16.0,26.0,0.0,19.0,19.0,8.0,0.8,6.9,11.5,943.4,940.8,216.25
2019-08-30,19.5,23.0,26.8,10.6,19.0,19.0,24.0,1.7,12.8,9.9,943.95,940.35,219.0
2019-08-31,20.5,20.0,25.0,0.0,18.0,18.0,15.0,0.6,5.3,10.9,942.05,937.9,147.0
2019-09-01,15.0,12.0,26.2,0.0,19.4,19.4,8.0,1.9,12.2,8.0,938.8,935.9,137.0
2019-09-02,18.0,17.0,25.0,0.0,18.2,18.2,4.0,2.8,11.4,10.7,942.05,939.3,261.5
2019-09-03,19.0,18.5,26.0,0.0,18.6,18.6,24.0,1.7,8.3,10.5,944.0,940.35,272.25
2019-09-04,17.0,7.0,26.1,0.0,19.5,19.5,3.0,1.1,11.1,10.6,942.8,938.25,273.5
2019-09-05,9.0,10.0,21.6,0.0,15.5,15.5,5.0,3.6,13.3,11.0,943.55,940.6,279.0
2019-09-06,11.0,8.0,19.2,0.0,12.2,12.2,4.0,3.1,11.9,11.0,943.7,939.85,276.0
2019-09-07,13.0,9.0,21.6,0.0,14.2,14.2,5.0,1.9,10.6,11.5,942.7,938.6,173.25
2019-09-08,16.0,15.0,22.9,0.0,16.8,16.8,5.0,1.9,8.3,9.7,941.15,937.65,144.0
2019-09-09,14.0,9.0,23.2,0.0,16.4,16.4,26.0,3.3,11.9,9.4,940.0,935.25,283.0
2019-09-10,9.5,8.5,18.0,0.0,13.9,13.9,4.0,3.3,13.9,7.7,941.4,935.05,293.5
2019-09-11,13.5,14.0,19.2,0.0,12.5,12.5,4.0,4.2,14.4,10.2,947.0,940.1,297.75
2019-09-12,18.5,15.0,22.4,0.0,15.9,15.9,3.0,3.3,12.5,9.6,948.65,946.15,292.0
2019-09-13,14.0,11.0,18.2,3.8,15.0,15.0,6.0,3.3,11.7,2.0,948.85,945.85,291.5
2019-09-14,16.0,13.0,18.0,13.7,15.6,15.6,11.0,2.8,9.7,0.4,946.5,943.5,171.25
2019-09-15,18.0,20.5,18.8,0.9,15.5,15.5,8.5,2.35,7.2,3.2,943.65,941.5,137.5
2019-09-16,23.0,19.5,21.0,0.0,16.6,16.6,31.5,1.35,9.45,8.2,942.75,940.25,285.0
2019-09-17,16.5,20.0,22.4,0.0,15.9,15.9,62.0,2.8,12.1,7.8,941.4,937.4,290.0
2019-09-18,19.5,21.0,22.0,0.0,16.5,16.5,16.0,1.65,5.949999999999998,8.6,939.95,937.55,295.0
2019-09-19,23.5,13.0,23.2,0.0,17.5,17.5,9.5,1.7999999999999998,6.25,9.9,939.95,936.9,296.5
2019-09-20,23.0,13.0,20.7,9.5,16.2,16.2,21.5,3.2,14.0,3.8,939.35,935.45,296.0
2019-09-21,19.0,9.0,17.9,3.2,14.6,14.6,22.5,1.4,6.25,1.5,936.9,934.75,181.5
2019-09-22,12.0,20.0,19.2,0.0,14.9,14.9,23.0,3.2,9.3,6.8,940.95,934.6,147.5
2019-09-23,17.0,19.5,17.5,0.0,11.9,11.9,62.0,1.65,6.95,9.4,943.6,941.25,286.0
2019-09-24,14.0,15.5,19.4,0.0,12.0,12.0,26.5,3.2,10.55,10.2,942.55,938.75,292.0
2019-09-25,14.0,21.0,19.0,0.0,14.0,14.0,30.0,1.65,8.75,9.7,941.5,939.05,293.0
2019-09-26,21.5,30.0,20.8,0.0,14.5,14.5,9.0,1.95,5.85,10.3,943.05,940.35,299.5
2019-09-27,16.0,26.5,21.5,0.0,14.8,14.8,22.0,1.65,7.5,10.4,942.65,939.8,301.5
2019-09-28,19.0,21.0,21.1,0.0,13.8,13.8,12.0,1.5499999999999998,6.55,10.6,943.85,940.4,184.5
2019-09-29,18.0,28.5,21.2,0.0,12.7,12.7,23.5,2.4,8.2,10.4,942.15,939.4,157.0
2019-09-30,22.5,28.5,21.5,0.0,14.0,14.0,23.5,1.8,8.9,10.2,941.6,937.9,293.0
2019-10-01,16.0,12.5,20.2,0.0,13.8,13.8,65.5,2.9000000000000004,11.4,10.0,938.55,936.2,296.0
2019-10-02,14.0,24.5,18.1,0.0,13.5,13.5,31.0,2.05,10.7,10.1,941.85,938.6,299.0
2019-10-03,21.5,30.5,18.0,0.0,11.0,11.0,22.0,1.25,5.4,9.3,942.5,939.5,305.0
2019-10-04,19.0,19.5,19.9,0.0,12.6,12.6,23.5,1.65,7.050000000000002,10.1,941.45,937.2,307.0
2019-10-05,16.5,20.0,20.2,0.0,13.4,13.4,26.0,1.65,5.85,10.1,940.1,937.75,190.5
2019-10-06,15.0,32.5,20.0,0.0,13.5,13.5,30.0,1.8,8.3,10.4,942.75,939.95,157.0
2019-10-07,20.5,31.5,20.8,0.0,14.0,14.0,11.5,1.25,6.949999999999998,9.9,942.45,940.6,290.5
2019-10-08,22.0,26.0,21.6,0.0,14.9,14.9,19.0,1.4,6.25,10.3,942.7,938.85,294.75
2019-10-09,18.5,24.0,21.5,0.0,15.2,15.2,3.5,0.8500000000000001,9.05,9.8,940.2,937.3,297.0
2019-10-10,25.0,24.5,20.4,0.0,15.0,15.0,6.5,1.9,9.7,7.3,943.7,940.5,299.5
2019-10-11,23.5,11.0,20.6,0.0,15.6,15.6,11.0,1.4,6.4,9.1,944.2,939.15,302.5
2019-10-12,19.5,15.5,20.8,5.4,15.7,15.7,20.5,2.1,15.15,6.0,940.75,937.0,168.0
2019-10-13,22.0,12.5,18.9,0.0,14.1,14.1,23.0,1.5499999999999998,7.5,10.1,939.4,935.05,153.5
2019-10-14,7.5,13.5,14.0,2.7,8.0,8.0,25.0,5.7,18.45,5.2,940.1,932.7,288.5
2019-10-15,10.0,19.0,11.6,0.0,6.1,6.1,24.5,2.25,8.2,9.9,943.15,940.05,294.25
2019-10-16,14.5,22.0,13.1,0.6,7.1,7.1,22.5,2.35,8.35,10.5,943.25,939.7,292.5
2019-10-17,11.0,15.0,12.8,2.3,9.0,9.0,60.0,1.95,7.8,0.0,941.85,939.7,304.0
2019-10-18,9.0,10.5,16.6,0.1,13.1,13.1,23.0,3.6,11.1,2.0,940.45,935.75,302.5
2019-10-19,6.5,8.0,14.3,18.4,10.7,10.7,23.0,3.2,12.65,5.6,935.95,926.9,194.0
2019-10-20,6.5,20.0,9.6,0.35,6.8,6.8,24.5,4.05,12.1,3.2,937.5,927.5,154.0
2019-10-21,8.0,19.0,10.3,0.0,5.0,5.0,7.0,1.4,5.85,8.7,940.25,937.45,289.25
2019-10-22,7.5,15.5,9.5,10.1,7.2,7.2,5.5,2.8,10.4,0.0,938.65,929.0,295.0
2019-10-23,7.0,21.0,8.6,1.0,6.8,6.8,62.5,2.65,7.35,1.5,934.0,927.75,297.0
2019-10-24,19.5,31.0,12.0,0.0,7.3,7.3,26.5,2.5,7.35,9.3,945.35,934.25,298.5
2019-10-25,25.5,28.5,13.6,0.0,7.8,7.8,12.0,0.95,4.45,10.0,946.4,943.4,305.5
2019-10-26,19.0,25.0,15.2,0.0,8.5,8.5,67.0,0.95,4.9,10.1,944.3,941.75,198.25
2019-10-27,21.0,28.5,15.0,0.0,8.5,8.5,51.5,1.1,4.9,6.8,944.15,941.1,159.5
2019-10-28,29.5,30.0,17.0,0.0,12.0,12.0,22.5,1.7,6.699999999999998,7.7,941.4,939.05,294.0
2019-10-29,43.5,26.0,14.3,0.0,9.9,9.9,55.5,0.7,4.0,7.1,943.35,938.45,311.0
2019-10-30,16.5,15.0,14.4,0.0,10.6,10.6,26.0,1.35,7.8,3.7,945.55,943.1,309.75
2019-10-31,12.0,8.0,18.0,0.5,13.6,13.6,27.0,2.35,8.649999999999999,7.4,946.25,943.75,295.75
2019-11-01,12.5,5.5,17.0,0.15000000000000002,14.1,14.1,25.5,4.45,12.35,4.4,944.75,937.85,147.0
2019-11-02,8.0,5.0,16.0,0.0,13.2,13.2,24.0,5.4,13.45,3.6,937.75,927.6,160.0
2019-11-03,8.0,8.0,14.6,0.0,12.6,12.6,31.0,6.55,19.450000000000006,8.3,934.7,925.35,143.0
2019-11-04,7.0,12.5,13.0,1.8,8.7,8.7,23.5,7.25,16.65,7.3,936.8,929.05,285.5
2019-11-05,6.0,14.5,11.2,1.2,7.5,7.5,27.0,3.9,15.0,6.6,936.8,930.05,292.0
2019-11-06,8.0,12.5,10.6,0.1,7.4,7.4,26.0,2.6,11.4,6.8,938.6,934.6,299.5
2019-11-07,6.0,11.5,8.3,1.0,3.7,3.7,30.0,4.55,12.9,7.6,934.75,932.25,300.5
2019-11-08,6.0,9.5,8.2,0.0,3.0,3.0,28.0,3.6,14.45,9.7,942.35,933.15,310.0
2019-11-09,6.0,10.0,8.4,1.4,5.1,5.1,29.5,4.0,13.05,3.8,942.3,937.6,184.0
2019-11-10,7.5,22.0,7.0,0.0,4.5,4.5,32.5,3.6,12.75,4.8,940.4,937.45,158.0
2019-11-11,11.0,21.0,7.8,0.0,3.9,3.9,16.5,2.1,8.05,1.7,940.3,936.35,291.0
2019-11-12,9.0,11.0,8.0,5.4,2.0,2.0,23.0,2.4,11.8,7.8,938.8,930.65,300.5
2019-11-13,7.0,11.5,12.3,1.8,8.7,8.7,25.0,3.2,15.0,8.4,934.05,928.05,306.5
2019-11-14,5.0,14.5,7.8,0.5,4.9,4.9,26.0,4.7,16.1,4.8,930.25,921.45,300.0
2019-11-15,6.0,13.0,6.7,0.0,3.4,3.4,30.0,2.8,11.9,5.4,930.0,923.6,308.5
2019-11-16,8.0,12.5,5.7,0.0,1.5,1.5,30.0,1.7,9.2,8.5,937.75,929.9,202.5
2019-11-17,7.5,23.0,5.0,3.9,2.4,2.4,23.0,2.2,8.9,0.0,937.5,931.0,154.0
2019-11-18,15.5,32.0,6.8,0.0,3.0,3.0,99.0,2.5,7.5,7.5,938.85,931.1,283.0
2019-11-19,19.0,27.5,5.0,0.0,0.4,0.4,22.0,0.8,5.8,5.7,940.6,935.3,291.5
2019-11-20,18.5,26.5,5.9,5.1,1.0,1.0,26.0,0.6,5.3,0.1,935.45,930.45,295.0
2019-11-21,9.5,20.5,7.2,1.4,5.0,5.0,24.0,0.8,6.1,0.2,930.8,928.7,301.0
2019-11-22,6.0,9.0,9.0,5.7,6.4,6.4,24.0,3.1,13.3,0.1,928.95,914.7,306.5
2019-11-23,7.0,9.0,9.2,0.0,6.5,6.5,27.0,6.1,16.1,5.8,933.7,916.2,201.5
2019-11-24,9.0,14.0,9.1,0.0,5.9,5.9,29.0,3.1,10.3,7.6,937.6,932.95,156.0
2019-11-25,10.5,16.5,12.0,0.0,8.5,8.5,23.0,2.2,8.6,5.1,938.2,935.25,286.0
2019-11-26,10.0,11.0,11.4,2.5,9.5,9.5,26.0,1.7,11.4,0.0,937.75,931.65,294.5
2019-11-27,11.0,13.5,11.0,0.0,8.4,8.4,23.0,2.5,10.8,7.9,936.95,931.7,300.0
2019-11-28,10.5,14.0,9.7,0.0,7.6,7.6,23.0,2.8,9.2,1.4,939.75,936.2,305.0
2019-11-29,10.5,11.0,12.6,0.6,10.9,10.9,24.0,1.9,9.4,0.2,943.15,938.7,318.0
2019-11-30,7.5,14.0,11.4,7.2,7.6,7.6,24.0,3.1,11.4,0.9,943.0,936.05,213.75
2019-12-01,6.0,13.0,7.4,30.2,5.4,5.4,4.0,0.8,7.8,0.0,936.25,931.8,158.5
2019-12-02,6.5,15.5,8.0,0.0,5.3,5.3,5.0,5.0,13.1,5.4,939.1,934.8,292.25
2019-12-03,8.0,20.5,6.5,1.6,2.8,2.8,5.0,3.1,10.6,6.8,938.9,934.95,306.5
2019-12-04,7.5,15.5,8.4,2.3,5.2,5.2,5.0,2.8,10.8,0.0,935.3,929.85,303.0
2019-12-05,8.5,15.5,10.0,0.0,7.7,7.7,9.0,3.9,12.5,7.5,943.45,933.8,314.0
2019-12-06,20.0,24.0,9.6,0.0,6.3,6.3,5.0,1.1,6.1,5.8,945.3,942.85,149.25
2019-12-07,23.0,23.0,7.8,0.0,2.5,2.5,24.0,0.8,3.6,8.8,946.6,944.0,160.0
2019-12-08,20.0,21.0,5.0,2.7,3.0,3.0,16.0,0.3,3.1,0.0,947.9,945.35,132.5
2019-12-09,32.0,29.0,8.2,0.0,4.5,4.5,26.0,1.4,5.8,3.2,951.3,947.15,138.75
2019-12-10,20.5,20.5,6.0,0.0,3.2,3.2,15.0,0.6,4.2,2.4,951.35,946.15,302.0
2019-12-11,8.5,15.0,7.2,0.1,2.7,2.7,29.0,2.8,11.7,5.2,946.35,943.15,306.0
2019-12-12,6.0,12.0,7.1,1.3,3.2,3.2,26.0,3.9,15.6,0.0,945.25,934.95,311.0
2019-12-13,7.5,13.5,11.5,0.0,8.5,8.5,26.0,6.4,14.7,1.7,940.15,934.35,324.25
2019-12-14,7.0,16.5,9.6,0.0,6.2,6.2,22.0,2.5,7.8,7.2,941.25,939.05,213.0
2019-12-15,12.0,16.5,9.5,0.0,7.2,7.2,27.0,1.9,6.7,0.0,939.4,931.95,174.0
2019-12-16,12.0,18.0,10.5,0.3,6.8,6.8,15.0,3.3,9.2,1.8,931.95,921.45,304.0
2019-12-17,12.5,23.0,9.8,0.55,7.1,7.1,11.0,1.7,6.7,1.5,936.5,921.85,316.0
2019-12-18,8.5,17.5,5.8,1.2,3.3,3.3,24.0,0.6,5.0,2.3,941.05,936.3,312.0
2019-12-19,5.5,11.5,9.9,34.6,7.2,7.2,21.0,1.9,16.1,0.0,937.8,922.3,325.0
2019-12-20,7.5,5.0,11.9,9.9,10.7,10.7,24.0,4.2,18.1,2.4,925.85,920.4,327.5
2019-12-21,13.0,6.0,13.3,1.3,10.4,10.4,26.0,6.7,22.5,3.1,931.95,925.05,201.5
2019-12-22,14.0,23.0,10.9,0.0,8.4,8.4,24.0,4.4,16.9,5.0,945.25,931.9,161.5
2019-12-23,20.5,29.0,9.0,0.0,5.0,5.0,25.5,1.5,10.95,6.6,949.9,944.65,192.0
2019-12-24,15.0,21.5,10.0,0.0,4.3,4.3,6.5,1.25,4.45,7.1,951.2,948.25,145.75
2019-12-25,19.0,25.0,10.3,0.0,4.8,4.8,7.0,1.0,4.300000000000002,8.0,948.75,945.8,106.0
2019-12-26,13.5,28.0,10.3,0.0,5.0,5.0,2.5,1.4,6.1,7.9,950.4,946.85,244.5
2019-12-27,24.0,33.5,8.9,0.0,2.5,2.5,5.0,0.8,6.1,8.4,951.45,949.0,252.0
2019-12-28,18.5,31.5,8.2,0.0,2.0,2.0,21.0,0.6,4.15,9.0,950.75,948.8,168.0
2019-12-29,16.5,17.0,7.8,0.0,2.0,2.0,67.0,0.8,3.75,9.0,952.25,949.5,145.25
2019-12-31,35.5,28.5,6.8,0.0,1.5,1.5,21.0,0.55,3.1,8.7,953.1,950.75,174.0
