date, pm25, pm10, o3, no2, so2, co
2021/2/1, 22, 7, , 10, , 
2021/2/2, 28, 8, , 17, , 
2021/2/3, 31, 12, , 20, , 
2021/2/4, 44, 24, , 16, , 
2021/2/5, 56, 12, , 16, , 
2021/2/6, 38, 5, , 7, , 
2021/2/7, 20, 3, , 7, , 
2021/2/8, 15, , , , , 
2021/1/4, 22, 15, , 25, , 
2021/1/5, 47, 13, , 19, , 
2021/1/6, 47, 8, , 15, , 
2021/1/7, 32, 6, , 12, , 
2021/1/8, 23, 5, , 7, , 
2021/1/9, 20, 7, , 10, , 
2021/1/10, 29, 16, , 24, , 
2021/1/11, 56, 25, , 31, , 
2021/1/12, 81, 44, , 46, , 
2021/1/13, 125, 43, , 49, , 
2021/1/14, 123, 48, , 58, , 
2021/1/15, 134, 49, , 55, , 
2021/1/16, 132, 40, , 41, , 
2021/1/17, 114, 39, , 47, , 
2021/1/18, 106, 23, , 29, , 
2021/1/19, 72, 13, , , , 
2021/1/20, 48, 6, , 12, , 
2021/1/21, 21, 4, , 9, , 
2021/1/22, 14, 5, , 6, , 
2021/1/23, 17, 5, , 6, , 
2021/1/24, 15, 7, , 9, , 
2021/1/25, 25, 10, , 12, , 
2021/1/26, 45, 15, , 18, , 
2021/1/27, 55, 10, , 13, , 
2021/1/28, 41, 10, , 13, , 
2021/1/29, 41, 5, , 5, , 
2021/1/30, 21, 7, , 6, , 
2021/1/31, 27, 6, , 11, , 
2020/10/1, 30, 6, , 3, , 
2020/10/2, 10, 5, , 2, , 
2020/10/3, 13, 9, , 2, , 
2020/10/4, 17, 7, , 6, , 
2020/10/5, 16, 14, , 19, , 
2020/10/6, 28, 19, , 22, , 
2020/10/7, 40, 20, , 25, , 
2020/10/8, 40, 21, , 24, , 
2020/10/9, 46, 15, , 12, , 
2020/10/10, 38, 5, , 3, , 
2020/10/11, 11, 5, , 5, , 
2020/10/12, 15, 15, , 21, , 
2020/10/13, 32, 7, , 9, , 
2020/10/14, 15, 10, , 14, , 
2020/10/15, 20, 8, , 17, , 
2020/10/16, 26, 18, , 22, , 
2020/10/17, 40, 21, , 23, , 
2020/10/18, 44, 29, , 25, , 
2020/10/19, 46, 26, , 18, , 
2020/10/20, 49, 8, , 9, , 
2020/10/21, 16, 10, , 11, , 
2020/10/22, 21, 7, , 12, , 
2020/10/23, 26, 11, , 13, , 
2020/10/24, 33, 6, , 4, , 
2020/10/25, 20, 5, , 7, , 
2020/10/26, 16, 9, , 10, , 
2020/10/27, 21, 17, , 20, , 
2020/10/28, 37, 19, , 19, , 
2020/10/29, 49, 22, , 21, , 
2020/10/30, 56, 21, , 20, , 
2020/10/31, 53, 23, , 19, , 
2020/11/1, 64, 20, , 15, , 
2020/11/2, 59, 16, , 16, , 
2020/11/3, 46, 6, , 10, , 
2020/11/4, 14, 7, , 16, , 
2020/11/5, 20, 42, , 10, , 
2020/11/6, 55, 10, , 7, , 
2020/11/7, 22, 11, , 16, , 
2020/11/8, 33, 13, , 20, , 
2020/11/9, 41, 13, , 18, , 
2020/11/10, 39, 18, , 20, , 
2020/11/11, 53, 23, , 22, , 
2020/11/12, 61, 19, , 20, , 
2020/11/13, 58, 20, , 18, , 
2020/11/14, 62, 16, , 10, , 
2020/11/15, 52, 15, , 17, , 
2020/11/16, 46, 20, , 18, , 
2020/11/17, 60, 19, , 20, , 
2020/11/18, 58, 16, , 16, , 
2020/11/19, 46, 8, , 19, , 
2020/11/20, 21, 11, , 20, , 
2020/11/21, 39, 15, , 21, , 
2020/11/22, 51, 22, , 27, , 
2020/11/23, 64, 24, , 30, , 
2020/11/24, 70, 26, , 27, , 
2020/11/25, 71, 14, , 21, , 
2020/11/26, 46, 9, , 22, , 
2020/11/27, 29, 13, , 16, , 
2020/11/28, 44, 14, , 17, , 
2020/11/29, 47, 14, , 23, , 
2020/11/30, 42, 12, , 24, , 
2020/12/1, 36, 8, , 18, , 
2020/12/2, 23, 11, , 22, , 
2020/12/3, 35, 5, , 8, , 
2020/12/4, 17, 4, , 6, , 
2020/12/5, 14, 4, , 5, , 
2020/12/6, 14, 5, , 4, , 
2020/12/7, 14, 4, , 4, , 
2020/12/8, 14, 6, , 11, , 
2020/12/9, 19, 6, , 9, , 
2020/12/10, 18, 8, , 6, , 
2020/12/11, 29, 8, , 4, , 
2020/12/12, 20, 13, , 15, , 
2020/12/13, 39, 14, , 19, , 
2020/12/14, 45, 7, , 14, , 
2020/12/15, 23, 12, , 24, , 
2020/12/16, 36, 18, , 27, , 
2020/12/17, 54, 19, , 21, , 
2020/12/18, 56, 12, , 12, , 
2020/12/19, 43, 12, , 16, , 
2020/12/20, 40, 18, , 20, , 
2020/12/21, 55, 18, , 20, , 
2020/12/22, 53, 15, , 18, , 
2020/12/23, 47, 14, , 12, , 
2020/12/24, 49, 4, , 7, , 
2020/12/25, 13, 8, , 19, , 
2020/12/26, 28, 12, , 15, , 
2020/12/27, 43, 4, , 5, , 
2020/12/28, 14, 5, , 10, , 
2020/12/29, 19, 4, , 9, , 
2020/12/30, 17, 8, , 16, , 
2020/12/31, 29, 3, , 5, , 
2021/1/1, 16, 4, , 9, , 
2021/1/2, 17, 8, , 17, , 
2021/1/3, 32, 6, , 13, , 
2020/7/1, 35, 14, , 5, , 
2020/7/2, 24, 8, , 4, , 
2020/7/3, 27, 8, , 5, , 
2020/7/4, 27, 12, , 3, , 
2020/7/5, 27, 13, , 9, , 
2020/7/6, 27, 16, , 7, , 
2020/7/7, 32, 35, , 13, , 
2020/7/8, 61, 23, , 7, , 
2020/7/9, 54, 12, , 10, , 
2020/7/10, 36, 19, , 7, , 
2020/7/11, 40, 22, , 3, , 
2020/7/12, 44, 18, , 8, , 
2020/7/13, 35, 18, , 7, , 
2020/7/14, 35, 15, , 7, , 
2020/7/15, 25, 14, , 9, , 
2020/7/16, 22, 11, , 7, , 
2020/7/17, 21, 11, , 6, , 
2020/7/18, 21, 19, , 11, , 
2020/7/19, 41, 39, , 16, , 
2020/7/20, 51, 33, , 13, , 
2020/7/21, 46, 23, , 9, , 
2020/7/22, 56, 17, , 12, , 
2020/7/23, 55, 13, , 9, , 
2020/7/24, 44, 10, , 6, , 
2020/7/25, 38, 19, , 13, , 
2020/7/26, 50, 28, , 15, , 
2020/7/27, 57, 25, , 12, , 
2020/7/28, 58, 25, , 14, , 
2020/7/29, 39, 36, , 9, , 
2020/7/30, 52, 23, , 17, , 
2020/7/31, 39, 28, , 17, , 
2020/8/1, 50, 14, , 5, , 
2020/8/2, 33, 7, , 4, , 
2020/8/3, 10, 11, , 6, , 
2020/8/4, 21, 16, , 13, , 
2020/8/5, 33, 28, , 16, , 
2020/8/6, 53, 26, , 10, , 
2020/8/7, 39, 27, , 14, , 
2020/8/8, 52, 28, , 10, , 
2020/8/9, 43, 34, , 13, , 
2020/8/10, 60, 23, , 11, , 
2020/8/11, 49, 14, , 9, , 
2020/8/12, 32, 18, , 14, , 
2020/8/13, 44, 17, , 17, , 
2020/8/14, 44, 10, , 6, , 
2020/8/15, 26, 8, , 3, , 
2020/8/16, 19, 11, , 7, , 
2020/8/17, 23, 12, , 9, , 
2020/8/18, 27, 14, , 13, , 
2020/8/19, 34, 17, , 17, , 
2020/8/20, 32, 12, , 10, , 
2020/8/21, 26, 9, , 5, , 
2020/8/22, 25, 10, , 8, , 
2020/8/23, 25, 16, , 10, , 
2020/8/24, 34, 23, , 19, , 
2020/8/25, 46, 25, , 24, , 
2020/8/26, 48, 23, , 22, , 
2020/8/27, 46, 13, , 8, , 
2020/8/28, 26, 8, , 2, , 
2020/8/29, 13, 5, , 2, , 
2020/8/30, 12, 9, , 10, , 
2020/8/31, 18, 19, , 25, , 
2020/9/1, 28, 14, , 16, , 
2020/9/2, 23, 17, , 19, , 
2020/9/3, 25, 21, , 22, , 
2020/9/4, 32, 19, , 23, , 
2020/9/5, 32, 15, , 9, , 
2020/9/6, 28, 13, , 7, , 
2020/9/7, 22, 13, , 9, , 
2020/9/8, 16, 17, , 21, , 
2020/9/9, 27, 17, , 15, , 
2020/9/10, 34, 17, , 18, , 
2020/9/11, 31, 16, , 14, , 
2020/9/12, 29, 19, , 10, , 
2020/9/13, 39, , , , , 
2020/9/17, 45, 14, , 11, , 
2020/9/18, 31, 7, , 4, , 
2020/9/19, 19, 8, , 3, , 
2020/9/20, 21, 10, , 10, , 
2020/9/21, 25, 11, , 16, , 
2020/9/22, 29, 8, , 6, , 
2020/9/23, 20, 6, , 4, , 
2020/9/24, 17, 6, , 5, , 
2020/9/25, 14, 6, , 7, , 
2020/9/26, 17, 4, , 2, , 
2020/9/27, 10, 15, , 21, , 
2020/9/28, 32, 21, , 29, , 
2020/9/29, 43, 21, , 27, , 
2020/9/30, 42, 13, , 15, , 
2020/4/1, 26, 8, , 11, , 
2020/4/2, 26, 8, , 10, , 
2020/4/3, 26, 9, , 7, , 
2020/4/4, 34, 11, , 3, , 
2020/4/5, 40, 11, , 6, , 
2020/4/6, 41, 10, , 11, , 
2020/4/7, 36, 15, , 10, , 
2020/4/8, 49, 11, , 7, , 
2020/4/9, 41, 11, , 4, , 
2020/4/10, 42, 13, , 3, , 
2020/4/11, 48, 13, , 3, , 
2020/4/12, 43, 13, , 7, , 
2020/4/13, 48, 13, , 10, , 
2020/4/14, 50, 10, , 6, , 
2020/4/15, 38, 8, , 7, , 
2020/4/16, 30, 10, , 8, , 
2020/4/17, 35, 12, , 9, , 
2020/4/18, 43, 6, , 4, , 
2020/4/19, 24, 10, , 8, , 
2020/4/20, 34, 4, , 3, , 
2020/4/21, 16, 9, , 11, , 
2020/4/22, 32, 13, , 7, , 
2020/4/23, 47, 12, , 7, , 
2020/4/24, 41, 14, , 3, , 
2020/4/25, 48, 13, , 2, , 
2020/4/26, 42, 9, , 3, , 
2020/4/27, 33, 8, , 4, , 
2020/4/28, 30, 9, , 7, , 
2020/4/29, 29, 12, , 2, , 
2020/4/30, 43, 8, , 1, , 
2020/5/1, 28, 7, , 4, , 
2020/5/2, 25, 14, , 6, , 
2020/5/3, 47, 25, , 8, , 
2020/5/4, 61, 9, , 4, , 
2020/5/5, 28, 9, , 10, , 
2020/5/6, 27, 20, , 7, , 
2020/5/7, 50, 11, , 5, , 
2020/5/8, 28, 13, , 3, , 
2020/5/9, 50, 1, , 1, , 
2020/5/10, 5, 1, , 2, , 
2020/5/11, 5, 9, , 7, , 
2020/5/12, 35, 25, , 4, , 
2020/5/13, 82, , , 6, , 
2020/5/18, 5, 9, , 9, , 
2020/5/19, 24, 9, , 8, , 
2020/5/20, 21, 4, , 12, , 
2020/5/21, 8, 6, , 9, , 
2020/5/22, 7, 8, , 6, , 
2020/5/23, 32, 1, , 2, , 
2020/5/25, 25, 9, , 5, , 
2020/5/26, 23, 10, , 7, , 
2020/5/27, 22, 12, , 6, , 
2020/5/28, 28, 13, , 10, , 
2020/5/29, 40, 18, , 9, , 
2020/5/30, 25, 14, , 5, , 
2020/5/31, 5, 12, , 8, , 
2020/6/4, 24, 9, , 7, , 
2020/6/5, 19, 13, , 3, , 
2020/6/6, 27, 10, , 3, , 
2020/6/7, 24, 7, , 4, , 
2020/6/8, 17, 7, , 5, , 
2020/6/9, 16, 9, , 5, , 
2020/6/10, 17, 17, , 5, , 
2020/6/11, 25, 13, , 3, , 
2020/6/12, 18, 8, , 2, , 
2020/6/13, 24, 11, , 3, , 
2020/6/14, 28, 10, , 5, , 
2020/6/15, 23, 15, , 4, , 
2020/6/16, 19, 7, , 4, , 
2020/6/17, 20, 10, , 6, , 
2020/6/18, 23, 15, , 7, , 
2020/6/19, 32, 10, , 7, , 
2020/6/20, 23, 15, , 9, , 
2020/6/21, 37, 16, , 9, , 
2020/6/22, 30, 22, , 13, , 
2020/6/23, 39, 25, , 14, , 
2020/6/24, 44, 24, , 8, , 
2020/6/25, 43, 23, , 8, , 
2020/6/26, 42, 12, , 5, , 
2020/6/27, 28, 9, , 5, , 
2020/6/28, 22, 14, , 9, , 
2020/6/29, 28, 21, , 8, , 
2020/6/30, 40, 17, , 9, , 
2020/1/1, 85, 27, , 28, , 
2020/1/2, 74, 37, , 29, , 
2020/1/3, 96, 14, , 18, , 
2020/1/4, 46, 11, , 22, , 
2020/1/5, 36, 19, , 25, , 
2020/1/6, 60, 29, , 37, , 
2020/1/7, 73, 33, , 42, , 
2020/1/8, 73, 25, , 32, , 
2020/1/9, 68, 12, , 22, , 
2020/1/10, 37, 10, , 24, , 
2020/1/11, 31, 20, , 29, , 
2020/1/12, 61, 25, , 33, , 
2020/1/13, 71, 26, , 29, , 
2020/1/14, 74, 25, , 34, , 
2020/1/15, 65, 31, , 30, , 
2020/1/16, 72, 12, , 21, , 
2020/1/17, 35, 11, , 20, , 
2020/1/18, 38, 5, , 10, , 
2020/1/19, 14, 8, , 10, , 
2020/1/20, 17, 6, , 10, , 
2020/1/21, 17, 14, , 16, , 
2020/1/22, 28, 41, , 20, , 
2020/1/23, 62, 27, , 19, , 
2020/1/24, 46, 14, , 15, , 
2020/1/25, 30, 11, , 16, , 
2020/1/26, 39, 12, , 19, , 
2020/1/27, 39, 5, , 9, , 
2020/1/28, 14, 6, , 9, , 
2020/1/29, 21, 10, , 12, , 
2020/1/30, 31, 6, , 10, , 
2020/1/31, 20, 4, , 8, , 
2020/2/1, 15, 9, , 13, , 
2020/2/2, 33, 29, , 21, , 
2020/2/3, 65, 36, , 26, , 
2020/2/4, 71, 10, , 26, , 
2020/2/5, 24, 18, , 27, , 
2020/2/6, 50, 22, , 24, , 
2020/2/7, 63, 21, , 25, , 
2020/2/8, 70, 15, , 18, , 
2020/2/9, 55, 17, , 23, , 
2020/2/10, 56, 27, , 24, , 
2020/2/11, 72, 23, , 21, , 
2020/2/12, 65, 18, , 17, , 
2020/2/13, 54, 19, , 22, , 
2020/2/14, 58, 20, , 20, , 
2020/2/15, 61, 18, , 16, , 
2020/2/16, 59, 12, , 19, , 
2020/2/17, 43, 11, , 19, , 
2020/2/18, 33, 12, , 21, , 
2020/2/19, 31, 18, , 29, , 
2020/2/20, 48, 18, , 30, , 
2020/2/21, 47, 19, , 30, , 
2020/2/22, 53, 15, , 27, , 
2020/2/23, 45, 18, , 29, , 
2020/2/24, 48, 19, , 24, , 
2020/2/25, 49, 8, , 8, , 
2020/2/26, 16, 45, , 9, , 
2020/2/27, 57, 49, , 25, , 
2020/2/28, 72, 31, , 11, , 
2020/2/29, 51, 8, , 4, , 
2020/3/1, 23, 5, , 4, , 
2020/3/2, 16, 10, , 10, , 
2020/3/3, 36, 8, , 9, , 
2020/3/4, 26, 9, , 6, , 
2020/3/5, 27, 4, , 6, , 
2020/3/6, 10, 6, , 13, , 
2020/3/7, 18, 11, , 18, , 
2020/3/8, 37, 9, , 16, , 
2020/3/9, 26, 19, , 32, , 
2020/3/10, 50, 24, , 31, , 
2020/3/11, 56, 21, , 27, , 
2020/3/12, 49, 21, , 21, , 
2020/3/13, 56, 13, , 11, , 
2020/3/14, 40, 13, , 10, , 
2020/3/15, 37, 4, , 7, , 
2020/3/16, 13, 7, , 9, , 
2020/3/17, 24, 17, , 15, , 
2020/3/18, 45, 18, , 11, , 
2020/3/19, 44, 22, , 5, , 
2020/3/20, 37, 9, , 5, , 
2020/3/21, 24, 6, , 4, , 
2020/3/22, 19, 6, , 9, , 
2020/3/23, 23, 9, , 6, , 
2020/3/24, 26, 11, , 6, , 
2020/3/25, 29, 11, , 13, , 
2020/3/26, 31, 9, , 7, , 
2020/3/27, 35, 6, , 8, , 
2020/3/28, 16, 7, , 17, , 
2020/3/29, 21, , , , , 
2019/10/1, 58, 20, , 10, , 
2019/10/2, 54, 16, , 25, , 
2019/10/3, 48, 21, , 30, , 
2019/10/4, 51, 16, , 20, , 
2019/10/5, 40, 13, , 19, , 
2019/10/6, 37, 13, , 36, , 
2019/10/7, 39, 15, , 30, , 
2019/10/8, 36, 19, , 25, , 
2019/10/9, 50, 16, , 21, , 
2019/10/10, 41, 19, , 24, , 
2019/10/11, 52, 16, , 9, , 
2019/10/12, 34, 14, , 15, , 
2019/10/13, 28, 17, , 12, , 
2019/10/14, 45, 4, , 9, , 
2019/10/15, 12, 6, 13, 19, , 
2019/10/16, 18, 10, 10, 20, , 
2019/10/17, 30, 8, 10, 12, , 
2019/10/18, 27, 5, 21, 6, , 
2019/10/19, 14, 3, 20, 5, , 
2019/10/20, 10, 5, 19, 19, , 
2019/10/21, 16, 6, 12, 18, , 
2019/10/22, 18, 4, , 11, , 
2019/10/23, 13, 3, , 15, , 
2019/10/24, 9, 13, , 28, , 
2019/10/25, 42, 18, , 22, , 
2019/10/26, 54, 15, , 22, , 
2019/10/27, 47, 16, , 25, , 
2019/10/28, 51, 21, , 30, , 
2019/10/29, 60, 34, , 22, , 
2019/10/30, 84, 14, , 11, , 
2019/10/31, 43, 10, , 7, , 
2019/11/1, 34, 10, , 4, , 
2019/11/2, 28, 5, , 3, , 
2019/11/3, 15, 11, , 5, , 
2019/11/4, 14, 7, , 8, , 
2019/11/5, 15, 5, , 10, , 
2019/11/6, 13, 6, , 7, , 
2019/11/7, 17, 3, , 6, , 
2019/11/8, 10, 4, , 7, , 
2019/11/9, 12, 4, , 9, , 
2019/11/10, 14, 4, , 23, , 
2019/11/11, 15, 7, 15, 21, , 
2019/11/12, 22, 6, 15, 9, , 
2019/11/13, 22, 6, 15, 8, , 
2019/11/14, 19, 3, 12, 8, , 
2019/11/15, 12, 4, 19, 8, , 
2019/11/16, 14, 5, 14, 6, , 
2019/11/17, 16, 6, 13, 22, , 
2019/11/18, 20, 11, 7, 23, , 
2019/11/19, 39, 14, 4, 26, , 
2019/11/20, 48, , 1, , , 
2019/11/22, 25, 4, , 5, , 
2019/11/23, 14, 6, , 6, , 
2019/11/24, 19, 6, , 12, , 
2019/11/25, 22, 7, , 13, , 
2019/11/26, 22, 6, , 8, , 
2019/11/27, 19, 7, , 9, , 
2019/11/28, 20, 7, , 10, , 
2019/11/29, 24, 6, , 6, , 
2019/11/30, 18, 4, , 12, , 
2019/12/1, 16, 6, , 11, , 
2019/12/2, 22, 5, , 14, , 
2019/12/3, 16, 7, , 19, , 
2019/12/4, 20, 7, , 13, , 
2019/12/5, 21, 7, , 14, , 
2019/12/6, 24, 18, , 22, , 
2019/12/7, 57, 16, , 20, , 
2019/12/8, 56, 15, , 19, , 
2019/12/9, 56, 24, , 26, , 
2019/12/10, 71, 15, , 17, , 
2019/12/11, 47, 7, , 11, , 
2019/12/12, 26, 5, , 8, , 
2019/12/13, 17, 6, , 12, , 
2019/12/14, 21, 5, , 13, , 
2019/12/15, 19, 9, , 15, , 
2019/12/16, 30, 9, , 15, , 
2019/12/17, 28, 9, , 19, , 
2019/12/18, 28, 4, , 12, , 
2019/12/19, 15, 5, , 8, , 
2019/12/20, 20, 7, , 3, , 
2019/12/21, 21, 12, , 4, , 
2019/12/22, 31, 12, , 20, , 
2019/12/23, 32, 17, , 26, , 
2019/12/24, 55, 15, , 20, , 
2019/12/25, 55, 17, , 22, , 
2019/12/26, 54, 12, , 25, , 
2019/12/27, 37, 22, , 29, , 
2019/12/28, 65, 16, , 28, , 
2019/12/29, 51, , , , , 
2019/7/1, 56, 29, , 10, , 
2019/7/2, 52, 25, , 9, , 
2019/7/3, 48, 25, , 7, , 
2019/7/4, 45, 27, , 9, , 
2019/7/5, 50, 20, , 11, , 
2019/7/6, 39, 17, , 7, , 
2019/7/7, 36, 20, , 7, , 
2019/7/8, 40, 16, , 7, , 
2019/7/9, 31, 12, , 12, , 
2019/7/10, 29, 20, , 20, , 
2019/7/11, 42, 26, , 25, , 
2019/7/12, 53, 45, , 11, , 
2019/7/13, 63, 38, , 4, , 
2019/7/14, 60, 19, , 11, , 
2019/7/15, 46, 23, , 10, , 
2019/7/16, 46, 24, , 11, , 
2019/7/17, 49, 21, , 9, , 
2019/7/18, 45, 24, , 9, , 
2019/7/19, 51, 26, , 6, , 
2019/7/20, 51, 33, , 5, , 
2019/7/21, 56, 34, , 10, , 
2019/7/22, 55, 31, , 10, , 
2019/7/23, 48, 29, , 13, , 
2019/7/24, 53, 31, , 12, , 
2019/7/25, 54, 26, , 7, , 
2019/7/26, 45, 13, , 3, , 
2019/7/27, 23, 9, , 3, , 
2019/7/28, 19, 12, , 12, , 
2019/7/29, 26, 15, , 9, , 
2019/7/30, 24, 20, , 6, , 
2019/7/31, 36, 27, , 7, , 
2019/8/1, 46, 25, , 13, , 
2019/8/2, 42, 22, , 11, , 
2019/8/3, 50, 18, , 8, , 
2019/8/4, 44, 20, , 11, , 
2019/8/5, 44, 23, , 11, , 
2019/8/6, 42, 18, , 7, , 
2019/8/7, 32, 14, , 7, , 
2019/8/8, 28, 21, , 4, , 
2019/8/9, 36, 21, , 4, , 
2019/8/10, 28, 17, , 6, , 
2019/8/11, 38, 21, , 7, , 
2019/8/12, 48, 16, , 8, , 
2019/8/13, 41, 17, , 9, , 
2019/8/14, 43, 19, , 10, , 
2019/8/15, 45, 18, , 6, , 
2019/8/16, 44, 19, , 13, , 
2019/8/17, 46, 20, , 15, , 
2019/8/18, 44, 21, , 9, , 
2019/8/19, 43, 15, , 5, , 
2019/8/20, 39, 16, , 6, , 
2019/8/21, 46, 19, , 14, , 
2019/8/22, 46, 18, , 19, , 
2019/8/23, 49, 20, , 17, , 
2019/8/24, 56, 19, , 8, , 
2019/8/25, 55, 18, , 8, , 
2019/8/26, 52, 16, , 11, , 
2019/8/27, 51, 20, , 25, , 
2019/8/28, 57, 25, , 25, , 
2019/8/29, 65, 25, , 17, , 
2019/8/30, 61, 25, , 19, , 
2019/8/31, 65, 25, , 19, , 
2019/9/1, 67, 23, , 10, , 
2019/9/2, 66, 21, , 12, , 
2019/9/3, 57, 19, , 18, , 
2019/9/4, 55, 18, , 7, , 
2019/9/5, 51, 14, , 9, , 
2019/9/6, 41, 12, , 7, , 
2019/9/7, 37, 16, , 7, , 
2019/9/8, 51, 21, , 13, , 
2019/9/9, 56, 27, , 6, , 
2019/9/10, 48, 14, , 7, , 
2019/9/11, 41, 18, , 13, , 
2019/9/12, 50, 20, , 14, , 
2019/9/13, 55, 20, , 10, , 
2019/9/14, 61, 23, , 12, , 
2019/9/15, 65, 23, , 18, , 
2019/9/16, 62, 28, , 15, , 
2019/9/17, 73, 26, , 19, , 
2019/9/18, 71, 27, , 21, , 
2019/9/19, 71, 31, , 13, , 
2019/9/20, 76, 27, , 11, , 
2019/9/21, 71, 22, , 6, , 
2019/9/22, 63, 15, , 19, , 
2019/9/23, 48, 21, , 19, , 
2019/9/24, 60, 20, , 12, , 
2019/9/25, 59, 16, , 20, , 
2019/9/26, 52, 24, , 25, , 
2019/9/27, 66, 18, , 25, , 
2019/9/28, 53, 20, , 22, , 
2019/9/29, 55, 20, , 28, , 
2019/9/30, 55, 24, , 22, , 
2019/4/1, 28, 9, , 19, , 
2019/4/2, 31, 12, , 14, , 
2019/4/3, 34, 8, , 10, , 
2019/4/4, 21, 5, , 10, , 
2019/4/5, 13, 4, , 5, , 
2019/4/6, 12, 3, , 6, , 
2019/4/7, 10, 5, , 10, , 
2019/4/8, 19, 6, , 7, , 
2019/4/9, 18, 4, , 8, , 
2019/4/10, 12, 5, , 15, , 
2019/4/11, 17, 6, , 17, , 
2019/4/12, 22, 9, , 21, , 
2019/4/13, 33, 8, , 11, , 
2019/4/14, 29, 9, , 13, , 
2019/4/15, 33, 7, , 13, , 
2019/4/16, 22, 9, , 9, , 
2019/4/17, 29, 9, , 6, , 
2019/4/18, 32, 2, , 8, , 
2019/4/19, 10, 7, , 5, , 
2019/4/20, 22, 6, , 6, , 
2019/4/21, 22, 9, , 11, , 
2019/4/22, 29, 10, , 9, , 
2019/4/23, 31, 3, , 9, , 
2019/4/24, 10, 4, , 6, , 
2019/4/25, 10, 6, , 12, , 
2019/4/26, 13, 10, , 26, , 
2019/4/27, 30, 10, , 12, , 
2019/4/28, 28, 9, , 15, , 
2019/4/29, 29, 9, , 13, , 
2019/4/30, 27, 9, , 8, , 
2019/5/1, 25, 7, , 7, , 
2019/5/2, 20, 8, , 9, , 
2019/5/3, 25, 5, , 6, , 
2019/5/4, 14, 5, , 6, , 
2019/5/5, 15, 6, , 13, , 
2019/5/6, 20, 10, , 8, , 
2019/5/7, 32, 7, , 4, , 
2019/5/8, 21, 6, , 5, , 
2019/5/9, 15, 5, , 4, , 
2019/5/10, 12, 8, , 10, , 
2019/5/11, 21, 7, , 7, , 
2019/5/12, 16, 5, , 14, , 
2019/5/13, 12, 9, , 14, , 
2019/5/14, 20, 14, , 19, , 
2019/5/15, 37, 12, , 11, , 
2019/5/16, 30, 12, , 4, , 
2019/5/17, 24, 7, , 3, , 
2019/5/18, 15, 6, , 5, , 
2019/5/19, 17, 8, , 9, , 
2019/5/20, 18, 10, , 12, , 
2019/5/21, 21, 12, , 12, , 
2019/5/22, 30, 19, , 21, , 
2019/5/23, 44, 16, , 7, , 
2019/5/24, 35, 9, , 4, , 
2019/5/25, 21, 8, , 5, , 
2019/5/26, 18, 8, , 11, , 
2019/5/27, 20, 11, , 7, , 
2019/5/28, 21, 9, , 7, , 
2019/5/29, 18, 10, , 10, , 
2019/5/30, 19, 11, , 14, , 
2019/5/31, 24, 15, , 12, , 
2019/6/1, 31, 16, , 9, , 
2019/6/2, 36, 21, , 16, , 
2019/6/3, 48, 21, , 10, , 
2019/6/4, 42, 14, , 3, , 
2019/6/5, 25, 11, , 6, , 
2019/6/6, 19, 13, , 5, , 
2019/6/7, 19, 9, , 5, , 
2019/6/8, 21, 18, , 5, , 
2019/6/9, 35, 12, , 8, , 
2019/6/10, 27, 11, , 7, , 
2019/6/11, 25, 8, , 10, , 
2019/6/12, 16, 14, , 9, , 
2019/6/13, 27, 17, , 9, , 
2019/6/14, 33, 13, , 5, , 
2019/6/15, 22, 13, , 8, , 
2019/6/16, 26, 16, , 16, , 
2019/6/17, 31, , , 5, , 
2019/6/19, 18, 11, , 9, , 
2019/6/20, 23, 12, , 7, , 
2019/6/21, 30, 12, , 6, , 
2019/6/22, 30, 19, , 13, , 
2019/6/23, 45, 22, , 9, , 
2019/6/24, 43, 20, , 11, , 
2019/6/25, 35, 29, , 10, , 
2019/6/26, 52, 42, , 9, , 
2019/6/27, 59, 41, , 14, , 
2019/6/28, 56, 27, , 11, , 
2019/6/29, 50, 28, , 9, , 
2019/6/30, 52, 29, , 12, , 
2019/1/1, 73, 36, 4, 35, , 
2019/1/2, 80, 26, 8, 29, , 
2019/1/3, 59, 34, 3, 36, , 
2019/1/4, 71, 28, 3, 31, , 
2019/1/5, 69, 28, 5, 34, , 
2019/1/6, 71, 22, 6, 33, , 
2019/1/7, 55, 28, 8, 34, , 
2019/1/8, 58, 23, 8, 29, , 
2019/1/9, 50, 11, 14, 18, , 
2019/1/10, 25, 20, 7, 30, , 
2019/1/11, 42, 22, 12, 24, , 
2019/1/12, 55, 23, 7, 26, , 
2019/1/13, 64, 44, 2, 42, , 
2019/1/14, 96, 47, 7, 37, , 
2019/1/15, 92, 34, 11, 25, , 
2019/1/16, 71, 36, 2, 28, , 
2019/1/17, 88, 39, 10, 25, , 
2019/1/18, 83, 25, 9, 20, , 
2019/1/19, 66, 17, 21, 15, , 
2019/1/20, 54, 14, 16, 24, , 
2019/1/21, 38, 16, 17, 10, , 
2019/1/22, 49, 10, 28, 8, , 
2019/1/23, 27, , 29, , , 
2019/1/25, 29, , 13, , , 
2019/1/28, 14, 9, 27, 9, , 
2019/1/29, 19, 8, 30, 8, , 
2019/1/30, 19, 6, , 5, , 
2019/1/31, 16, 6, 32, 6, , 
2019/2/1, 16, 4, 32, 5, , 
2019/2/2, 13, 6, 24, 12, , 
2019/2/3, 15, 18, 8, 32, , 
2019/2/4, 46, 30, 10, 30, , 
2019/2/5, 70, 27, 11, 25, , 
2019/2/6, 64, 28, 7, 31, , 
2019/2/7, 66, 27, 15, 23, , 
2019/2/8, 64, 23, 15, 20, , 
2019/2/9, 62, 14, 23, 7, , 
2019/2/10, 46, 13, 22, 14, , 
2019/2/11, 23, 15, 21, 16, , 
2019/2/12, 29, 28, 17, 25, , 
2019/2/13, 57, 29, 20, 27, , 
2019/2/14, 60, 34, 15, 32, , 
2019/2/15, 69, 30, 22, 19, , 
2019/2/16, 63, 16, , 17, , 
2019/2/17, 42, 24, 19, 22, , 
2019/2/18, 48, 34, 26, 26, , 
2019/2/19, 59, 38, , 27, , 
2019/2/20, 65, 41, , 27, , 
2019/2/21, 72, 39, , 30, , 
2019/2/22, 66, 32, , 31, , 
2019/2/23, 60, 33, , 24, , 
2019/2/24, 66, 33, , 32, , 
2019/2/25, 65, 34, , 27, , 
2019/2/26, 66, 25, , 29, , 
2019/2/27, 49, 25, , 34, , 
2019/2/28, 53, 29, , 26, , 
2019/3/1, 60, 25, , 24, , 
2019/3/2, 60, 18, , 16, , 
2019/3/3, 46, 14, , 7, , 
2019/3/4, 31, 14, , 9, , 
2019/3/5, 29, 12, , 8, , 
2019/3/6, 26, 7, , 9, , 
2019/3/7, 18, 10, , 18, , 
2019/3/8, 22, 11, , 20, , 
2019/3/9, 32, 16, , 17, , 
2019/3/10, 50, 13, , 20, , 
2019/3/11, 40, 14, , 19, , 
2019/3/12, 39, 11, , 10, , 
2019/3/13, 25, 10, , 18, , 
2019/3/14, 19, 16, , 31, , 
2019/3/15, 37, 22, , 20, , 
2019/3/16, 49, 17, , 17, , 
2019/3/17, 38, 17, , 9, , 
2019/3/18, 25, 12, , 10, , 
2019/3/19, 16, 11, , 11, , 
2019/3/20, 17, 12, , 16, , 
2019/3/21, 25, 16, , 20, , 
2019/3/22, 41, 17, , 15, , 
2019/3/23, 41, 19, , 11, , 
2019/3/24, 49, 15, , 15, , 
2019/3/25, 35, 16, , 10, , 
2019/3/26, 28, 14, , 23, , 
2019/3/27, 25, 12, , 19, , 
2019/3/28, 27, 13, , 16, , 
2019/3/29, 31, 12, , 11, , 
2019/3/30, 33, 12, , 11, , 
2019/3/31, 38, 8, , 16, , 
2018/12/10, 94, 42, 2, 28, , 
2018/12/11, 79, 36, 9, 23, , 
2018/12/12, 78, 20, 27, 12, , 
2018/12/13, 56, 9, 23, 14, , 
2018/12/14, 23, 16, 15, 20, , 
2018/12/15, 41, 12, 22, 8, , 
2018/12/16, 30, 20, 15, 26, , 
2018/12/17, 40, 26, 2, 25, , 
2018/12/18, 57, 22, 15, 19, , 
2018/12/19, 58, 14, 9, 18, , 
2018/12/20, 39, 18, 11, 18, , 
2018/12/21, 52, 23, 7, 21, , 
2018/12/22, 68, 22, 5, 14, , 
2018/12/23, 66, 29, 3, 27, , 
2018/12/24, 76, 26, 6, 23, , 
2018/12/25, 69, 27, 5, 26, , 
2018/12/26, 66, 36, 2, 26, , 
2018/12/27, 82, 37, 7, 22, , 
2018/12/28, 84, 25, 12, 19, , 
2018/12/29, 61, 19, 9, 23, , 
2018/12/30, 50, , , , , 
2018/7/1, 37, 10, 36, 8, 2, 
2018/7/2, 35, 13, 37, 15, 2, 
2018/7/3, 43, 17, 35, 15, 2, 
2018/7/4, 48, 15, 39, 7, 2, 
2018/7/5, 41, 14, 35, 10, 2, 
2018/7/6, 41, 18, 40, 12, 2, 
2018/7/7, 50, 19, 44, 9, 2, 
2018/7/8, 56, 19, 39, 11, 2, 
2018/7/9, 57, 20, 46, 9, 2, 
2018/7/10, 61, 20, 44, 10, 2, 
2018/7/11, 58, 19, 44, 11, , 
2018/7/12, 57, 23, 38, 10, 2, 
2018/7/13, 64, 20, 43, 7, 2, 
2018/7/14, 55, 18, 36, 7, 2, 
2018/7/15, 53, 14, 39, 6, 2, 
2018/7/16, 42, 15, 40, 14, 2, 
2018/7/17, 43, 24, 40, 14, 2, 
2018/7/18, 52, 22, 37, 17, 2, 
2018/7/19, 57, 24, 38, 13, , 
2018/7/20, 64, 17, 41, 5, , 
2018/7/21, 51, 13, 46, 6, 2, 
2018/7/22, 42, 18, 41, 14, 2, 
2018/7/23, 51, 19, 38, 13, 2, 
2018/7/24, 53, 19, 42, 14, 2, 
2018/7/25, 49, 24, 39, 18, 2, 
2018/7/26, 59, 22, 39, 17, 2, 
2018/7/27, 60, 17, 45, 10, , 
2018/7/28, 50, 17, 40, 5, , 
2018/7/29, 55, 22, 38, 14, 2, 
2018/7/30, 65, 19, 43, 17, 2, 
2018/7/31, 56, 22, 53, 24, 2, 
2018/8/1, 61, 26, 41, 20, 2, 
2018/8/2, 68, 41, 38, 17, 2, 
2018/8/3, 87, 40, 45, 9, 2, 
2018/8/4, 76, 37, 53, 7, 2, 
2018/8/5, 74, 40, 44, 19, 2, 
2018/8/6, 80, 57, 36, 14, 2, 
2018/8/7, 96, 43, 40, 13, 2, 
2018/8/8, 75, 27, 37, 8, , 
2018/8/9, 59, 21, 38, 9, , 
2018/8/10, 54, 27, 40, 8, 2, 
2018/8/11, 66, 33, 42, 10, 2, 
2018/8/12, 69, 19, 33, 11, 2, 
2018/8/13, 51, 17, 39, 10, 2, 
2018/8/14, 50, 18, 48, 7, 3, 
2018/8/15, 53, 24, 45, 12, 4, 
2018/8/16, 61, 21, 60, 11, 4, 
2018/8/17, 58, 15, 51, 4, 4, 
2018/8/18, 51, 16, 50, 11, 5, 
2018/8/19, 56, 19, 54, 15, 5, 
2018/8/20, 59, 20, 9, 20, 4, 
2018/8/21, 56, 21, , 16, , 
2018/8/22, 57, 23, , 20, , 
2018/8/23, 63, 23, , 14, , 
2018/8/24, 63, 17, , 7, , 
2018/8/25, 54, 18, , 10, , 
2018/8/26, 57, 21, , 26, , 
2018/8/27, 61, 31, , 21, , 
2018/8/28, 74, 31, , 21, , 
2018/8/29, 71, 22, , 17, , 
2018/8/30, 59, 25, , 17, , 
2018/8/31, 66, 23, , 13, , 
2018/9/1, 67, 30, , 13, , 
2018/9/2, 76, 37, , 16, , 
2018/9/3, 83, 36, , 17, , 
2018/9/4, 76, 29, , 11, , 
2018/9/5, 64, 22, , 14, , 
2018/9/6, 59, 22, , 12, , 
2018/9/7, 60, 18, , 14, , 
2018/9/8, 57, 16, , 19, , 
2018/9/9, 57, 14, , 13, , 
2018/9/10, 51, 17, 12, 16, , 
2018/9/11, 55, 20, 32, 21, , 
2018/9/12, 57, 24, 34, 26, , 
2018/9/13, 65, 28, 35, 22, , 
2018/9/14, 49, 23, 34, 12, , 
2018/9/15, 45, 14, 37, 12, , 
2018/9/16, 27, 26, 29, 20, , 
2018/9/17, 47, 26, 27, 19, , 
2018/9/18, 54, 25, 32, 23, , 
2018/9/19, 60, 27, 29, 27, , 
2018/9/20, 64, 31, 30, 28, , 
2018/9/21, 56, 27, 35, 19, , 
2018/9/22, 55, 24, 38, 20, , 
2018/9/23, 53, 19, 22, 13, , 
2018/9/24, 33, 21, 27, 18, , 
2018/9/25, 40, 20, 21, 8, , 
2018/9/26, 46, 19, 26, 20, , 
2018/9/27, 44, 24, 24, 29, , 
2018/9/28, 53, 23, 30, 26, , 
2018/9/29, 58, 21, 32, 23, , 
2018/9/30, 59, 15, 22, 14, , 
2018/10/1, 42, 15, 22, 19, , 
2018/10/2, 32, 19, 18, 25, , 
2018/10/3, 36, 22, 16, 31, , 
2018/10/4, 47, 27, 21, 36, , 
2018/10/5, 58, 27, 27, 26, , 
2018/10/6, 56, 17, 21, 5, , 
2018/10/7, 30, , , , , 
2018/4/1, 28, 10, , 17, , 
2018/4/2, 27, 7, , 8, , 
2018/4/3, 19, 7, , 6, , 
2018/4/4, 19, 12, , 21, , 
2018/4/5, 33, 16, , 31, , 
2018/4/6, 40, 11, , 10, , 
2018/4/7, 31, 4, , 5, , 
2018/4/8, 15, 4, , 8, , 
2018/4/9, 14, 4, , 11, , 
2018/4/10, 15, 4, , 10, , 
2018/4/11, 14, 6, , 11, , 
2018/4/12, 21, 6, , 12, , 
2018/4/13, 19, 8, , 18, , 
2018/4/14, 28, 8, , 9, , 
2018/4/15, 27, 7, , 7, , 
2018/4/16, 23, 13, , 23, , 
2018/4/17, 36, 16, , 22, , 
2018/4/18, 46, 23, , 13, , 
2018/4/19, 49, 31, , 12, , 
2018/4/20, 56, 30, , 13, , 
2018/4/21, 59, 29, , 18, , 
2018/4/22, 65, 27, , 21, , 
2018/4/23, 59, 24, , 19, , 
2018/4/24, 53, 27, , 21, , 
2018/4/25, 58, 29, , 21, , 
2018/4/26, 55, 26, , 9, , 
2018/4/27, 51, 16, , 3, , 
2018/4/28, 33, 12, , 3, , 
2018/4/29, 25, 7, , 7, , 
2018/4/30, 15, 5, , 7, , 
2018/5/1, 18, 8, , 13, , 
2018/5/2, 28, 14, , 20, , 
2018/5/3, 32, 12, , 11, , 
2018/5/4, 29, 15, , 10, , 
2018/5/5, 43, 15, , 7, , 
2018/5/6, 47, 13, , 20, , 
2018/5/7, 38, 15, , 22, , 
2018/5/8, 43, 18, , 16, , 
2018/5/9, 55, 12, , 14, , 
2018/5/10, 41, 14, , 15, , 
2018/5/11, 43, 14, , 4, , 
2018/5/12, 41, 8, , 4, , 
2018/5/13, 22, 6, , 7, 2, 
2018/5/14, 17, 8, 35, 7, 2, 
2018/5/15, 26, 11, 38, 11, 2, 
2018/5/16, 35, 14, 40, 14, 2, 
2018/5/17, 36, 14, 30, 17, 2, 
2018/5/18, 42, 15, 37, 13, 2, 
2018/5/19, 50, 10, 40, 7, 2, 
2018/5/20, 32, 13, 35, 14, , 
2018/5/21, 38, 14, 27, 23, 2, 
2018/5/22, 44, 17, 37, 22, 2, 
2018/5/23, 51, 17, 28, 18, 2, 
2018/5/24, 46, 13, 24, 17, 2, 
2018/5/25, 36, 11, 35, 12, 2, 
2018/5/26, 39, 11, 39, 12, 1, 
2018/5/27, 37, 10, 22, 17, 2, 
2018/5/28, 37, 11, 23, 18, 2, 
2018/5/29, 38, 11, 28, 12, 2, 
2018/5/30, 41, 11, 31, 10, , 
2018/5/31, 36, 18, 29, 17, 2, 
2018/6/1, 47, 12, 37, 7, 2, 
2018/6/2, 36, 14, 36, 13, 2, 
2018/6/3, 45, 8, 27, 5, 2, 
2018/6/4, 26, 7, 28, 6, 2, 
2018/6/5, 22, 6, 24, 12, 1, 
2018/6/6, 23, 11, 33, 17, 2, 
2018/6/7, 38, 12, 17, 13, 2, 
2018/6/8, 41, 9, 28, 9, , 
2018/6/9, 31, 9, 26, 9, 2, 
2018/6/10, 30, 6, 27, 6, 2, 
2018/6/11, 21, 7, 27, 14, 2, 
2018/6/12, 25, 9, 29, 10, 2, 
2018/6/13, 28, 10, 33, 13, 2, 
2018/6/14, 32, 15, 36, 15, 2, 
2018/6/15, 45, 11, 36, 7, , 
2018/6/16, 36, 10, 37, 7, , 
2018/6/17, 31, 11, 23, 11, , 
2018/6/18, 36, 15, 40, 11, 2, 
2018/6/19, 40, 17, 39, 15, 2, 
2018/6/20, 45, 17, 36, 15, 2, 
2018/6/21, 48, 18, 40, 20, 2, 
2018/6/22, 49, 20, 56, 12, 2, 
2018/6/23, 52, 29, 51, 12, 2, 
2018/6/24, 61, 39, 49, 14, 2, 
2018/6/25, 74, 39, 45, 14, 2, 
2018/6/26, 78, 33, 35, 13, 2, 
2018/6/27, 69, 24, 34, 14, 2, 
2018/6/28, 59, 22, 33, 11, 2, 
2018/6/29, 58, 19, 30, 7, 2, 
2018/6/30, 53, 12, 33, 3, , 
2018/1/1, 25, 9, , 14, , 
2018/1/2, 23, 10, , 16, , 
2018/1/3, 34, 7, , 13, , 
2018/1/4, 24, 5, , 11, , 
2018/1/5, 16, 3, , 12, , 
2018/1/6, 15, 3, , 11, , 
2018/1/7, 12, 10, , 26, , 
2018/1/8, 31, 16, , 25, , 
2018/1/9, 53, 10, , 19, , 
2018/1/10, 38, 5, , 13, , 
2018/1/11, 16, 13, , 29, , 
2018/1/12, 38, 18, , 27, , 
2018/1/13, 58, 7, , 14, , 
2018/1/14, 28, 13, , 22, , 
2018/1/15, 45, 16, , 28, , 
2018/1/16, 49, 14, , 25, , 
2018/1/17, 42, 19, , 34, , 
2018/1/18, 54, 23, , 36, , 
2018/1/19, 63, 24, , 33, , 
2018/1/20, 69, 10, , 21, , 
2018/1/21, 34, 17, , 25, , 
2018/1/22, 50, 21, , 29, , 
2018/1/23, 57, 28, , 33, , 
2018/1/24, 74, 27, , 27, , 
2018/1/25, 73, 4, , 11, , 
2018/1/26, 14, 4, , 10, , 
2018/1/27, 12, 5, , 10, , 
2018/1/28, 17, 16, , 27, , 
2018/1/29, 41, 20, , 30, , 
2018/1/30, 56, 20, , 34, , 
2018/1/31, 55, 25, , 31, , 
2018/2/1, 61, 5, , 17, , 
2018/2/2, 15, 8, , 18, , 
2018/2/3, 24, 5, , 14, , 
2018/2/4, 19, 4, , 20, , 
2018/2/5, 20, 7, , 16, , 
2018/2/6, 22, 8, , 20, , 
2018/2/7, 25, 11, , 26, , 
2018/2/8, 33, 21, , 34, , 
2018/2/9, 56, 7, , 16, , 
2018/2/10, 24, 14, , 22, , 
2018/2/11, 46, 7, , 16, , 
2018/2/12, 18, 14, , 23, , 
2018/2/13, 41, 7, , 10, , 
2018/2/14, 24, 16, , 23, , 
2018/2/15, 48, 23, , 22, , 
2018/2/16, 68, 23, , 18, , 
2018/2/17, 62, 8, , 11, , 
2018/2/18, 19, 6, , 17, , 
2018/2/19, 18, 8, , 18, , 
2018/2/20, 20, 7, , 15, , 
2018/2/21, 19, 13, , 19, , 
2018/2/22, 39, 17, , 23, , 
2018/2/23, 50, 19, , 27, , 
2018/2/24, 57, 24, , 29, , 
2018/2/25, 66, 25, , 35, , 
2018/2/26, 67, 18, , 26, , 
2018/2/27, 55, 13, , 24, , 
2018/2/28, 47, 6, , 11, , 
2018/3/1, 21, 7, , 22, , 
2018/3/2, 25, 6, , 7, , 
2018/3/3, 23, 6, , 7, , 
2018/3/4, 21, 5, , 10, , 
2018/3/5, 19, 5, , 12, , 
2018/3/6, 19, 6, , 10, , 
2018/3/7, 20, 10, , 20, , 
2018/3/8, 35, 13, , 20, , 
2018/3/9, 44, 7, , 14, , 
2018/3/10, 23, 7, , 4, , 
2018/3/11, 21, 7, , 7, , 
2018/3/12, 21, 10, , 17, , 
2018/3/13, 30, 10, , 19, , 
2018/3/14, 31, 6, , 7, , 
2018/3/15, 17, 6, , 7, , 
2018/3/16, 18, 5, , 7, , 
2018/3/17, 17, 4, , 7, , 
2018/3/18, 17, 4, , 7, , 
2018/3/19, 15, 5, , 9, , 
2018/3/20, 18, 8, , 11, , 
2018/3/21, 27, 11, , 16, , 
2018/3/22, 34, 17, , 25, , 
2018/3/23, 51, 7, , 3, , 
2018/3/24, 19, 4, , 6, , 
2018/3/25, 14, 8, , 18, , 
2018/3/26, 34, 9, , 17, , 
2018/3/27, 31, 16, , 22, , 
2018/3/28, 46, 9, , 5, , 
2018/3/29, 28, 6, , 2, , 
2018/3/30, 18, 4, , 4, , 
2018/3/31, 15, 8, , 15, , 
2017/10/1, 33, 16, , 21, , 
2017/10/2, 41, 17, , 22, , 
2017/10/3, 43, 17, , 17, , 
2017/10/4, 37, 21, , 32, , 
2017/10/5, 47, 14, , 20, , 
2017/10/6, 36, 10, , 16, , 
2017/10/7, 23, 16, , 28, , 
2017/10/8, 38, 17, , 35, , 
2017/10/9, 34, 21, , 37, , 
2017/10/10, 45, 30, , 43, , 
2017/10/11, 64, 32, , 39, , 
2017/10/12, 70, 32, , 32, , 
2017/10/13, 59, 30, , 29, , 
2017/10/14, 57, 26, , 24, , 
2017/10/15, 54, 21, , 19, , 
2017/10/16, 41, 19, , 21, , 
2017/10/17, 41, 9, , 18, , 
2017/10/18, 23, 12, , 22, , 
2017/10/19, 34, 15, , 22, , 
2017/10/20, 41, 12, , 14, , 
2017/10/21, 40, 9, , 19, , 
2017/10/22, 23, 13, , 29, , 
2017/10/23, 30, 19, , 33, , 
2017/10/24, 46, 22, , 36, , 
2017/10/25, 50, 26, , 39, , 
2017/10/26, 62, 29, , 29, , 
2017/10/27, 62, 13, , 18, , 
2017/10/28, 36, 11, , 20, , 
2017/10/29, 33, 10, , 19, , 
2017/10/30, 26, 14, , 23, , 
2017/10/31, 37, 19, , 24, , 
2017/11/1, 51, 19, , 25, , 
2017/11/2, 49, 19, , 25, , 
2017/11/3, 50, 10, , 16, , 
2017/11/4, 34, 6, , 16, , 
2017/11/5, 19, 8, , 20, , 
2017/11/6, 21, 15, , 26, , 
2017/11/7, 39, 14, , 25, , 
2017/11/8, 37, 5, , 12, , 
2017/11/9, 19, 9, , 27, , 
2017/11/10, 31, 16, , 30, , 
2017/11/11, 47, 16, , 26, , 
2017/11/12, 51, 12, , 24, , 
2017/11/13, 31, 18, , 31, , 
2017/11/14, 43, 27, , 39, , 
2017/11/15, 60, 37, , 48, , 
2017/11/16, 80, 33, , 47, , 
2017/11/17, 75, 22, , 31, , 
2017/11/18, 53, 22, , 32, , 
2017/11/19, 57, 35, , 43, , 
2017/11/20, 76, 38, , 45, , 
2017/11/21, 83, 49, , 52, , 
2017/11/22, 102, 40, , 47, , 
2017/11/23, 77, 34, , 38, , 
2017/11/24, 68, 33, , 31, , 
2017/11/25, 66, 7, , 15, , 
2017/11/26, 22, 21, , 30, , 
2017/11/27, 47, 32, , 34, , 
2017/11/28, 71, 20, , 24, , 
2017/11/29, 51, 8, , 20, , 
2017/11/30, 23, 8, , 17, , 
2017/12/1, 21, 8, , 21, , 
2017/12/2, 24, 9, , 21, , 
2017/12/3, 29, 18, , 31, , 
2017/12/4, 48, 22, , 36, , 
2017/12/5, 61, 23, , 33, , 
2017/12/6, 66, 33, , 36, , 
2017/12/7, 84, 44, , 39, , 
2017/12/8, 114, 32, , 28, , 
2017/12/9, 90, 8, , 8, , 
2017/12/10, 23, 5, , 9, , 
2017/12/11, 17, 10, , 23, , 
2017/12/12, 29, 17, , 28, , 
2017/12/13, 53, 8, , 14, , 
2017/12/14, 30, 5, , 17, , 
2017/12/15, 18, 15, , 29, , 
2017/12/16, 45, 6, , 18, , 
2017/12/17, 21, 21, , 36, , 
2017/12/18, 57, 20, , 38, , 
2017/12/19, 53, 34, , 45, , 
2017/12/20, 82, 23, , 39, , 
2017/12/21, 58, 37, , 43, , 
2017/12/22, 94, 21, , 26, , 
2017/12/23, 59, 19, , 23, , 
2017/12/24, 61, 21, , 20, , 
2017/12/25, 67, 11, , 17, , 
2017/12/26, 39, 4, , 8, , 
2017/12/27, 12, 5, , 14, , 
2017/12/28, 18, 7, , 15, , 
2017/12/29, 22, 8, , 13, , 
2017/12/30, 25, , , , , 
2017/7/1, 15, 3, , 6, , 
2017/7/2, 12, 8, , 11, , 
2017/7/3, 21, 11, , 12, , 
2017/7/4, 18, 19, , 8, , 
2017/7/5, 35, 18, , 17, , 
2017/7/6, 43, 14, , 16, , 
2017/7/7, 36, 11, , 14, , 
2017/7/8, 35, 18, , 18, , 
2017/7/9, 52, 18, , 12, , 
2017/7/10, 39, 12, , 19, , 
2017/7/11, 34, 15, , 25, , 
2017/7/12, 47, 25, , 27, , 
2017/7/13, 56, 29, , 20, , 
2017/7/14, 54, 18, , 9, , 
2017/7/15, 42, 17, , 9, , 
2017/7/16, 45, 17, , 18, , 
2017/7/17, 42, 30, , 14, , 
2017/7/18, 51, 15, , 7, , 
2017/7/19, 31, 10, , 9, , 
2017/7/20, 30, 10, , 11, , 
2017/7/21, 29, 8, , 8, , 
2017/7/22, 35, 13, , 12, , 
2017/7/23, 46, 12, , 10, , 
2017/7/24, 33, 7, , 7, , 
2017/7/25, 20, 8, , 10, , 
2017/7/26, 25, 14, , 17, , 
2017/7/27, 37, 16, , 19, , 
2017/7/28, 46, 13, , 16, , 
2017/7/29, 39, 27, , 14, , 
2017/7/30, 50, 34, , 13, , 
2017/7/31, 55, 13, , 9, , 
2017/8/1, 32, 17, , 15, , 
2017/8/2, 42, 21, , 19, , 
2017/8/3, 51, 14, , 15, , 
2017/8/4, 43, 18, , 12, , 
2017/8/5, 52, 11, , 5, , 
2017/8/6, 28, 17, , 8, , 
2017/8/7, 36, 8, , 5, , 
2017/8/8, 22, 13, , 7, , 
2017/8/9, 27, 6, , 5, , 
2017/8/10, 16, 6, , 8, , 
2017/8/11, 18, 8, , 6, , 
2017/8/12, 26, 11, , 13, , 
2017/8/13, 32, 17, , 10, , 
2017/8/14, 36, 23, , 4, , 
2017/8/15, 46, 28, , 14, , 
2017/8/16, 61, 22, , 13, , 
2017/8/17, 50, 25, , 22, , 
2017/8/18, 58, 16, , 8, , 
2017/8/19, 45, 14, , 8, , 
2017/8/20, 43, 15, , 12, , 
2017/8/21, 38, 23, , 9, , 
2017/8/22, 45, 38, , 19, , 
2017/8/23, 60, 24, , 14, , 
2017/8/24, 54, 22, , 22, , 
2017/8/25, 50, 26, , 19, , 
2017/8/26, 54, 20, , 8, , 
2017/8/27, 46, 13, , 15, , 
2017/8/28, 40, 10, , 11, , 
2017/8/29, 36, 10, , 11, , 
2017/8/30, 37, 8, , 10, , 
2017/8/31, 28, 9, , 9, , 
2017/9/1, 26, 7, , 9, , 
2017/9/2, 23, 14, , 21, , 
2017/9/3, 40, 10, , 11, , 
2017/9/4, 30, 14, , 14, , 
2017/9/5, 40, 19, , 55, , 
2017/9/6, 50, , , , , 
2017/9/11, 34, 10, , 11, , 
2017/9/12, 25, 16, , 24, , 
2017/9/13, 40, 18, , 28, , 
2017/9/14, 43, 8, , 8, , 
2017/9/15, 16, 5, , 8, , 
2017/9/16, 13, 9, , 15, , 
2017/9/17, 25, 9, , 15, , 
2017/9/18, 22, 13, , 24, , 
2017/9/19, 32, 13, , 26, , 
2017/9/20, 28, 25, , 33, , 
2017/9/21, 57, 18, , 21, , 
2017/9/22, 43, 15, , 16, , 
2017/9/23, 42, 21, , 28, , 
2017/9/24, 52, 17, , 24, , 
2017/9/25, 40, 11, , 17, , 
2017/9/26, 32, 21, , 28, , 
2017/9/27, 48, 27, , 32, , 
2017/9/28, 56, 28, , 31, , 
2017/9/29, 57, 26, , 28, , 
2017/9/30, 54, 13, , 12, , 
2017/4/1, 17, 7, , 9, , 
2017/4/2, 19, 8, , 15, , 
2017/4/3, 20, 13, , 27, , 
2017/4/4, 31, 9, , 12, , 
2017/4/5, 22, 11, , 14, , 
2017/4/6, 34, 14, , 15, , 
2017/4/7, 38, 16, , 15, , 
2017/4/8, 45, 12, , 14, , 
2017/4/9, 35, 14, , 17, , 
2017/4/10, 37, 17, , 25, , 
2017/4/11, 42, 18, , 21, , 
2017/4/12, 48, 22, , 20, , 
2017/4/13, 56, 30, , 14, , 
2017/4/14, 59, 13, , 11, , 
2017/4/15, 33, 11, , 7, , 
2017/4/16, 30, 18, , 24, , 
2017/4/17, 46, 14, , 15, , 
2017/4/18, 29, 14, , 9, , 
2017/4/19, 27, 12, , 9, , 
2017/4/20, 27, 12, , 12, , 
2017/4/21, 31, 8, , 11, , 
2017/4/22, 19, 14, , 23, , 
2017/4/23, 38, 24, , 24, , 
2017/4/24, 48, 37, , 19, , 
2017/4/25, 64, 15, , 7, , 
2017/4/26, 39, 9, , 8, , 
2017/4/27, 17, 9, , 8, , 
2017/4/28, 24, 7, , 11, , 
2017/4/29, 27, 8, , 10, , 
2017/4/30, 28, 6, , 5, , 
2017/5/1, 20, 11, , 17, , 
2017/5/2, 36, 13, , 17, , 
2017/5/3, 40, 17, , 30, , 
2017/5/4, 44, 15, , 16, , 
2017/5/5, 35, 5, , 4, , 
2017/5/6, 18, 8, , 12, , 
2017/5/7, 27, 11, , 16, , 
2017/5/8, 32, 15, , 20, , 
2017/5/9, 36, 12, , 4, , 
2017/5/10, 32, 4, , 7, , 
2017/5/11, 14, 6, , 10, , 
2017/5/12, 15, 7, , 7, , 
2017/5/13, 19, 10, , 8, , 
2017/5/14, 27, 10, , 15, , 
2017/5/15, 29, 19, , 23, , 
2017/5/16, 52, 16, , 14, , 
2017/5/17, 42, 9, , 11, , 
2017/5/18, 28, 8, , 12, , 
2017/5/19, 24, 8, , 12, , 
2017/5/20, 25, 14, , 21, , 
2017/5/21, 38, 25, , 20, , 
2017/5/22, 53, 20, , 15, , 
2017/5/23, 47, 15, , 13, , 
2017/5/24, 37, 17, , 15, , 
2017/5/25, 38, 30, , 16, , 
2017/5/26, 58, 21, , 9, , 
2017/5/27, 46, 15, , 5, , 
2017/5/28, 36, 13, , 6, , 
2017/5/29, 34, 12, , 11, , 
2017/5/30, 36, 14, , 12, , 
2017/5/31, 40, 18, , 15, , 
2017/6/1, 49, 24, , 19, , 
2017/6/2, 55, 15, , 6, , 
2017/6/3, 41, 11, , 5, , 
2017/6/4, 35, 4, , 9, , 
2017/6/5, 17, 13, , 6, , 
2017/6/6, 42, 13, , 12, , 
2017/6/7, 34, 23, , 15, , 
2017/6/8, 53, 22, , 13, , 
2017/6/9, 52, 19, , 13, , 
2017/6/10, 49, 27, , 14, , 
2017/6/11, 64, 20, , 18, , 
2017/6/12, 47, 22, , 9, , 
2017/6/13, 50, 28, , 16, , 
2017/6/14, 54, 40, , 26, , 
2017/6/15, 70, 27, , 14, , 
2017/6/16, 58, 27, , 18, , 
2017/6/17, 65, 16, , 10, , 
2017/6/18, 44, 20, , 13, , 
2017/6/19, 41, 23, , 13, , 
2017/6/20, 53, 23, , 16, , 
2017/6/21, 56, 27, , 23, , 
2017/6/22, 60, 24, , 11, , 
2017/6/23, 56, 21, , 8, , 
2017/6/24, 52, 20, , 13, , 
2017/6/25, 45, 19, , 10, , 
2017/6/26, 48, 13, , 15, , 
2017/6/27, 36, 9, , 4, , 
2017/6/28, 23, 8, , 4, , 
2017/6/29, 18, 5, , 5, , 
2017/6/30, 15, 4, , 6, , 
2017/1/2, 69, 38, , 34, , 
2017/1/3, 93, 36, , 33, , 
2017/1/4, 91, 31, , 28, , 
2017/1/5, 81, 22, , 27, , 
2017/1/6, 65, 22, , 31, , 
2017/1/7, 65, 28, , 34, , 
2017/1/8, 77, 27, , 36, , 
2017/1/9, 68, 29, , 38, , 
2017/1/10, 73, 19, , 35, , 
2017/1/11, 46, 19, , 26, , 
2017/1/12, 54, 8, , 15, , 
2017/1/13, 21, 11, , 29, , 
2017/1/14, 34, 10, , 22, , 
2017/1/15, 31, 20, , 36, , 
2017/1/16, 49, 9, , 21, , 
2017/1/17, 20, 7, , 17, , 
2017/1/18, 22, 10, , 16, , 
2017/1/19, 34, 11, , 14, , 
2017/1/20, 33, 9, , 16, , 
2017/1/21, 30, 14, , 25, , 
2017/1/22, 46, 18, , 28, , 
2017/1/23, 47, 28, , 43, , 
2017/1/24, 67, 28, , 38, , 
2017/1/25, 68, 29, , 35, , 
2017/1/26, 73, 13, , 23, , 
2017/1/27, 45, 6, , 11, , 
2017/1/28, 20, 12, , 17, , 
2017/1/29, 43, 8, , 16, , 
2017/1/30, 28, 17, , 27, , 
2017/1/31, 52, 23, , 28, , 
2017/2/1, 68, 7, , 16, , 
2017/2/2, 24, 11, , 10, , 
2017/2/3, 27, 5, , 4, , 
2017/2/4, 18, 3, , 3, , 
2017/2/5, 10, 7, , 10, , 
2017/2/6, 19, 11, , 16, , 
2017/2/7, 33, 6, , 20, , 
2017/2/8, 17, 15, , 30, , 
2017/2/9, 46, 18, , 30, , 
2017/2/10, 58, 9, , 21, , 
2017/2/11, 33, 25, , 16, , 
2017/2/12, 46, 17, , 11, , 
2017/2/13, 30, 14, , 23, , 
2017/2/14, 41, 13, , 24, , 
2017/2/15, 38, 17, , 26, , 
2017/2/16, 47, 21, , 29, , 
2017/2/17, 57, 25, , 29, , 
2017/2/18, 70, 21, , 18, , 
2017/2/19, 63, 16, , 25, , 
2017/2/20, 51, 16, , 29, , 
2017/2/21, 48, 36, , 37, , 
2017/2/22, 69, 76, , 33, , 
2017/2/23, 133, 48, , 23, , 
2017/2/24, 81, 16, , 20, , 
2017/2/25, 41, 27, , 17, , 
2017/2/26, 67, 17, , 9, , 
2017/2/27, 45, 5, , 10, , 
2017/2/28, 16, 15, , 18, , 
2017/3/1, 45, 19, , 26, , 
2017/3/2, 53, 17, , 21, , 
2017/3/3, 48, 4, , 7, , 
2017/3/4, 14, 5, , 8, , 
2017/3/5, 18, 6, , 11, , 
2017/3/6, 19, 9, , 14, , 
2017/3/7, 28, 20, , 34, , 
2017/3/8, 54, 26, , 36, , 
2017/3/9, 64, 27, , 36, , 
2017/3/10, 63, 23, , 24, , 
2017/3/11, 59, 10, , 10, , 
2017/3/12, 26, 9, , 9, , 
2017/3/13, 11, 13, , 15, , 
2017/3/14, 38, 15, , 15, , 
2017/3/15, 48, 15, , 16, , 
2017/3/16, 49, 12, , 18, , 
2017/3/17, 39, 14, , 27, , 
2017/3/18, 49, 18, , 24, , 
2017/3/19, 54, 17, , 19, , 
2017/3/20, 45, 16, , 11, , 
2017/3/21, 45, 9, , 9, , 
2017/3/22, 18, 5, , 14, , 
2017/3/23, 16, 10, , 20, , 
2017/3/24, 34, 12, , 21, , 
2017/3/25, 40, 6, , 8, , 
2017/3/26, 22, 7, , 10, , 
2017/3/27, 20, 15, , 22, , 
2017/3/28, 44, 16, , 27, , 
2017/3/29, 43, 20, , 26, , 
2017/3/30, 53, 17, , 20, , 
2017/3/31, 44, 7, , 6, , 
2016/10/1, 48, 19, , 17, , 
2016/10/2, 45, 28, , 27, , 
2016/10/3, 53, 34, , 35, , 
2016/10/4, 54, 41, , 34, , 
2016/10/5, 65, 36, , 35, , 
2016/10/6, 65, 18, , 30, , 
2016/10/7, 55, 21, , 35, , 
2016/10/8, 61, 20, , 21, , 
2016/10/9, 60, 13, , 17, , 
2016/10/10, 45, 20, , 22, , 
2016/10/11, 47, 16, , 12, , 
2016/10/12, 48, 6, , 10, , 
2016/10/13, 18, 10, , 11, , 
2016/10/14, 32, 17, , 21, , 
2016/10/15, 48, 18, , 23, , 
2016/10/16, 49, 22, , 30, , 
2016/10/17, 58, 15, , 21, , 
2016/10/18, 42, 19, , 27, , 
2016/10/19, 56, 20, , 24, , 
2016/10/20, 59, 21, , 22, , 
2016/10/21, 61, 19, , 17, , 
2016/10/22, 55, 5, , 6, , 
2016/10/23, 16, 7, , 17, , 
2016/10/24, 18, 21, , 23, , 
2016/10/25, 42, 50, , 33, , 
2016/10/26, 75, 45, , 30, , 
2016/10/27, 75, 38, , 28, , 
2016/10/28, 73, 28, , 24, , 
2016/10/29, 67, 17, , 31, , 
2016/10/30, 46, 24, , 37, , 
2016/10/31, 53, 24, , 27, , 
2016/11/1, 65, 30, , 32, , 
2016/11/2, 69, 37, , 32, , 
2016/11/3, 73, 20, , 25, , 
2016/11/4, 51, 8, , 12, , 
2016/11/5, 23, 4, , 9, , 
2016/11/6, 13, 6, , 18, , 
2016/11/7, 19, 8, , 18, , 
2016/11/8, 24, 9, , 11, , 
2016/11/9, 29, 20, , 32, , 
2016/11/10, 53, 25, , 33, , 
2016/11/11, 69, 25, , 26, , 
2016/11/12, 71, 19, , 22, , 
2016/11/13, 55, 9, , 17, , 
2016/11/14, 23, 13, , 25, , 
2016/11/15, 32, 23, , 34, , 
2016/11/16, 54, 34, , 39, , 
2016/11/17, 78, 35, , 34, , 
2016/11/18, 82, 27, , 23, , 
2016/11/19, 73, 9, , 12, , 
2016/11/20, 33, 6, , 13, , 
2016/11/21, 17, 14, , 29, , 
2016/11/22, 39, 9, , 22, , 
2016/11/23, 28, 13, , 23, , 
2016/11/24, 40, 10, , 24, , 
2016/11/25, 34, 8, , 22, , 
2016/11/26, 28, 8, , 17, , 
2016/11/27, 21, 12, , 14, , 
2016/11/28, 24, 15, , 28, , 
2016/11/29, 43, 10, , 18, , 
2016/11/30, 31, 12, , 22, , 
2016/12/1, 33, 20, , 30, , 
2016/12/2, 54, 19, , 22, , 
2016/12/3, 55, 7, , 13, , 
2016/12/4, 24, 10, , 18, , 
2016/12/5, 29, , , , , 
2016/12/7, 67, 23, , 23, , 
2016/12/8, 65, 21, , 31, , 
2016/12/9, 60, 19, , 25, , 
2016/12/10, 56, 21, , 21, , 
2016/12/11, 63, 28, , 29, , 
2016/12/12, 76, 31, , 33, , 
2016/12/13, 83, 26, , 24, , 
2016/12/14, 72, 19, , 21, , 
2016/12/15, 59, 13, , 24, , 
2016/12/16, 46, 9, , 12, , 
2016/12/17, 29, 9, , 10, , 
2016/12/18, 30, 14, , 22, , 
2016/12/19, 40, 24, , 36, , 
2016/12/20, 64, 31, , 43, , 
2016/12/21, 70, 32, , 39, , 
2016/12/22, 78, 31, , 33, , 
2016/12/23, 80, 15, , 21, , 
2016/12/24, 48, 16, , 21, , 
2016/12/25, 50, 26, , 31, , 
2016/12/26, 73, 32, , 43, , 
2016/12/27, 74, 30, , 41, , 
2016/12/28, 69, 32, , 38, , 
2016/12/29, 77, 30, , 40, , 
2016/12/30, 76, 25, , 29, , 
2016/12/31, 74, 29, , 23, , 
2017/1/1, 82, 24, , 28, , 
2016/7/1, 41, 13, , 8, , 
2016/7/2, 38, 22, , 6, , 
2016/7/3, 56, 24, , 10, , 
2016/7/4, 65, 15, , 14, , 
2016/7/5, 50, 22, , 10, , 
2016/7/6, 59, 18, , 14, , 
2016/7/7, 52, 22, , 17, , 
2016/7/8, 49, 21, , 11, , 
2016/7/9, 56, 29, , 14, , 
2016/7/10, 61, 19, , 13, , 
2016/7/11, 48, 14, , 8, , 
2016/7/12, 39, 11, , 7, , 
2016/7/13, 26, 10, , 9, , 
2016/7/14, 22, 12, , 11, , 
2016/7/15, 28, 18, , 16, , 
2016/7/16, 49, 19, , 10, , 
2016/7/17, 42, 19, , 14, , 
2016/7/18, 41, 30, , 12, , 
2016/7/19, 53, 55, , 16, , 
2016/7/20, 69, 12, , 14, , 
2016/7/21, 16, 8, , 10, , 
2016/7/22, 13, 3, , 3, , 
2016/7/23, 9, 5, , 4, , 
2016/7/24, 13, 5, , 7, , 
2016/7/25, 12, 13, , 12, , 
2016/7/26, 35, 28, , 14, , 
2016/7/27, 61, 25, , 10, , 
2016/7/28, 52, 30, , 17, , 
2016/7/29, 55, 32, , 13, , 
2016/7/30, 56, 16, , 3, , 
2016/7/31, 46, 17, , 7, , 
2016/8/1, 49, 22, , 15, , 
2016/8/2, 49, 27, , 23, , 
2016/8/3, 53, 20, , 10, , 
2016/8/4, 41, 15, , 6, , 
2016/8/5, 41, 10, , 7, , 
2016/8/6, 23, 14, , 7, , 
2016/8/7, 39, 18, , 15, , 
2016/8/8, 38, 19, , 19, , 
2016/8/9, 34, 11, , 5, , 
2016/8/10, 27, 10, , 7, , 
2016/8/11, 20, 18, , 11, , 
2016/8/12, 44, 19, , 8, , 
2016/8/13, 44, 13, , 6, , 
2016/8/14, 32, 22, , 6, , 
2016/8/15, 39, 39, , 13, , 
2016/8/16, 68, 30, , 15, , 
2016/8/17, 57, 19, , 11, , 
2016/8/18, 45, 18, , 10, , 
2016/8/19, 43, 13, , 4, , 
2016/8/20, 37, 17, , 8, , 
2016/8/21, 42, 20, , 12, , 
2016/8/22, 44, 26, , 18, , 
2016/8/23, 59, 16, , 12, , 
2016/8/24, 30, 13, , 12, , 
2016/8/25, 23, 19, , 13, , 
2016/8/26, 40, 34, , 10, , 
2016/8/27, 64, 47, , 19, , 
2016/8/28, 79, 24, , 14, , 
2016/8/29, 60, 12, , 11, , 
2016/8/30, 36, 23, , 15, , 
2016/8/31, 52, 28, , 13, , 
2016/9/1, 54, 23, , 20, , 
2016/9/2, 48, 26, , 24, , 
2016/9/3, 55, 35, , 29, , 
2016/9/4, 64, 47, , 26, , 
2016/9/5, 80, 39, , 25, , 
2016/9/6, 64, 43, , 28, , 
2016/9/7, 64, 36, , 17, , 
2016/9/8, 76, 23, , 11, , 
2016/9/9, 54, 21, , 11, , 
2016/9/10, 50, 20, , 14, , 
2016/9/11, 55, 31, , 23, , 
2016/9/12, 62, 24, , 9, , 
2016/9/13, 40, 8, , 8, , 
2016/9/14, 27, 10, , 13, , 
2016/9/15, 24, 11, , 14, , 
2016/9/16, 31, 8, , 9, , 
2016/9/17, 25, 9, , 8, , 
2016/9/18, 26, 12, , 17, , 
2016/9/19, 29, 17, , 22, , 
2016/9/20, 41, 17, , 21, , 
2016/9/21, 35, 23, , 28, , 
2016/9/22, 48, 25, , 29, , 
2016/9/23, 52, 24, , 28, , 
2016/9/24, 52, 22, , 24, , 
2016/9/25, 49, 18, , 16, , 
2016/9/26, 41, 14, , 16, , 
2016/9/27, 25, 11, , 9, , 
2016/9/28, 24, 19, , 19, , 
2016/9/29, 38, 19, , 23, , 
2016/9/30, 37, 26, , 24, , 
2016/4/1, 15, 10, , 12, , 
2016/4/2, 26, 13, , 14, , 
2016/4/3, 37, 8, , 17, , 
2016/4/4, 25, 8, , 15, , 
2016/4/5, 23, 8, , 14, , 
2016/4/6, 21, 10, , 15, , 
2016/4/7, 23, 6, , 9, , 
2016/4/8, 14, 7, , 7, , 
2016/4/9, 18, 6, , 4, , 
2016/4/10, 18, 6, , 9, , 
2016/4/11, 15, 4, , 13, , 
2016/4/12, 14, 5, , 8, , 
2016/4/13, 12, 12, , 20, , 
2016/4/14, 31, 15, , 19, , 
2016/4/15, 38, 6, , 9, , 
2016/4/16, 18, 4, , 5, , 
2016/4/17, 12, 7, , 14, , 
2016/4/18, 19, 12, , 18, , 
2016/4/19, 35, 8, , 19, , 
2016/4/20, 27, 6, , 9, , 
2016/4/21, 18, 9, , 17, , 
2016/4/22, 25, 12, , 15, , 
2016/4/23, 33, 5, , 12, , 
2016/4/24, 14, 9, , 13, , 
2016/4/25, 23, 13, , 21, , 
2016/4/26, 35, 15, , 18, , 
2016/4/27, 37, 7, , 12, , 
2016/4/28, 23, 10, , 13, , 
2016/4/29, 29, 9, , 12, , 
2016/4/30, 28, 6, , 4, , 
2016/5/1, 15, 7, , 9, , 
2016/5/2, 20, 12, , 23, , 
2016/5/3, 32, 16, , 22, , 
2016/5/4, 34, 20, , 25, , 
2016/5/5, 44, 10, , 11, , 
2016/5/6, 27, 9, , 4, , 
2016/5/7, 29, 7, , 5, , 
2016/5/8, 23, 5, , 9, , 
2016/5/9, 14, 9, , 17, , 
2016/5/10, 23, 7, , 12, , 
2016/5/11, 20, 5, , 7, , 
2016/5/12, 16, 5, , 8, , 
2016/5/13, 16, 7, , 8, , 
2016/5/14, 26, 7, , 11, , 
2016/5/15, 26, 11, , 9, , 
2016/5/16, 38, 12, , 13, , 
2016/5/17, 35, 20, , 22, , 
2016/5/18, 48, 10, , 9, , 
2016/5/19, 26, 12, , 14, , 
2016/5/20, 33, 21, , 18, , 
2016/5/21, 51, 14, , 3, , 
2016/5/22, 38, 10, , 9, , 
2016/5/23, 22, 18, , 17, , 
2016/5/24, 39, 11, , 7, , 
2016/5/25, 24, 17, , 12, , 
2016/5/26, 36, 18, , 14, , 
2016/5/27, 42, 9, , 10, , 
2016/5/28, 22, 5, , 2, , 
2016/5/29, 17, 5, , 6, , 
2016/5/30, 14, 8, , 10, , 
2016/5/31, 22, 11, , 13, , 
2016/6/1, 28, 11, , 15, , 
2016/6/2, 26, 19, , 20, , 
2016/6/3, 46, 14, , 8, , 
2016/6/4, 39, 11, , 7, , 
2016/6/5, 31, 17, , 16, , 
2016/6/6, 38, 13, , 13, , 
2016/6/7, 31, 19, , 21, , 
2016/6/8, 47, 25, , 21, , 
2016/6/9, 52, 22, , 8, , 
2016/6/10, 50, 14, , 7, , 
2016/6/11, 39, 11, , 5, , 
2016/6/12, 29, 13, , 4, , 
2016/6/13, 28, 11, , 3, , 
2016/6/14, 20, 9, , 3, , 
2016/6/15, 12, 8, , 5, , 
2016/6/16, 23, 9, , 5, , 
2016/6/17, 20, 7, , 5, , 
2016/6/18, 23, 6, , 5, , 
2016/6/19, 19, 11, , 13, , 
2016/6/20, 42, 13, , 12, , 
2016/6/21, 36, 13, , 10, , 
2016/6/22, 25, 20, , 8, , 
2016/6/23, 44, 26, , 21, , 
2016/6/24, 60, 20, , 7, , 
2016/6/25, 54, 14, , 6, , 
2016/6/26, 47, 17, , 9, , 
2016/6/27, 57, 29, , 18, , 
2016/6/28, 82, 36, , 15, , 
2016/6/29, 73, 20, , 13, , 
2016/6/30, 47, 15, , 10, , 
2016/1/4, 11, 3, , 10, , 
2016/1/5, 10, 5, , 9, , 
2016/1/6, 15, 3, , 6, , 
2016/1/7, 10, 5, , 10, , 
2016/1/8, 14, 5, , 11, , 
2016/1/9, 15, 4, , 5, , 
2016/1/10, 14, 5, , 8, , 
2016/1/11, 11, 10, , 18, , 
2016/1/12, 23, 19, , 33, , 
2016/1/13, 48, 21, , 27, , 
2016/1/14, 60, 11, , 19, , 
2016/1/15, 30, 8, , 21, , 
2016/1/16, 23, 16, , 25, , 
2016/1/17, 51, 16, , 20, , 
2016/1/18, 45, 15, , 24, , 
2016/1/19, 39, 25, , 29, , 
2016/1/20, 64, 22, , 24, , 
2016/1/21, 60, 33, , 29, , 
2016/1/22, 84, 25, , 26, , 
2016/1/23, 68, 20, , 22, , 
2016/1/24, 57, 29, , 30, , 
2016/1/25, 73, 36, , 26, , 
2016/1/26, 89, 42, , 24, , 
2016/1/27, 96, 25, , 23, , 
2016/1/28, 68, 13, , 26, , 
2016/1/29, 39, 14, , 18, , 
2016/1/30, 43, 16, , 22, , 
2016/1/31, 47, 29, , 33, , 
2016/2/1, 72, 35, , 32, , 
2016/2/2, 84, 15, , 20, , 
2016/2/3, 39, 10, , 22, , 
2016/2/4, 23, 17, , 26, , 
2016/2/5, 41, 28, , 21, , 
2016/2/6, 70, 6, , 9, , 
2016/2/7, 18, 9, , 12, , 
2016/2/8, 20, 5, , 8, , 
2016/2/9, 14, 3, , 7, , 
2016/2/10, 14, 4, , 8, , 
2016/2/11, 14, 5, , 7, , 
2016/2/12, 18, 4, , 4, , 
2016/2/13, 15, 5, , 4, , 
2016/2/14, 13, 5, , 9, , 
2016/2/15, 11, 6, , 13, , 
2016/2/16, 14, 14, , 20, , 
2016/2/17, 35, 8, , 16, , 
2016/2/18, 23, 7, , 18, , 
2016/2/19, 18, 10, , 21, , 
2016/2/20, 29, 48, , 23, , 
2016/2/21, 63, 133, , 27, , 
2016/2/22, 122, 46, , 27, , 
2016/2/23, 61, 29, , 22, , 
2016/2/24, 57, 9, , 11, , 
2016/2/25, 18, 6, , 12, , 
2016/2/26, 19, 4, , 4, , 
2016/2/27, 12, 3, , 8, , 
2016/2/28, 11, 12, , 19, , 
2016/2/29, 28, 18, , 28, , 
2016/3/1, 39, 20, , 25, , 
2016/3/2, 43, 11, , 14, , 
2016/3/3, 28, 21, , 26, , 
2016/3/4, 50, 5, , 6, , 
2016/3/5, 15, 4, , 6, , 
2016/3/6, 12, 5, , 11, , 
2016/3/7, 14, 6, , 13, , 
2016/3/8, 15, 12, , 21, , 
2016/3/9, 29, 7, , 11, , 
2016/3/10, 14, 7, , 13, , 
2016/3/11, 17, 12, , 17, , 
2016/3/12, 46, 14, , 15, , 
2016/3/13, 47, 18, , 18, , 
2016/3/14, 56, 18, , 17, , 
2016/3/15, 54, 23, , 27, , 
2016/3/16, 59, 19, , 26, , 
2016/3/17, 52, 17, , 17, , 
2016/3/18, 46, 8, , 9, , 
2016/3/19, 29, 8, , 14, , 
2016/3/20, 24, 9, , 20, , 
2016/3/21, 25, 7, , 13, , 
2016/3/22, 24, 16, , 21, , 
2016/3/23, 47, 15, , 12, , 
2016/3/24, 51, 16, , 19, , 
2016/3/25, 48, 17, , 14, , 
2016/3/26, 52, 5, , 3, , 
2016/3/27, 12, 9, , 6, , 
2016/3/28, 18, 11, , 9, , 
2016/3/29, 25, 18, , 21, , 
2016/3/30, 37, 9, , 9, , 
2016/3/31, 19, 6, , 10, , 
2015/10/1, 42, 16, , 9, , 
2015/10/2, 32, 19, , 14, , 
2015/10/3, 48, 20, , 9, , 
2015/10/4, 48, 21, , 7, , 
2015/10/5, 43, 8, , 4, , 
2015/10/6, 18, 10, , 11, , 
2015/10/7, 24, 14, , 16, , 
2015/10/8, 32, 20, , 22, , 
2015/10/9, 47, 17, , 18, , 
2015/10/10, 37, 11, , 7, , 
2015/10/11, 31, 6, , 6, , 
2015/10/12, 17, 15, , 17, , 
2015/10/13, 38, 15, , 16, , 
2015/10/14, 42, 16, , 25, , 
2015/10/15, 43, 24, , 29, , 
2015/10/16, 53, 22, , 20, , 
2015/10/17, 55, 12, , 13, , 
2015/10/18, 35, 12, , 15, , 
2015/10/19, 35, 9, , 12, , 
2015/10/20, 23, 10, , 14, , 
2015/10/21, 27, 16, , 19, , 
2015/10/22, 39, 24, , 12, , 
2015/10/23, 55, 27, , 15, , 
2015/10/24, 63, 17, , 12, , 
2015/10/25, 47, 14, , 8, , 
2015/10/26, 45, 10, , 7, , 
2015/10/27, 32, 7, , 5, , 
2015/10/28, 18, 12, , 9, , 
2015/10/29, 28, 23, , 19, , 
2015/10/30, 56, 16, , 11, , 
2015/10/31, 47, 9, , 6, , 
2015/11/1, 27, 6, , 9, , 
2015/11/2, 16, 5, , 9, , 
2015/11/3, 16, 16, , 20, , 
2015/11/4, 46, 17, , 20, , 
2015/11/5, 46, 34, , 28, , 
2015/11/6, 78, 28, , 19, , 
2015/11/7, 72, 17, , 16, , 
2015/11/8, 48, 19, , 22, , 
2015/11/9, 50, 32, , 33, , 
2015/11/10, 75, 37, , 36, , 
2015/11/11, 80, 35, , 31, , 
2015/11/12, 77, 29, , 30, , 
2015/11/13, 67, 18, , 14, , 
2015/11/14, 45, 25, , 18, , 
2015/11/15, 67, 33, , 23, , 
2015/11/16, 82, 40, , 26, , 
2015/11/17, 95, 42, , 32, , 
2015/11/18, 94, 32, , 28, , 
2015/11/19, 72, 29, , 23, , 
2015/11/20, 71, 11, , 6, , 
2015/11/21, 26, 5, , 7, , 
2015/11/22, 16, 7, , 14, , 
2015/11/23, 17, 22, , 33, , 
2015/11/24, 54, 9, , 13, , 
2015/11/25, 19, 18, , 31, , 
2015/11/26, 36, 14, , 26, , 
2015/11/27, 32, 16, , 24, , 
2015/11/28, 45, 21, , 27, , 
2015/11/29, 56, 37, , 43, , 
2015/11/30, 81, 42, , 46, , 
2015/12/1, 83, 49, , 45, , 
2015/12/2, 104, 49, , 38, , 
2015/12/3, 97, 48, , 41, , 
2015/12/4, 101, 38, , 31, , 
2015/12/5, 84, 30, , 24, , 
2015/12/6, 74, 28, , 26, , 
2015/12/7, 71, 35, , 25, , 
2015/12/8, 88, 29, , 26, , 
2015/12/9, 69, 26, , 27, , 
2015/12/10, 65, 19, , 25, , 
2015/12/11, 51, 16, , 19, , 
2015/12/12, 44, 29, , 29, , 
2015/12/13, 72, 31, , 24, , 
2015/12/14, 64, 47, , 33, , 
2015/12/15, 85, 50, , 31, , 
2015/12/16, 95, 54, , 36, , 
2015/12/17, 96, 51, , 38, , 
2015/12/18, 97, 49, , 34, , 
2015/12/19, 98, 40, , 26, , 
2015/12/20, 78, 43, , 34, , 
2015/12/21, 89, 38, , 37, , 
2015/12/22, 83, 39, , 38, , 
2015/12/23, 86, 35, , 29, , 
2015/12/24, 88, 43, , 27, , 
2015/12/25, 108, 36, , 27, , 
2015/12/26, 92, 25, , 22, , 
2015/12/27, 64, 26, , 22, , 
2015/12/28, 55, 14, , 17, , 
2015/12/29, 34, 14, , 17, , 
2015/12/30, 32, , , , , 
2016/1/3, 20, 4, , 7, , 
2015/7/1, 54, 13, , 8, , 
2015/7/2, 28, 31, , 9, , 
2015/7/3, 57, 25, , 7, , 
2015/7/4, 47, 28, , 11, , 
2015/7/5, 58, 38, , 20, , 
2015/7/6, 66, 42, , 22, , 
2015/7/7, 66, 28, , 19, , 
2015/7/8, 55, 21, , 12, , 
2015/7/9, 40, 27, , 18, , 
2015/7/10, 58, 18, , 9, , 
2015/7/11, 42, 19, , 9, , 
2015/7/12, 47, 20, , 13, , 
2015/7/13, 48, 23, , 14, , 
2015/7/14, 49, 26, , 20, , 
2015/7/15, 55, 39, , 23, , 
2015/7/16, 67, 31, , 14, , 
2015/7/17, 60, 21, , 3, , 
2015/7/18, 43, 14, , 7, , 
2015/7/19, 37, 14, , 13, , 
2015/7/20, 35, 18, , 13, , 
2015/7/21, 41, 16, , 12, , 
2015/7/22, 38, 16, , 11, , 
2015/7/23, 42, 17, , 14, , 
2015/7/24, 43, 10, , 6, , 
2015/7/25, 27, 16, , 7, , 
2015/7/26, 40, 12, , 9, , 
2015/7/27, 32, 16, , 13, , 
2015/7/28, 35, 14, , 10, , 
2015/7/29, 27, 11, , 9, , 
2015/7/30, 34, 11, , 11, , 
2015/7/31, 22, 7, , 6, , 
2015/8/1, 19, 14, , 8, , 
2015/8/2, 35, 29, , 21, , 
2015/8/3, 53, 22, , 8, , 
2015/8/4, 44, 21, , 21, , 
2015/8/5, 48, 26, , 22, , 
2015/8/6, 44, 32, , 24, , 
2015/8/7, 67, 51, , 10, , 
2015/8/8, 88, 11, , 5, , 
2015/8/9, 23, 21, , 12, , 
2015/8/10, 41, 37, , 31, , 
2015/8/11, 61, , , , , 
2015/8/25, 32, 20, , 18, , 
2015/8/26, 41, 15, , 15, , 
2015/8/27, 26, 16, , 20, , 
2015/8/28, 34, 26, , 14, , 
2015/8/29, 44, 28, , 6, , 
2015/8/30, 37, 28, , 13, , 
2015/8/31, 52, 19, , 22, , 
2015/9/1, 42, 19, , 12, , 
2015/9/2, 41, 16, , 9, , 
2015/9/3, 37, 10, , 10, , 
2015/9/4, 22, 10, , 8, , 
2015/9/5, 27, 11, , 11, , 
2015/9/6, 29, 13, , 15, , 
2015/9/7, 33, 14, , 15, , 
2015/9/8, 36, 18, , 24, , 
2015/9/9, 44, 14, , 17, , 
2015/9/10, 30, 19, , 30, , 
2015/9/11, 39, , , , , 
2015/9/14, 19, 11, , 9, , 
2015/9/15, 20, 11, , 10, , 
2015/9/16, 21, 7, , 9, , 
2015/9/17, 17, 7, , 19, , 
2015/9/18, 16, 10, , 19, , 
2015/9/19, 27, 17, , 24, , 
2015/9/20, 41, 22, , 28, , 
2015/9/21, 53, 21, , 25, , 
2015/9/22, 43, 11, , 10, , 
2015/9/23, 24, 10, , 15, , 
2015/9/24, 24, 14, , 19, , 
2015/9/25, 33, 19, , 24, , 
2015/9/26, 46, 15, , 17, , 
2015/9/27, 37, 12, , 11, , 
2015/9/28, 26, 15, , 12, , 
2015/9/29, 36, 13, , 9, , 
2015/9/30, 32, 19, , 21, , 
2015/4/1, 32, 9, , 9, , 
2015/4/2, 22, 7, , 10, , 
2015/4/3, 18, 8, , 9, , 
2015/4/4, 18, 6, , 7, , 
2015/4/5, 13, 13, , 12, , 
2015/4/6, 33, 16, , 11, , 
2015/4/7, 37, 15, , 10, , 
2015/4/8, 33, 13, , 16, , 
2015/4/9, 37, 23, , 16, , 
2015/4/10, 59, 19, , 14, , 
2015/4/11, 50, 29, , 9, , 
2015/4/12, 58, 39, , 13, , 
2015/4/13, 62, 42, , 15, , 
2015/4/14, 60, 25, , 16, , 
2015/4/15, 47, 11, , 10, , 
2015/4/16, 31, 16, , 9, , 
2015/4/17, 42, 21, , 16, , 
2015/4/18, 44, 5, , 6, , 
2015/4/19, 13, 9, , 17, , 
2015/4/20, 22, 15, , 17, , 
2015/4/21, 32, 15, , 10, , 
2015/4/22, 30, 21, , 17, , 
2015/4/23, 46, 27, , 24, , 
2015/4/24, 55, 9, , 4, , 
2015/4/25, 20, 5, , 9, , 
2015/4/26, 17, 5, , 7, , 
2015/4/27, 13, 9, , 14, , 
2015/4/28, 23, 11, , 9, , 
2015/4/29, 30, 15, , 15, , 
2015/4/30, 35, 12, , 7, , 
2015/5/1, 30, 11, , 7, , 
2015/5/2, 31, 14, , 10, , 
2015/5/3, 36, 22, , 14, , 
2015/5/4, 46, 9, , 5, , 
2015/5/5, 17, 13, , 11, , 
2015/5/6, 26, 19, , 22, , 
2015/5/7, 42, 15, , 10, , 
2015/5/8, 35, 11, , 17, , 
2015/5/9, 28, , , , , 
2015/5/12, 61, 44, , 27, , 
2015/5/13, 76, 43, , 20, , 
2015/5/14, 64, 17, , 4, , 
2015/5/15, 20, 10, , 5, , 
2015/5/16, 14, 9, , 7, , 
2015/5/17, 23, 17, , 17, , 
2015/5/18, 32, 17, , 11, , 
2015/5/19, 28, 8, , 8, , 
2015/5/20, 17, 8, , 8, , 
2015/5/21, 22, 10, , 8, , 
2015/5/22, 20, 11, , 4, , 
2015/5/23, 22, 10, , 5, , 
2015/5/24, 22, 12, , 9, , 
2015/5/25, 30, 11, , 9, , 
2015/5/26, 23, 11, , 11, , 
2015/5/27, 24, 18, , 16, , 
2015/5/28, 39, 23, , 20, , 
2015/5/29, 44, 17, , 12, , 
2015/5/30, 47, 14, , 7, , 
2015/5/31, 38, 17, , 13, , 
2015/6/1, 42, 20, , 12, , 
2015/6/2, 47, 26, , 9, , 
2015/6/3, 53, 13, , 2, , 
2015/6/4, 32, 20, , 4, , 
2015/6/5, 46, 19, , 4, , 
2015/6/6, 44, 16, , 3, , 
2015/6/7, 37, 15, , 4, , 
2015/6/8, 39, 22, , 5, , 
2015/6/9, 42, , , , , 
2015/6/22, 61, 22, , 12, , 
2015/6/23, 52, 13, , 11, , 
2015/6/24, 37, 16, , 12, , 
2015/6/25, 39, 23, , 26, , 
2015/6/26, 56, 23, , 19, , 
2015/6/27, 60, 24, , 17, , 
2015/6/28, 64, 27, , 17, , 
2015/6/29, 61, 35, , 19, , 
2015/6/30, 64, 28, , 14, , 
2015/1/1, 85, 27, , 46, , 
2015/1/2, 75, 25, , 42, , 
2015/1/3, 70, 24, , 46, , 
2015/1/4, 67, 26, , 43, , 
2015/1/5, 71, 26, , 37, , 
2015/1/6, 77, 30, , 46, , 
2015/1/7, 77, 27, , 40, , 
2015/1/20, 39, 10, , 23, , 
2015/1/21, 36, 8, , 13, , 
2015/1/22, 26, 20, , 32, , 
2015/1/23, 52, 17, , 30, , 
2015/1/24, 50, 12, , 25, , 
2015/1/25, 34, 22, , 38, , 
2015/1/26, 54, 17, , 30, , 
2015/1/27, 46, 26, , 35, , 
2015/1/28, 63, 18, , 25, , 
2015/1/29, 48, 6, , 8, , 
2015/1/30, 18, 3, , 5, , 
2015/1/31, 10, 5, , 5, , 
2015/2/1, 13, 5, , 12, , 
2015/2/2, 17, 4, , 11, , 
2015/2/3, 12, 7, , 13, , 
2015/2/4, 22, 9, , 12, , 
2015/2/5, 24, 6, , 16, , 
2015/2/6, 15, 15, , 25, , 
2015/2/7, 44, 13, , 16, , 
2015/2/8, 45, 15, , 16, , 
2015/2/9, 43, 15, , 23, , 
2015/2/10, 37, 19, , 25, , 
2015/2/11, 44, 23, , 24, , 
2015/2/12, 47, 26, , 22, , 
2015/2/13, 57, 9, , 6, , 
2015/2/14, 27, 7, , 7, , 
2015/2/15, 23, 7, , 11, , 
2015/2/16, 23, 6, , 11, , 
2015/2/17, 13, 9, , 14, , 
2015/2/18, 26, 18, , 25, , 
2015/2/19, 49, 27, , 30, , 
2015/2/20, 70, 9, , 10, , 
2015/2/21, 29, 7, , 19, , 
2015/2/22, 21, 9, , 10, , 
2015/2/23, 25, 6, , 8, , 
2015/2/24, 16, 8, , 9, , 
2015/2/25, 16, 8, , 18, , 
2015/2/26, 19, 10, , 19, , 
2015/2/27, 23, 11, , 20, , 
2015/2/28, 28, 7, , 9, , 
2015/3/1, 18, 12, , 14, , 
2015/3/2, 35, 21, , 20, , 
2015/3/3, 59, 18, , 19, , 
2015/3/4, 43, 8, , 18, , 
2015/3/5, 15, 15, , 25, , 
2015/3/6, 29, 23, , 33, , 
2015/3/7, 51, 17, , 24, , 
2015/3/8, 40, 21, , 31, , 
2015/3/9, 40, 19, , 31, , 
2015/3/10, 41, 31, , 35, , 
2015/3/11, 67, 35, , 33, , 
2015/3/12, 81, 32, , 23, , 
2015/3/13, 65, 8, , 10, , 
2015/3/14, 17, 14, , 12, , 
2015/3/15, 45, 22, , 19, , 
2015/3/16, 62, 32, , 23, , 
2015/3/17, 73, 13, , 18, , 
2015/3/18, 45, 10, , 11, , 
2015/3/19, 29, 16, , 13, , 
2015/3/20, 48, 8, , 12, , 
2015/3/21, 29, 7, , 10, , 
2015/3/22, 23, 9, , 25, , 
2015/3/23, 34, 7, , 15, , 
2015/3/24, 23, 5, , 10, , 
2015/3/25, 13, 8, , 13, , 
2015/3/26, 23, 9, , 14, , 
2015/3/27, 23, 18, , 19, , 
2015/3/28, 47, 11, , 10, , 
2015/3/29, 29, 20, , 23, , 
2015/3/30, 45, 24, , 27, , 
2015/3/31, 52, 13, , 16, , 
2014/10/1, 56, 23, , 16, , 
2014/10/2, 49, 24, , 16, , 
2014/10/3, 48, 23, , 21, , 
2014/10/4, 54, 18, , 11, , 
2014/10/5, 46, 21, , 19, , 
2014/10/6, 50, 11, , 7, , 
2014/10/7, 26, 14, , 13, , 
2014/10/8, 36, 10, , 9, , 
2014/10/9, 30, 8, , 16, , 
2014/10/10, 22, , , , , 
2014/10/12, 18, 9, , 7, , 
2014/10/13, 25, 8, , 13, , 
2014/10/14, 26, 16, , 15, , 
2014/10/15, 39, 14, , 13, , 
2014/10/16, 34, 18, , 18, , 
2014/10/17, 46, 29, , 20, , 
2014/10/18, 57, 34, , 20, , 
2014/10/19, 59, 39, , 27, , 
2014/10/20, 68, 57, , 32, , 
2014/10/21, 80, 34, , 26, , 
2014/10/22, 51, 24, , 32, , 
2014/10/23, 44, 42, , 32, , 
2014/10/24, 71, 29, , 19, , 
2014/10/25, 52, 31, , 21, , 
2014/10/26, 58, 36, , 26, , 
2014/10/27, 64, 38, , 28, , 
2014/10/28, 72, 39, , 30, , 
2014/10/29, 76, 40, , 34, , 
2014/10/30, 75, 34, , 26, , 
2014/10/31, 70, 30, , 25, , 
2014/11/1, 68, 29, , 18, , 
2014/11/2, 61, 10, , 13, , 
2014/11/3, 30, 7, , 8, , 
2014/11/4, 24, 11, , 11, , 
2014/11/5, 36, 14, , 16, , 
2014/11/6, 41, 9, , 11, , 
2014/11/7, 29, 10, , 10, , 
2014/11/8, 32, 7, , 11, , 
2014/11/9, 26, 13, , 17, , 
2014/11/10, 44, 9, , 18, , 
2014/11/11, 37, 11, , 11, , 
2014/11/12, 32, 13, , 21, , 
2014/11/13, 37, 8, , 12, , 
2014/11/14, 27, 8, , 8, , 
2014/11/15, 26, 9, , 6, , 
2014/11/16, 29, 12, , 15, , 
2014/11/17, 24, 21, , 29, , 
2014/11/18, 52, 24, , 30, , 
2014/11/19, 59, 23, , 25, , 
2014/11/20, 50, 28, , 25, , 
2014/11/21, 58, 38, , 19, , 
2014/11/22, 60, 68, , 17, , 
2014/11/23, 85, 48, , 21, , 
2014/11/24, 73, 52, , 19, , 
2014/11/25, 76, 20, , 13, , 
2014/11/26, 37, 12, , 19, , 
2014/11/27, 35, 8, , 18, , 
2014/11/28, 26, 8, , 20, , 
2014/11/29, 29, 12, , 19, , 
2014/11/30, 40, 15, , 18, , 
2014/12/1, 34, 13, , 20, , 
2014/12/2, 33, 10, , 19, , 
2014/12/3, 27, 10, , 15, , 
2014/12/4, 27, 18, , 23, , 
2014/12/5, 45, 13, , 17, , 
2014/12/6, 38, 9, , 16, , 
2014/12/7, 25, 15, , 27, , 
2014/12/8, 46, 21, , 38, , 
2014/12/9, 49, 25, , 40, , 
2014/12/10, 57, 29, , 43, , 
2014/12/11, 70, 28, , 31, , 
2014/12/12, 65, 19, , 19, , 
2014/12/13, 50, 14, , 18, , 
2014/12/14, 38, 12, , 20, , 
2014/12/15, 30, 25, , 32, , 
2014/12/16, 59, 37, , 36, , 
2014/12/17, 73, 38, , 37, , 
2014/12/18, 83, 35, , 33, , 
2014/12/19, 86, 23, , 29, , 
2014/12/20, 63, 14, , 20, , 
2014/12/21, 40, 19, , 28, , 
2014/12/22, 45, 22, , 30, , 
2014/12/23, 55, 24, , 26, , 
2014/12/24, 65, 13, , 21, , 
2014/12/25, 32, 23, , 30, , 
2014/12/26, 57, 20, , 21, , 
2014/12/27, 57, 16, , 8, , 
2014/12/28, 31, , , , , 
2014/7/1, 33, 14, , 5, , 
2014/7/2, 32, 22, , 9, , 
2014/7/3, 41, 13, , 10, , 
2014/7/4, 35, 15, , 13, , 
2014/7/5, 44, 11, , 4, , 
2014/7/6, 26, 8, , 4, , 
2014/7/7, 21, 14, , 12, , 
2014/7/8, 34, 12, , 7, , 
2014/7/9, 29, 11, , 6, , 
2014/7/10, 24, 13, , 7, , 
2014/7/11, 30, 12, , 5, , 
2014/7/12, 30, 12, , 5, , 
2014/7/13, 32, 14, , 10, , 
2014/7/14, 36, 22, , 12, , 
2014/7/15, 46, 32, , 20, , 
2014/7/16, 59, 43, , 23, , 
2014/7/17, 68, 48, , 18, , 
2014/7/18, 71, 17, , 2, , 
2014/7/19, 35, 9, , 3, , 
2014/7/20, 21, 12, , 9, , 
2014/7/21, 29, 15, , 12, , 
2014/7/22, 31, 21, , 14, , 
2014/7/23, 40, 21, , 10, , 
2014/7/24, 48, 24, , 14, , 
2014/7/25, 48, 25, , 10, , 
2014/7/26, 54, 25, , 8, , 
2014/7/27, 59, 26, , 11, , 
2014/7/28, 56, 16, , 5, , 
2014/7/29, 24, 15, , 6, , 
2014/7/30, 28, 22, , 13, , 
2014/7/31, 46, 28, , 6, , 
2014/8/1, 58, 17, , 2, , 
2014/8/2, 40, 9, , 2, , 
2014/8/3, 21, 16, , 10, , 
2014/8/4, 34, 17, , 7, , 
2014/8/5, 42, 21, , 11, , 
2014/8/6, 45, 18, , 12, , 
2014/8/7, 36, 18, , 10, , 
2014/8/8, 33, 14, , 9, , 
2014/8/9, 33, 13, , 4, , 
2014/8/10, 31, 15, , 7, , 
2014/8/11, 34, 16, , 9, , 
2014/8/12, 24, 9, , 3, , 
2014/8/13, 18, 16, , 5, , 
2014/8/14, 29, 15, , 4, , 
2014/8/15, 31, 17, , 4, , 
2014/8/16, 42, 16, , 16, , 
2014/8/17, 42, 27, , 10, , 
2014/8/18, 48, 17, , 11, , 
2014/8/19, 41, 22, , 9, , 
2014/8/20, 49, 16, , 9, , 
2014/8/21, 33, 17, , 6, , 
2014/8/22, 33, 10, , 5, , 
2014/8/23, 27, 16, , 12, , 
2014/8/24, 38, 24, , 16, , 
2014/8/25, 45, 19, , 9, , 
2014/8/26, 35, 21, , 7, , 
2014/8/27, 42, 31, , 15, , 
2014/8/28, 49, 16, , 8, , 
2014/8/29, 31, 20, , 7, , 
2014/8/30, 45, 19, , 7, , 
2014/8/31, 47, 19, , 12, , 
2014/9/1, 44, 35, , 16, , 
2014/9/2, 48, 28, , 14, , 
2014/9/3, 49, 14, , 7, , 
2014/9/4, 30, 20, , 12, , 
2014/9/5, 38, 18, , 11, , 
2014/9/6, 35, 17, , 9, , 
2014/9/7, 33, 13, , 11, , 
2014/9/8, 29, 16, , 12, , 
2014/9/9, 34, 22, , 16, , 
2014/9/10, 43, 14, , 7, , 
2014/9/11, 25, 13, , 9, , 
2014/9/12, 29, 16, , 13, , 
2014/9/13, 33, 14, , 10, , 
2014/9/14, 31, 13, , 10, , 
2014/9/15, 25, 23, , 15, , 
2014/9/16, 34, 13, , 9, , 
2014/9/17, 33, 9, , 12, , 
2014/9/18, 18, 10, , 12, , 
2014/9/19, 22, 12, , 14, , 
2014/9/20, 30, 15, , 11, , 
2014/9/21, 34, 12, , 12, , 
2014/9/22, 31, 12, , 11, , 
2014/9/23, 31, 10, , 15, , 
2014/9/24, 30, 25, , 16, , 
2014/9/25, 69, 25, , 18, , 
2014/9/26, 66, 22, , 15, , 
2014/9/27, 61, 18, , 9, , 
2014/9/28, 59, 20, , 19, , 
2014/9/29, 55, 20, , 27, , 
2014/9/30, 49, 24, , 21, , 
2014/4/1, 38, 13, , 16, , 
2014/4/2, 35, 7, , 8, , 
2014/4/3, 20, 10, , 5, , 
2014/4/4, 30, 8, , 6, , 
2014/4/5, 24, 16, , 15, , 
2014/4/6, 43, 17, , 18, , 
2014/4/7, 45, 15, , 18, , 
2014/4/8, 39, 24, , 23, , 
2014/4/9, 54, 29, , 20, , 
2014/4/10, 54, 36, , 20, , 
2014/4/11, 61, 24, , 9, , 
2014/4/12, 53, 18, , 15, , 
2014/4/13, 49, 22, , 20, , 
2014/4/14, 50, 22, , 16, , 
2014/4/15, 50, 17, , 18, , 
2014/4/16, 43, 16, , 14, , 
2014/4/17, 43, 12, , 7, , 
2014/4/18, 30, 22, , 17, , 
2014/4/19, 52, 13, , 1, , 
2014/4/20, 25, 8, , 10, , 
2014/4/21, 23, 14, , 9, , 
2014/4/22, 34, 13, , 9, , 
2014/4/23, 36, 20, , 11, , 
2014/4/24, 33, 13, , 5, , 
2014/4/25, 27, 10, , 4, , 
2014/4/26, 31, 14, , 3, , 
2014/4/27, 33, 11, , 5, , 
2014/4/28, 46, 17, , 11, , 
2014/4/29, 47, 14, , 8, , 
2014/4/30, 45, 12, , 9, , 
2014/5/1, 38, 16, , 12, , 
2014/5/2, 41, 9, , 4, , 
2014/5/3, 23, 10, , 8, , 
2014/5/4, 43, 20, , 22, , 
2014/5/5, 61, 26, , 22, , 
2014/5/6, 62, 25, , 25, , 
2014/5/7, 63, 28, , 21, , 
2014/5/8, 76, 18, , 12, , 
2014/5/9, 50, 19, , 14, , 
2014/5/10, 54, 12, , 7, , 
2014/5/11, 35, 19, , 12, , 
2014/5/12, 49, 19, , 7, , 
2014/5/13, 45, 18, , 9, , 
2014/5/14, 41, 17, , 9, , 
2014/5/15, 50, 15, , 9, , 
2014/5/16, 37, 16, , 5, , 
2014/5/17, 35, 17, , 7, , 
2014/5/18, 34, 27, , 7, , 
2014/5/19, 61, 14, , 4, , 
2014/5/20, 60, 16, , 7, , 
2014/5/21, 52, 15, , 5, , 
2014/5/22, 43, 10, , 5, , 
2014/5/23, 45, 10, , 7, , 
2014/5/24, 36, 14, , 6, , 
2014/5/25, 47, 12, , 6, , 
2014/5/26, 36, 12, , 9, , 
2014/5/27, 38, 11, , 7, , 
2014/5/28, 45, 13, , 9, , 
2014/5/29, 43, 10, , 8, , 
2014/5/30, 28, 9, , 4, , 
2014/5/31, 29, 8, , 3, , 
2014/6/1, 24, 16, , 9, , 
2014/6/2, 38, 25, , 12, , 
2014/6/3, 40, 23, , 6, , 
2014/6/4, 39, 22, , 11, , 
2014/6/5, 36, 43, , 18, , 
2014/6/6, 66, 19, , 3, , 
2014/6/7, 33, 15, , 9, , 
2014/6/8, 34, 17, , 8, , 
2014/6/9, 39, 19, , 10, , 
2014/6/10, 39, 29, , 14, , 
2014/6/11, 53, 23, , 13, , 
2014/6/12, 51, 22, , 15, , 
2014/6/13, 58, 16, , 9, , 
2014/6/14, 37, 16, , 4, , 
2014/6/15, 35, 13, , 7, , 
2014/6/16, 35, 14, , 8, , 
2014/6/17, 41, 22, , 11, , 
2014/6/18, 49, 30, , 6, , 
2014/6/19, 60, 30, , 9, , 
2014/6/20, 59, 18, , 3, , 
2014/6/21, 37, 15, , 11, , 
2014/6/22, 37, 18, , 12, , 
2014/6/23, 38, 17, , 10, , 
2014/6/24, 34, 13, , 10, , 
2014/6/25, 36, 20, , 12, , 
2014/6/26, 47, 16, , 16, , 
2014/6/27, 44, 14, , 10, , 
2014/6/28, 29, 8, , 3, , 
2014/6/29, 23, 14, , 9, , 
2014/6/30, 31, 17, , 7, , 
2014/1/1, 23, 5, , 13, , 
2014/1/2, 22, 7, , 13, , 
2014/1/3, 24, 6, , 6, , 
2014/1/4, 19, 10, , 9, , 
2014/1/5, 29, 13, , 15, , 
2014/1/6, 34, 17, , 19, , 
2014/1/7, 45, 24, , 27, , 
2014/1/8, 59, 31, , 35, , 
2014/1/9, 73, 30, , 32, , 
2014/1/10, 65, 26, , 25, , 
2014/1/11, 67, 27, , 21, , 
2014/1/12, 73, 9, , 15, , 
2014/1/13, 28, 6, , 10, , 
2014/1/14, 21, 11, , 18, , 
2014/1/15, 33, 6, , 11, , 
2014/1/16, 18, 8, , 13, , 
2014/1/17, 23, 5, , 12, , 
2014/1/18, 20, 6, , 13, , 
2014/1/19, 26, 8, , 13, , 
2014/1/20, 25, 11, , 20, , 
2014/1/21, 35, 6, , 18, , 
2014/1/22, 26, 9, , 15, , 
2014/1/23, 21, , , , , 
2014/1/27, 15, 7, , 14, , 
2014/1/28, 19, 8, , 9, , 
2014/1/29, 21, 8, , 10, , 
2014/1/30, 20, 9, , 12, , 
2014/1/31, 26, 7, , 5, , 
2014/2/1, 16, 10, , 15, , 
2014/2/2, 25, 12, , 22, , 
2014/2/3, 33, 7, , 11, , 
2014/2/4, 22, 8, , 7, , 
2014/2/5, 20, 10, , 6, , 
2014/2/6, 15, 8, , 8, , 
2014/2/7, 22, , , , , 
2014/2/9, 26, 9, , 6, , 
2014/2/10, 24, 8, , 13, , 
2014/2/11, 26, 10, , 17, , 
2014/2/12, 31, 10, , 15, , 
2014/2/13, 29, 7, , 9, , 
2014/2/14, 18, 5, , 10, , 
2014/2/15, 18, 10, , 17, , 
2014/2/16, 31, 18, , 26, , 
2014/2/17, 44, 19, , 25, , 
2014/2/18, 44, 22, , 27, , 
2014/2/19, 51, 20, , 18, , 
2014/2/20, 48, 7, , 9, , 
2014/2/21, 19, 11, , 13, , 
2014/2/22, 36, 13, , 16, , 
2014/2/23, 38, 10, , 15, , 
2014/2/24, 32, 12, , 11, , 
2014/2/25, 35, 9, , 9, , 
2014/2/26, 27, 15, , 16, , 
2014/2/27, 42, 11, , 7, , 
2014/2/28, 28, 7, , 6, , 
2014/3/1, 38, 5, , 4, , 
2014/3/2, 11, 8, , 5, , 
2014/3/3, 15, 9, , 5, , 
2014/3/4, 20, 13, , 13, , 
2014/3/5, 29, 17, , 23, , 
2014/3/6, 41, 19, , 19, , 
2014/3/7, 45, 20, , 23, , 
2014/3/8, 49, 15, , 13, , 
2014/3/9, 40, 22, , 27, , 
2014/3/10, 52, 21, , 21, , 
2014/3/11, 52, 24, , 17, , 
2014/3/12, 59, 25, , 19, , 
2014/3/13, 63, 24, , 26, , 
2014/3/14, 58, 24, , 23, , 
2014/3/15, 60, 19, , 20, , 
2014/3/16, 47, 24, , 27, , 
2014/3/17, 53, 26, , 28, , 
2014/3/18, 59, 22, , 13, , 
2014/3/19, 52, 29, , 24, , 
2014/3/20, 65, 34, , 14, , 
2014/3/21, 62, 10, , 4, , 
2014/3/22, 23, 8, , 5, , 
2014/3/23, 24, 18, , 20, , 
2014/3/24, 42, 17, , 6, , 
2014/3/25, 32, 8, , 9, , 
2014/3/26, 20, 11, , 19, , 
2014/3/27, 31, 20, , 17, , 
2014/3/28, 48, 20, , 14, , 
2014/3/29, 47, 9, , 6, , 
2014/3/30, 28, 13, , 19, , 
2014/3/31, 40, 15, , 15, , 
2020/9/16, , 20, , 13, , 
2020/3/31, , 7, , 10, , 
2020/5/17, , 1, , 9, , 
2020/5/24, , 7, , 7, , 
2020/6/1, , 22, , 12, , 
2020/6/2, , 25, , 10, , 
2020/6/3, , 14, , 3, , 
2019/12/31, , 30, , 25, , 
2019/11/21, , 7, 10, 14, , 
2019/6/18, , 11, , 4, , 
2018/12/31, , 29, 9, 28, , 
2019/1/24, , 12, 14, 29, , 
2019/1/27, , 8, 30, 9, , 
2018/12/9, , 45, 2, 38, , 
2017/12/31, , 15, , 10, , 
2017/9/10, , 13, , 15, , 
2016/12/6, , 27, , 27, , 
2016/1/2, , 8, , 14, , 
2015/8/24, , 16, , 9, , 
2015/9/13, , 7, , 7, , 
2015/5/11, , 32, , 19, , 
2015/6/21, , 26, , 16, , 
2014/12/31, , 29, , 42, , 
2015/1/8, , 27, , 47, , 
2015/1/9, , 22, , 37, , 
2015/1/10, , 20, , 32, , 
2015/1/11, , 18, , 29, , 
2015/1/12, , 23, , 29, , 
2015/1/13, , 27, , 32, , 
2015/1/14, , 15, , 22, , 
2015/1/15, , 6, , 13, , 
2015/1/16, , 9, , 20, , 
2015/1/17, , 9, , 15, , 
2015/1/18, , 9, , 19, , 
2015/1/19, , 14, , 29, , 
2014/10/11, , 6, , 5, , 
2013/12/31, , 9, , 9, , 
2014/1/26, , 7, , 7, , 
2014/2/8, , 10, , 13, , 
2019/1/26, , , 30, , , 
2020/5/14, , , , 6, , 
2020/5/15, , , , 3, , 
2020/5/16, , , , 2, , 