fecha,pm10,no2,intensidad,PCA1,PCA2,PCA3,PCA4
2018-01-01,8.0,15.0,128.0,4.9416333242089605,-17.443369918616483,-10.004505888295393,1.4324100808127282
2018-01-02,8.5,18.0,177.0,7.125600492445783,-18.549616859974968,-5.899523322521894,2.038962939858749
2018-01-03,8.0,16.0,189.0,1.1321893051605247,-18.52854887687488,-7.496771016604457,3.314383959813385
2018-01-04,5.0,16.5,198.0,4.336406867216107,-11.549846295464476,-5.6512358389092086,1.4781647537780076
2018-01-05,3.0,14.5,201.0,6.058428828370884,10.994851338623484,-9.34972586209106,9.838572887808697
2018-01-06,3.0,14.0,142.0,-7.815412141534851,30.474339045476565,-15.702129060886055,11.829523890361722
2018-01-07,9.5,24.0,130.0,-0.6978173087453706,23.404412765731216,-13.948094800406606,-2.9597944492626853
2018-01-08,16.0,30.0,204.0,9.666915876912247,6.6661071962870775,-8.840765785251913,-5.449409453919121
2018-01-09,10.0,24.5,207.0,4.413588010455809,1.4197657302488114,-15.711039732436157,0.5996966949141033
2018-01-10,5.5,19.0,210.0,6.413623360219377,-1.1496876794722166,-11.774518637646667,0.3241948293057041
2018-01-11,13.0,30.0,216.0,9.935282938930598,-6.922866751067898,-8.094524109517108,-2.354319038323633
2018-01-12,16.5,31.0,230.0,8.752866838040509,-9.868759718124078,-11.29182031006524,-1.2211688244905277
2018-01-13,7.0,15.0,177.0,8.59573876079669,-1.3315383949817003,-13.725844907874734,4.536258440500214
2018-01-14,12.5,25.0,143.0,4.8347100544665444,-3.509939310949711,-11.140768778216238,-1.7389727213805966
2018-01-15,16.0,28.0,203.0,3.6019692685394022,-10.416350114687464,-11.937090826924997,-1.591028198751415
2018-01-16,14.0,25.5,205.0,4.267509912053774,-14.022830613798435,-8.023951022130602,-0.43062380158818525
2018-01-17,16.0,35.0,212.0,7.51184926305159,-11.377347646977624,-5.586466688252752,-0.733974305734144
2018-01-18,20.5,40.0,216.0,-9.510540862231828,-6.93028407994148,-9.821249444912523,-1.7612346557462852
2018-01-19,17.5,31.5,229.0,-7.4693898398636644,-5.885381146584451,-8.46564056433926,-1.4747359376060356
2018-01-20,9.5,22.0,178.0,12.662165009742834,-13.236976937822288,-8.295794775391682,2.4367263099926033
2018-01-21,14.5,26.0,147.0,11.086066910898698,-17.174043585794013,-3.3560830688202925,1.0805452930503505
2018-01-22,16.0,32.5,202.0,30.263689726143365,-20.649872054561392,-1.843828339659359,1.384612840148002
2018-01-23,23.5,32.0,205.0,-18.144355873702448,-10.908862761358822,-9.584213880788822,0.039567140605457365
2018-01-24,24.5,28.5,209.0,3.2177803990887015,-12.999489020333904,-6.98511089566982,0.0076645588518526025
2018-01-25,4.5,18.5,215.0,17.718660777323194,-4.492031366901688,-9.75063731614784,3.453555516438342
2018-01-26,4.0,12.5,228.0,0.43136955361850293,-4.152172421152613,-9.525685606513376,-2.8763367715508776
2018-01-27,5.0,11.5,173.0,-15.878040017590234,-10.372925146568404,-12.50168401544454,-0.8757351063108876
2018-01-28,15.0,24.5,145.0,-16.02992013649317,-15.462761017491884,-11.498564048434982,0.5199529809727325
2018-01-29,17.5,33.5,204.0,-15.665952972820543,-17.843377803595157,-10.980509152535184,0.9537041476764094
2018-01-30,20.0,38.5,205.0,-15.39052193975259,-11.789485653161357,-11.420252873278857,-0.5524018911996145
2018-01-31,20.0,36.0,211.0,7.368668349364205,-8.173288024929136,-7.194338965982279,-1.5167972591541887
2018-02-01,5.0,20.0,215.0,15.447817372509604,6.147739888533271,-6.894458542479318,-2.959859854762563
2018-02-02,7.0,18.5,230.0,80.0777891185284,-8.756831946438377,3.0175527878017565,-3.3396573588664973
2018-02-03,5.0,15.0,176.0,10.689621362145749,1.8009066339433513,-8.838662829697043,-1.1766781732904144
2018-02-04,4.5,19.5,149.0,-9.98744287724938,17.928722726801283,-17.121546565851485,11.002328865351437
2018-02-05,7.0,19.5,187.0,-9.180298187484624,21.118100992337457,-17.46602999371601,6.882581455094045
2018-02-06,8.0,23.0,204.0,-14.108989111519001,13.542270250147581,-12.763607602886141,-6.207803208944917
2018-02-07,9.5,26.0,210.0,-10.308519060955277,5.673460668903023,-13.8774393726355,-5.953584864009624
2018-02-08,18.0,35.5,216.0,-12.212708735288917,0.6726644674796547,-15.017327061473875,-4.549460226215878
2018-02-09,6.5,19.0,230.0,-10.566817170160903,-0.9886395510566914,-14.721131506642564,-2.985216431660159
2018-02-10,13.0,24.5,176.0,-13.314582383608291,-2.276945635933424,-11.957628386834534,-3.7446294757357412
2018-02-11,6.5,21.0,149.0,9.015549779199299,-4.631148286610181,-6.185478374724344,-2.4835791087235832
2018-02-12,11.0,24.0,205.0,12.3011633307265,-4.282476837203471,-7.120686445534036,-1.9560414948630263
2018-02-13,7.5,17.5,208.0,6.258365412122271,-1.533360323149851,-10.575405288549927,-2.688958819937625
2018-02-14,15.0,24.0,218.0,6.483105320348201,-3.394158937943409,-8.624158141939333,0.7657944661456968
2018-02-15,20.5,23.5,210.0,5.4174514333401715,-9.204244154107064,-9.682936931407243,2.581104125175006
2018-02-16,21.0,19.0,213.0,3.6934945242833064,-9.312811090690396,-5.4918297435137475,0.6497920300326677
2018-02-17,7.5,13.0,167.0,-12.065252768467586,-3.8392596290916,-9.516432544652012,0.40201480858353456
2018-02-18,6.5,19.0,144.0,-11.996696559828969,-4.024860297437034,-9.72645456451954,-2.838764698104306
2018-02-19,8.0,20.5,216.0,-15.506584361929033,1.155390824412142,-7.375982769938457,-2.312464157783654
2018-02-20,7.0,18.0,206.0,-13.877060704466347,4.231978154657714,-6.846098209487935,-3.8736874622306914
2018-02-21,12.0,24.0,210.0,-12.225951739140907,10.662452561884537,-8.65470436989962,-6.34979670197131
2018-02-22,14.0,26.5,215.0,-10.425799840077064,13.15509333330675,-10.46089411912599,-7.48258663453656
2018-02-23,19.0,30.5,231.0,-6.903779334795706,15.691089497196197,-9.874127605414827,-8.26455676478892
2018-02-24,23.0,31.0,178.0,1.3977288610011422,12.478055599028728,-7.972563902643515,-7.404560360184011
2018-02-25,24.5,41.0,149.0,5.085491564313762,6.80132216439604,-6.116639382553877,-5.687785069438903
2018-02-26,19.0,30.5,204.0,-8.595393587620931,15.288245113776144,-6.662051116904842,-5.902131765234553
2018-02-27,13.0,30.5,208.0,-8.70911950157527,25.763530355160707,-15.465189800755386,9.636505313771206
2018-02-28,6.0,19.0,215.0,8.930982311031435,32.558326403160805,-7.666450158720565,10.249133806277317
2018-03-01,7.0,24.5,220.0,14.690323259832201,42.345115172597644,-4.384741877777451,6.451199837319017
2018-03-02,6.0,15.5,236.0,10.965671135853862,31.209406732443473,-8.42900991776911,6.796469374707087
2018-03-03,5.5,14.0,181.0,12.531915396688682,26.809687932558745,-3.939547531096097,4.753379453229241
2018-03-04,5.5,16.5,150.0,5.572059411688088,27.39338774375955,-3.718026055683909,-2.434293109482582
2018-03-05,5.5,17.5,209.0,11.578956336333563,29.39550343440334,-5.611038305795694,-5.044021907601035
2018-03-06,6.0,16.0,208.0,9.79482516331055,20.57321234731611,-5.4486268765182135,-4.607495964995518
2018-03-07,10.0,24.0,214.0,9.084582949077705,11.758766951915096,-5.8437976908067775,-3.549440176212496
2018-03-08,12.0,26.0,216.0,1.129880322362453,11.054334319555661,-9.035012725290404,-1.2283676188260908
2018-03-09,7.0,21.0,235.0,-0.7449317315369294,14.082836233942452,-7.863890069874506,6.414023018040499
2018-03-10,6.5,10.5,157.0,8.668802837624758,22.42726302833338,-7.276991138308837,17.4829924472816
2018-03-11,6.5,12.0,151.0,9.173732340897905,18.353317168562107,-3.8591711623093183,-5.1656098263906465
2018-03-12,9.5,19.5,219.0,6.8376179430263475,7.194520909355895,-3.6340307318219485,-3.1952234067508223
2018-03-13,9.5,22.0,199.0,5.275668827055037,3.6811677468218416,-5.327460501637662,-0.8868986966874117
2018-03-14,6.0,16.5,214.0,8.603779090080467,20.576828770014576,-8.428008780490583,16.91145002520027
2018-03-15,6.0,14.5,222.0,9.34132191880877,20.472560556862835,-2.112575718852806,-7.349188206075389
2018-03-16,5.5,12.5,236.0,9.626302383455762,15.978583804926677,-4.068377465348763,-3.3622127404389865
2018-03-17,5.0,11.0,177.0,12.076252581778583,20.941199366949576,-7.463334578959117,0.9804538566089775
2018-03-18,6.0,15.5,153.0,13.398923530383291,14.615217633026473,-2.733496144781107,-6.401712424283751
2018-03-19,5.5,14.0,217.0,15.277238977199033,16.38768207413284,-6.368310811824571,-0.8330054778660194
2018-03-20,7.5,15.0,211.0,-11.284739307898882,8.74217901953972,-10.103729992950505,-5.678966427312465
2018-03-21,10.0,23.0,215.0,14.48672408308801,-7.674379779400553,-5.2598362309678155,-2.821337786714533
2018-03-22,15.0,26.5,223.0,7.882909016543116,-6.282014636806275,-7.67931414596669,-3.1372200560200625
2018-03-23,7.0,7.0,224.0,11.685123580430671,13.800253643179353,-6.494492114189473,0.4086623627138659
2018-03-24,4.5,8.5,160.0,15.56841889320101,19.281150302858098,-3.43182264994802,-6.309673705878154
2018-03-25,7.0,19.5,138.0,11.99738790471361,6.615791426841918,-4.27484091185843,-3.830362065426526
2018-03-26,9.0,18.0,180.0,11.50989316695642,-5.659479418351084,-3.942811091657648,-2.3843288754128995
2018-03-27,13.5,21.0,179.0,6.091527623666757,-8.701088356101724,-0.04557100012958203,-0.6425512272912512
2018-03-28,8.5,7.0,178.0,4.614505845344901,-0.28876320642669867,0.612179791156643,-2.2124148198595255
2018-03-29,6.0,6.0,107.0,7.1059327583737515,10.284064695855259,-1.4332914285113307,-4.127791960303734
2018-03-30,4.0,7.5,96.0,8.892330330142574,17.024563332741742,-3.923348503570846,-5.245463670640529
2018-03-31,7.5,15.0,114.0,9.052973818892939,7.73203967854501,-3.414711784904674,-5.423192239695122
2018-04-01,9.0,20.0,120.0,-5.794427457141241,4.645636560237809,-5.7271675749185205,-2.826371583931864
2018-04-02,8.0,12.0,198.0,6.835733059599042,11.308776985253973,0.7867556561583839,-2.265543990353082
2018-04-03,7.0,9.0,208.0,4.386406179503552,12.348268099631778,-1.2737719714218183,-4.140732492429115
2018-04-04,11.0,23.0,214.0,7.076070463051315,3.8325533434551047,-2.6808168638547825,-2.946724930409783
2018-04-05,14.0,31.0,222.0,-7.760904748527381,0.7377783767613788,-4.817308366736453,-2.73558735849279
2018-04-06,10.0,18.0,237.0,-3.755377303161831,11.520827481911548,-4.277954828391172,1.1372912035763392
2018-04-07,6.0,9.0,181.0,7.739474664394175,13.282457265838508,-6.074512572408859,0.4395497661123871
2018-04-08,5.0,12.0,155.0,10.02097553260251,11.975443655771839,-1.880372324262283,-2.984744676470339
2018-04-09,4.0,20.0,208.0,7.981433534354249,14.603850595409455,-7.956924204307957,-2.7142992143021876
2018-04-10,5.0,16.0,210.0,11.234992128005588,25.54559207378639,-10.362541828948562,7.7066564463332465
2018-04-11,6.0,17.0,215.0,14.580700704391619,23.228367689704868,-5.635936462038084,-5.343766710647415
2018-04-12,6.0,20.0,232.0,10.39182468013514,15.785566142694988,-6.865110340769418,2.650881904596032
2018-04-13,8.0,19.0,231.0,7.276308124671874,12.222453223215071,-3.4064403866541837,-4.570924748389543
2018-04-14,8.0,12.0,179.0,5.800404238299322,0.5901228114376158,-2.6211395621609976,-3.3873799108985048
2018-04-15,7.0,13.0,151.0,42.680418026730266,-2.393991159727013,3.012927766864344,8.848797343398248
2018-04-16,12.0,25.0,208.0,10.961715618737145,-3.0092343268521615,-0.3715209466371724,-2.7866325385826323
2018-04-17,15.0,27.0,208.0,4.0775591264663005,-10.858731508540778,-0.22142613479660592,-0.5409090383241835
2018-04-18,19.0,17.0,214.0,-6.892375668043876,-8.196046711572102,0.6702851047022945,-0.583319041746426
2018-04-19,26.0,12.0,223.0,-9.88462526368568,-5.327807051368908,0.5345922621364668,-0.9625763358482928
2018-04-20,27.0,13.0,234.0,-8.1053687932404,-1.8743939891868462,0.35785595414770566,-1.2659715848759237
2018-04-21,25.0,18.0,179.0,-15.00885637320932,1.4375539776712503,-4.381655090640561,0.9936083359517192
2018-04-22,23.0,21.0,151.0,-10.346781894873626,2.433915264514284,0.026983798221633565,-0.7687196720263646
2018-04-23,24.0,19.0,210.0,-13.927580768276673,0.6627165707260841,0.5485751292922193,0.5299018725804606
2018-04-24,23.0,23.0,212.0,-7.0384903946248185,0.011908716173325304,1.7595899407147018,0.5268365845546613
2018-04-25,24.0,22.0,216.0,-4.234894808915981,0.7275431274199984,4.89671784025599,-1.2651440730734416
2018-04-26,22.0,15.0,222.0,4.585412593665277,-1.5234861578467669,5.019844378569139,-1.5829516200466744
2018-04-27,14.0,8.0,232.0,3.656448572319898,4.235199961237355,5.341664162959994,-2.8721761614874923
2018-04-28,9.0,7.0,154.0,6.390488772511263,9.984714656688242,1.2329367349968325,0.8316151430554765
2018-04-29,6.0,12.0,122.0,7.765099029718619,10.502825737448704,-5.643551295234788,-1.1374278287356738
2018-04-30,5.0,10.0,166.0,9.393321845751476,3.193236530912743,-5.620504310055579,-2.0017119442622415
2018-05-01,7.0,13.0,111.0,-8.123761940921803,3.9417765157249454,-4.798100877474883,-4.5489802770727685
2018-05-02,8.0,20.0,125.0,7.282081950399624,0.9800114838392405,-1.7569095494107052,-2.9808446764625285
2018-05-03,8.0,11.0,214.0,-12.35168546354335,5.694766638362096,-2.228648294605452,-3.2303230708876884
2018-05-04,11.0,10.0,227.0,-13.321250722674995,5.5694208939004834,-2.433844416536116,-4.56769634914145
2018-05-05,12.0,8.0,183.0,-7.359247259861562,2.4389885041711037,1.2773566242167094,-3.146823744595224
2018-05-06,13.0,20.0,163.0,-11.688822456873286,2.398085388081988,1.9857814383255414,-1.1499467057192265
2018-05-07,14.0,28.0,209.0,-9.88553571917895,4.418161319727877,-0.6465243890837545,0.9474150061219708
2018-05-08,16.0,21.0,212.0,-13.683715369164487,7.485930495093386,1.2694284548642811,-1.7246298300974563
2018-05-09,12.0,14.0,212.0,10.63672749796568,4.469615659593366,6.970203546534017,-2.5933472247531837
2018-05-10,14.0,20.0,224.0,-14.12766404112638,5.686810448082358,2.126077148975647,-2.491593098586573
2018-05-11,13.0,9.0,233.0,5.517645451091117,-1.9149018436053782,5.1469599751910975,-1.4101932755538025
2018-05-12,7.0,7.0,171.0,5.700518964053194,-0.09750461209422309,0.34414173234414575,-1.6225401654416824
2018-05-13,6.0,14.0,143.0,6.0542918881947,-5.576997751941843,-1.9869766155499857,-2.9184024355437552
2018-05-14,7.0,7.0,206.0,-12.53415381612185,-0.6179413692354719,-2.58040399583883,-1.9703721614971046
2018-05-15,11.0,12.0,141.0,-15.28153148594204,2.2767812950231043,-0.9534618917076667,-3.2984386297097794
2018-05-16,12.0,16.0,215.0,-15.300170047854866,4.637044337616122,1.8606062370541445,-3.139360106263776
2018-05-17,14.0,17.0,219.0,-14.296455340401392,5.45855443680602,2.591965188038754,-1.5799614930328703
2018-05-18,13.0,13.0,229.0,-2.652311869436564,1.3762012669901635,1.9918897889487173,0.06319016753486288
2018-05-19,10.0,8.0,172.0,-15.426329100487955,3.419437876666588,0.7294304860316118,-0.9633130999775333
2018-05-20,12.0,19.0,148.0,-10.784404150029472,5.89651417172726,0.8728215392905624,-1.8485492827018832
2018-05-21,12.0,25.0,208.0,-10.517707264739947,7.956932919900671,1.4318782232417517,-1.3383395576726786
2018-05-22,14.0,24.0,209.0,13.214685183839663,-0.3368055730229609,3.857063181651,0.37584945694607824
2018-05-23,14.0,20.0,212.0,2.993336205514669,1.7283034308165484,6.233521771759338,-0.8831457414816567
2018-05-24,13.0,24.0,219.0,-6.137697175960269,12.428858686321394,0.19520057122602583,24.36559187913281
2018-05-25,11.0,17.0,234.0,7.43477753654191,4.567284899044466,0.0916887773464316,5.205131080396276
2018-05-26,12.0,16.0,171.0,2.696140279540396,2.519130093863988,2.439786616037332,-1.7641560174027795
2018-05-27,12.0,21.0,155.0,5.476644908947612,3.566082470903569,5.512200821671284,-0.04813125709009402
2018-05-28,14.0,23.0,211.0,6.336095311532144,4.619546447893336,-0.5573644090027638,9.77224291134144
2018-05-29,12.0,20.0,210.0,6.697118482122362,3.7997558319517504,1.729586770739899,-0.24369673606235798
2018-05-30,13.0,17.0,220.0,7.084697561883819,2.2295376034399252,0.6188730548274244,-0.03435759679994645
2018-05-31,18.0,23.0,253.0,8.903948253071574,-3.490797398506695,4.616094592758666,-1.2956733792701267
2018-06-01,13.0,10.0,237.0,-13.194361878243544,2.4749907775142237,1.5547477079552199,-0.10032952236622703
2018-06-02,14.0,12.0,177.0,-1.4185211834034444,2.4378319368639634,0.4181342913551789,8.692306178260536
2018-06-03,11.0,11.0,153.0,4.20140671469813,0.9341813867164568,4.245820866267814,-1.9566807580359695
2018-06-04,11.0,12.0,210.0,4.7113186540154315,2.348286905225236,3.011638508556338,-3.1225046233791067
2018-06-05,9.0,16.0,211.0,8.284723553480571,3.822091418888617,1.2557277701481666,0.18535048940601853
2018-06-06,15.0,20.0,216.0,13.610763580277895,0.32765461651425787,1.9632680863486678,1.9468847031094036
2018-06-07,15.0,19.0,222.0,4.054967897768388,-0.6939024698879062,2.2896609625615545,2.037151112908774
2018-06-08,12.0,14.0,233.0,4.674106324261495,5.459730507978311,-0.3090413819485463,3.0775068108666646
2018-06-09,12.0,12.0,176.0,4.966178490590134,2.725835870004972,1.6574845992241019,-1.522726151691773
2018-06-10,10.0,12.0,151.0,5.49131094049148,4.138383094274541,0.08266595744925513,-0.6439314372336138
2018-06-11,11.0,18.0,208.0,6.697215835382845,1.8648513946601168,2.4626204467636628,-1.022105584356514
2018-06-12,12.0,12.0,211.0,8.374656564751511,-2.7874074004079303,5.52461612418537,-1.4994723507496326
2018-06-13,14.0,13.0,216.0,7.89481385178041,-4.564858734848637,6.266468720542747,-1.2076805831637674
2018-06-14,17.0,20.0,221.0,-13.253316081842225,0.8474970458300229,3.300434201207171,-2.159053458279517
2018-06-15,15.0,11.0,229.0,-14.362189546869159,2.5664701564006482,5.7567394539873655,-1.8291689083094478
2018-06-16,14.0,7.0,168.0,-15.940426618519,1.120491763078009,7.082069798329645,-0.8947086281765132
2018-06-17,13.0,11.0,148.0,-13.758450681302197,-4.225098300976324,6.240437387938636,-0.13939763486069753
2018-06-18,15.0,13.0,211.0,-14.837872793039237,-3.9283817190818366,6.952689557214079,0.11094368677063979
2018-06-19,20.0,15.0,212.0,-16.606242538544,-2.0737745214383154,7.235634582974205,-0.2712141472420322
2018-06-20,23.0,17.0,212.0,-8.816129787779843,-1.8821223953358788,10.236938139292155,0.20684744464838073
2018-06-21,23.0,20.0,221.0,-11.928655409536894,-2.1717850465294695,9.854842281597355,0.27607397081023055
2018-06-22,23.0,12.0,230.0,-13.727693883151407,-0.6525339808208593,10.137393256942124,0.12160287325547293
2018-06-23,34.0,12.0,166.0,-15.672898014906032,0.821964144470849,11.132432456348734,0.2149859148734065
2018-06-24,47.5,21.5,145.0,-13.605900384743057,1.5121503730879884,11.83793967860635,0.7420254135232829
2018-06-25,49.5,19.5,203.0,-4.782246675630599,0.34525157780605953,13.228166405003305,1.2433048003897693
2018-06-26,43.0,19.5,208.0,2.912416540846813,-2.036363405129771,13.921555305937375,0.6010274159309936
2018-06-27,31.0,18.0,212.0,4.346770728926458,-1.5496159657924597,12.160990082886785,1.0495910856134592
2018-06-28,26.5,14.5,220.0,3.5008728855474267,3.7811755715723323,11.345691577227159,-0.32004298952749743
2018-06-29,25.0,9.0,229.0,-13.315391931877132,11.263913388156473,9.85160737956395,-2.263850479409386
2018-06-30,17.0,6.5,165.0,-3.4088925630714444,8.693824521118112,9.166425352018381,-0.9987368268203946
2018-07-01,17.0,13.5,140.0,5.785489711542467,3.085945635863299,9.534295565729819,-1.7518691704668352
2018-07-02,19.5,19.5,204.0,3.218633578917516,-0.4409811546933312,8.335822126339531,-1.4619557953586082
2018-07-03,20.5,19.5,202.0,5.5561061498626945,-3.4167336081283226,9.094939389062294,-0.7002024210834792
2018-07-04,17.5,16.5,207.0,2.0488909011903864,-1.2949889891703132,8.30165872953898,-1.2698923338958068
2018-07-05,19.0,17.5,212.0,-13.415013128212111,-3.376464583756795,4.981632260997913,-0.02090259669946696
2018-07-06,22.5,15.0,212.0,-15.487440569185381,-1.7943390569494113,6.932140302449567,0.6460856577275323
2018-07-07,22.5,10.0,149.0,-11.61578159707981,-0.828886066417325,9.699008332785906,0.45003543039845906
2018-07-08,22.0,17.0,137.0,-15.05965681730903,-1.727719301343996,10.641995165571027,0.5921493618974337
2018-07-09,23.5,15.5,200.0,-14.896749855358616,-0.9202440723507093,10.719468144332751,0.4853708906706115
2018-07-10,25.5,17.5,196.0,-15.49007138936212,1.070260315118286,10.479558659260263,0.34103913034161687
2018-07-11,24.0,17.0,197.0,1.8500518242451331,1.3086087216242246,12.218044169101253,-0.13998580589551998
2018-07-12,30.5,15.5,205.0,-16.770040563270925,4.0656229131335095,9.420584980874697,-1.1564640773722912
2018-07-13,30.0,14.5,209.0,-14.112202975373684,2.608100197236103,10.28396043074615,-0.541736567206773
2018-07-14,23.5,9.0,149.0,1.1965126822048158,-2.440064159080611,11.511703557973899,0.1355480471362003
2018-07-15,18.5,12.5,132.0,2.7928876063365284,-1.7096593911709903,9.420542199162014,-0.9405377551031578
2018-07-16,21.0,18.0,193.0,7.156914039385743,-5.155178240425692,9.879731095367003,-0.15151373227737674
2018-07-17,30.0,19.0,192.0,-9.381764498573819,0.2569861919799069,10.095314731070635,-0.30655699878781284
2018-07-18,28.5,24.0,195.0,3.5293920695254015,0.3771217431415292,13.432377543218378,-0.3859642935509624
2018-07-19,27.5,20.0,199.0,3.53261234853977,-0.9658165618550211,11.808673203518737,-0.4373586854666427
2018-07-20,18.0,6.5,199.0,0.1550028101912587,1.7910980071107454,10.729560534455505,-1.1268134250872182
2018-07-21,16.0,9.0,139.0,-17.217703041566487,4.360610659726696,6.374404217184843,-1.1351948548055513
2018-07-22,23.0,17.5,122.0,-12.546786062311096,3.2638267381897124,7.7661424598919275,-0.40238490255592024
2018-07-23,23.5,19.0,185.0,1.220759819561893,-0.8713052225551906,13.266891894231533,0.08150837352461919
2018-07-24,26.0,23.5,185.0,2.6525321582056485,0.32165648299093125,12.390291489283737,-0.5376674928337707
2018-07-25,31.0,26.0,190.0,1.6227413151512258,0.06603809975075588,11.9637160540603,-0.41886121324168957
2018-07-26,28.5,24.5,195.0,2.6599399390315526,1.12035684788087,13.181256821675357,-0.4753533103222059
2018-07-27,21.0,11.0,195.0,3.89016587643068,1.8986432855734068,13.070214401824407,-0.406304450116608
2018-07-28,18.5,8.0,125.0,3.738498195439529,0.4426260983553467,12.255247383775522,-0.697573254312841
2018-07-29,20.5,19.5,111.0,0.5202647595597435,-0.6526408341025742,11.519509265404007,-0.21315684450842218
2018-07-30,21.5,20.0,171.0,2.0113341447870483,-2.8461056306812487,12.220044101922465,0.3146397246276044
2018-07-31,27.0,27.5,173.0,-0.19599215139303214,-2.6047302129775884,13.281088156556395,0.6331648785786879
2018-08-01,35.0,31.0,167.0,-14.058900474628075,-0.3954946579609538,12.163423545444786,0.6899561260787448
2018-08-02,49.5,19.0,171.0,-15.592121051593388,-1.8264490026012103,13.372479944702743,1.7986837268426363
2018-08-03,54.0,10.0,167.0,-18.515271171026573,-0.3419492634262344,14.072082723001298,2.2160489458644617
2018-08-04,46.5,8.0,120.0,-2.8942443479596074,-4.254548791652237,14.92869012385562,2.247782203874761
2018-08-05,49.5,19.5,108.0,-16.11630485474389,0.3840456365494391,13.160221108328084,1.0698517034833979
2018-08-06,66.0,17.5,149.0,-4.69512111667354,1.3586391544550498,13.984421729046579,2.0069535992601772
2018-08-07,52.0,13.0,147.0,2.809584033579128,3.938719364810025,15.777426718726101,0.07089096610500437
2018-08-08,31.5,11.5,148.0,3.27088107878117,4.585217741712733,14.01777100241131,-0.7768594889617948
2018-08-09,25.5,9.5,151.0,-14.748767972202,2.2643867065533034,7.845893459966826,-0.995411894896308
2018-08-10,32.0,10.5,148.0,-17.568995046819808,-2.8182930463092624,5.956803269729096,0.8370762434068701
2018-08-11,39.0,14.0,110.0,-6.7434746381964965,-5.933613079851591,11.156815327564336,2.354386739754529
2018-08-12,31.0,13.5,100.0,4.066028771952965,-0.9070812012176943,14.77135776797246,1.0757549050049056
2018-08-13,19.5,10.5,140.0,6.442906677623981,-0.1717361034184912,13.735145287631877,-0.09393110249658954
2018-08-14,20.0,7.0,138.0,-17.311260615512385,0.7030719605009497,8.558317731899919,-0.20317866888213987
2018-08-15,27.5,12.5,99.0,-12.366556539986608,0.601097823864356,9.670941005951935,0.12687832337577218
2018-08-16,22.5,10.5,138.0,-2.4319875307409817,-0.028037188409210056,11.054509870076137,1.7657447095431371
2018-08-17,15.5,4.5,133.0,-15.180181581984629,0.934392505508527,8.613232508916523,-0.010025753220181578
2018-08-18,17.0,11.0,102.0,-16.052008799465717,-0.3609487957968628,6.007225400794387,0.03893535543673294
2018-08-19,20.5,14.5,96.0,-15.91652654420734,-3.339793358181173,7.482184427908833,1.4116855190522903
2018-08-20,21.0,20.0,141.0,-11.047270182387548,-3.4437840231692958,9.142474193581995,0.8264003117939013
2018-08-21,23.5,16.0,136.0,-13.5547046625189,0.3034945087389956,10.18333377781671,0.44683194253495234
2018-08-22,28.0,23.0,141.0,-7.7056630696312265,-1.0665637212735117,10.495190885775465,1.8531732317420146
2018-08-23,25.5,15.5,143.0,2.9280546177438884,-3.798348977947384,11.608724867865288,1.9332817776202376
2018-08-24,21.0,9.5,144.0,3.8625003187543436,-4.005579938691447,12.14104310248897,1.2409943590528059
2018-08-25,20.5,10.0,112.0,-13.753831586659102,2.850227609842455,8.461268153116155,-0.5491192397408077
2018-08-26,23.0,24.5,104.0,-12.907107827505122,1.4045621375894686,7.706533380007325,-0.4495320679053545
2018-08-27,39.0,22.0,155.0,-0.737014587093128,-1.0784972829978174,11.995121660657595,1.542521945541342
2018-08-28,38.0,21.0,177.0,2.461358814382559,-0.24426996528256995,12.736439797462985,0.9551058516885079
2018-08-29,33.0,17.0,163.0,-15.334982286786905,-0.08645436622089415,8.109407396607017,0.15327055878366802
2018-08-30,30.5,17.0,170.0,-17.639761028712613,-1.410939701419698,7.8675054040086065,0.7002000064937332
2018-08-31,27.0,14.0,177.0,-16.63688921715366,-0.21767777943070898,9.448551417001992,0.7288075320648939
2018-09-01,35.0,15.0,140.0,-15.652214252375945,-0.5984834065658123,9.12293232310261,1.361393562631413
2018-09-02,49.0,18.0,130.0,3.1162756725757688,-1.0387295857224843,13.57850101415468,2.9735247007295365
2018-09-03,48.5,20.0,197.0,-9.118256331014704,6.562648540879755,9.480639549021147,1.2258148085544176
2018-09-04,42.5,16.5,199.0,-0.4264234609441536,2.951906909427952,8.980065944176596,-0.20223441242917578
2018-09-05,34.0,19.0,200.0,4.453006193996688,0.822232184717212,8.42860651867423,-0.20690841688890138
2018-09-06,26.0,14.0,217.0,-15.758646615860027,4.458510239115948,3.562265208526086,0.5853977537036859
2018-09-07,21.5,15.0,219.0,-13.033843099321652,3.518338851980855,4.989973180718574,-0.0015037921950219225
2018-09-08,19.5,20.0,155.0,-14.563219689284026,0.982610896199418,-2.1805227678056642,4.491652851892686
2018-09-09,15.0,14.0,140.0,-10.09486765133408,-3.9292774990869974,2.844521071131872,1.5182314665422798
2018-09-10,17.5,17.0,211.0,-11.79765435046154,-6.711641609572825,3.605486910319767,2.1803905510992307
2018-09-11,23.5,23.5,209.0,-15.879451130140923,-6.332482987081757,3.740456693718554,1.8351349179282532
2018-09-12,26.0,31.0,217.0,-17.88440145514611,-5.5766040072732155,4.099273991579322,1.777315477676876
2018-09-13,24.0,23.0,239.0,-6.961274278678734,-4.358448807570967,8.188367640735937,1.6194771124992902
2018-09-14,22.0,12.0,227.0,-13.47402331512073,-1.541823059787364,7.2876958362957325,1.4735915602478307
2018-09-15,15.0,15.5,162.0,-10.657326067025098,-3.2027476849730676,7.2804544258744555,1.3842077909995716
2018-09-16,25.5,21.5,142.0,-3.1647537665133547,-6.7621417474326195,7.27564642501616,1.9540098169323088
2018-09-17,26.5,25.0,212.0,-6.114729452611804,-0.5807476952402733,7.724164296048394,1.925205311941913
2018-09-18,26.5,31.0,213.0,4.516473486605213,-4.481730664725058,7.30031786260438,2.452599272342924
2018-09-19,31.0,31.5,217.0,0.5315711431531799,-8.280589304881316,8.006804848090349,2.1438051194812417
2018-09-20,30.0,30.0,222.0,-2.1466730566711885,-5.852338648520476,8.46092342251587,2.1762727472469052
2018-09-21,26.0,21.5,232.0,-14.658252710688883,-3.276127182718026,6.142469361234774,1.7937835369605666
2018-09-22,24.5,21.5,170.0,-0.022212314520040303,-9.84974164673038,9.455538081722256,3.2736520668527995
2018-09-23,17.5,15.5,150.0,-17.577825343321617,-6.712334379566832,7.1160261381249565,2.507371913861492
2018-09-24,21.5,23.0,213.0,1.0153552921150306,-9.503453859575112,10.020570365190052,2.8580104173732495
2018-09-25,24.0,12.5,214.0,-9.126572368649654,-6.692610573712036,6.260727866364909,1.7514278542577573
2018-09-26,28.0,26.5,218.0,-8.524970733857874,-12.180499265416303,1.5579023477984284,6.684075715795587
2018-09-27,30.5,30.5,223.0,-11.901263583799617,-13.374421637842506,2.2461309453827765,2.778622361206206
2018-09-28,28.5,26.0,237.0,-12.387570965992976,-4.541687499365113,3.668404585966746,0.9159871510920895
2018-09-29,26.5,23.0,178.0,-14.670595566289336,0.20924838106338464,4.365558729426442,-0.08019028066052675
2018-09-30,19.0,15.5,153.0,-14.641927134571095,0.21855909253073563,4.273826108035258,0.4058853197461199
2018-10-01,19.0,23.0,218.0,-15.709967592391052,-2.2822434554649655,1.756230262911786,0.004608583704871766
2018-10-02,21.5,26.0,217.0,14.133423507750933,-11.361386348639385,3.8208650040081933,0.8238124913064581
2018-10-03,24.0,32.0,220.0,-15.487153646142149,-6.23007014203215,1.617346646585065,0.8196863895259661
2018-10-04,33.0,37.0,224.0,-10.889784508944508,-3.1061324313006624,2.515868174344,0.16965579633127542
2018-10-05,31.5,29.5,232.0,2.1379686084928533,-2.8607105507708495,5.289486827622135,-0.04613195044767043
2018-10-06,21.0,6.5,176.0,2.6989154936881565,-0.03810322747016847,5.707885198804814,-0.5928227081383305
2018-10-07,16.0,17.0,153.0,-16.2028785432516,1.8400832195604557,-2.3011420498848274,-2.2723540318019095
2018-10-08,16.0,15.0,212.0,-8.172579657931667,0.44175662593704984,-2.8762007547173014,-1.959422986778917
2018-10-09,17.0,24.0,215.0,-8.1340895090399,6.94164942667858,-1.748156216421328,-0.1031071792910041
2018-10-10,25.0,24.0,222.0,-11.525975232613836,10.782528266528121,-2.143314275983139,0.3847981280379645
2018-10-11,19.0,18.0,232.0,4.081862780835497,2.8078329661653263,-0.14175489399708116,4.3801631975803055
2018-10-12,21.0,27.0,134.0,1.9956245249988396,-7.196093394714361,0.49484298087805983,3.5716821206498954
2018-10-13,17.0,11.0,144.0,76.46547125799557,-14.48094029128042,16.183302832296942,3.9340467258371397
2018-10-14,12.0,18.0,135.0,9.62380565085642,9.935932016765454,1.2769538254191635,-2.773668166853497
2018-10-15,20.0,27.0,214.0,9.420662132260821,5.965789478392839,-2.715676046107997,-0.9395379966845298
2018-10-16,20.0,24.0,216.0,-13.979916217243618,3.2027518962464723,-1.9661749511075393,-2.3875734141089247
2018-10-17,19.0,25.0,216.0,5.231904062922562,-0.48611179898762485,2.343551101357354,-1.6709133746452949
2018-10-18,13.0,21.0,225.0,-13.221768235276052,12.58214908226324,-3.272152857897303,7.498167227175081
2018-10-19,13.0,15.0,240.0,78.30502672760294,-9.699123140896745,10.310745494677917,7.666303652472154
2018-10-20,20.0,16.0,178.0,-11.660445203256318,-0.23506439554629505,-2.1873813831934585,3.682095061657299
2018-10-21,31.0,32.0,152.0,-14.482693576460678,-3.5910526239669522,-1.1519410542211759,0.5369728747598042
2018-10-22,31.0,31.0,212.0,-15.734193810068758,-5.274539714843173,-1.7615017738002774,0.1128203679140014
2018-10-23,42.0,44.0,216.0,-17.368321961918262,-9.015369408521023,-2.8488164122680577,1.3475707921923905
2018-10-24,43.0,42.0,219.0,-0.6640758768827509,-11.115805156652046,-0.22123704235902797,0.8003883922284836
2018-10-25,39.0,42.0,225.0,2.3124921158000555,-5.468183092768889,1.2257570212784337,-0.20533600003640254
2018-10-26,26.0,22.0,237.0,4.414533517431044,1.7518413509500388,-3.3285098205783137,2.656105027964833
2018-10-27,12.0,13.0,178.0,-10.885051178855743,17.518525781565163,-9.900255206412231,0.47190097753554966
2018-10-28,9.0,14.0,149.0,-7.28806301731847,20.476503173730865,-8.037619713353655,-7.574942170483315
2018-10-29,11.0,20.0,215.0,15.62050599788458,14.750931334206705,-3.640785302981383,-5.992364640678476
2018-10-30,12.0,18.0,220.0,3.268367629607503,23.14146637890901,-9.302770450711266,7.870229317764615
2018-10-31,19.0,22.0,237.0,8.73900245925904,15.815684360406362,-4.918601410779828,-3.8052647443532637
2018-11-01,14.0,15.0,148.0,4.985440775304678,2.2422215529056335,-4.920025768510807,-3.496041938566373
2018-11-02,16.0,27.0,189.0,8.605093550072732,-6.916405109316324,-0.6681762523363676,-0.33091866766987893
2018-11-03,22.0,22.0,157.0,-6.647424013278103,-5.0911073379714695,-6.267215037248753,-1.631390928859015
2018-11-04,14.0,18.0,140.0,6.867534745899362,8.372986300092252,-5.477776846947727,10.210238533858153
2018-11-05,12.0,16.0,212.0,12.830691774326237,15.581607293976012,-5.3142766376339425,-1.761122668979197
2018-11-06,14.0,23.0,216.0,9.11793259125483,7.310523055373271,-5.012523905220236,-2.679452016827887
2018-11-07,19.0,27.0,220.0,4.943195057679972,2.7130311304047656,-5.292241578097423,3.043743447063289
2018-11-08,13.0,11.0,231.0,5.467679585045704,3.2211108296829174,-7.55349871912131,2.5610435609312496
2018-11-09,10.0,12.0,149.0,9.329329062366504,-1.7806530097933375,-4.645627105689222,-2.4455575135900527
2018-11-10,12.0,14.0,137.0,5.239290099448735,3.842079560782867,-4.850085652410115,0.8270391465432614
2018-11-11,17.0,28.0,125.0,5.5745678713562805,3.3506915872506235,-1.4047498749067258,-0.386464125122082
2018-11-12,22.0,25.0,217.0,3.738415407023172,1.0727124804608534,-6.14840502117053,3.045124657967315
2018-11-13,33.0,23.0,216.0,-9.236499473778133,-6.489932036356452,-5.019576359742517,-0.17647033106891247
2018-11-14,25.0,22.0,244.0,-12.686511676957648,-4.204144227102719,-6.398976955660256,0.5961637798199102
2018-11-15,24.0,22.0,220.0,-7.115426268508282,-0.14161468506168592,-4.216579914092289,1.2774819176459606
2018-11-16,20.0,15.0,235.0,-7.992893599657951,-0.11163454161656108,-5.36033517488694,2.4015582664045594
2018-11-17,17.0,13.0,182.0,-6.289973620401324,4.393696654744196,-3.3365572169875133,-1.158284482679412
2018-11-18,13.0,17.0,150.0,-4.36174332019597,17.131681696827854,-7.863190759256105,8.419453494759619
2018-11-19,11.0,17.0,210.0,-9.632983978193268,21.68700020953332,-6.073428915134119,-2.220185186022757
2018-11-20,13.0,20.0,212.0,9.210293772809317,19.47520475503587,-4.200628214508339,0.6195143268556473
2018-11-21,18.0,25.0,217.0,6.270737096784211,8.403576477623961,-5.120710034574705,-3.0642374954636185
2018-11-22,15.0,22.0,223.0,2.5400775583809874,3.2408783782731985,-8.908844742017065,2.3342092047781016
2018-11-23,21.0,26.0,236.0,6.13228539608825,2.1613609338202067,-5.681477320752097,-3.1192379428993156
2018-11-24,18.0,15.0,184.0,6.584132465603653,1.0533260605942527,-10.581613486315918,0.4617051244022057
2018-11-25,11.0,15.0,154.0,9.638937482516006,10.90733755054253,-4.753158798038246,2.0146665988308126
2018-11-26,19.0,29.0,213.0,12.403014989747406,3.8713692454432294,-3.3295904210111145,-3.4797099085685472
2018-11-27,37.0,37.0,214.0,3.1598754413028076,-8.774166619191988,-7.635187627384309,-0.8416604680598765
2018-11-28,41.0,33.0,216.0,0.2734610075776947,-9.628288008695032,-10.082533841675902,-0.3117719291745889
2018-11-29,30.0,28.0,226.0,8.1324570050811,-5.3146548601297345,-9.12699858950149,2.0031602338384418
2018-11-30,24.0,30.0,240.0,7.605173621501934,-7.173725714378812,-7.616665577943285,-0.6432998778150046
2018-12-01,29.0,25.0,187.0,4.5601513809243714,-8.953039928003209,-10.30902862627923,0.5926978415219262
2018-12-02,38.0,26.0,151.0,3.3731310373490575,-10.372699795305282,-11.276403367411932,1.4902744393109995
2018-12-03,41.0,35.0,208.0,12.904455835936579,-12.745989364589844,-9.492034293950173,2.6105786023789315
2018-12-04,43.0,39.0,211.0,13.898375609512469,-14.233741321744093,-4.503865094701056,0.3683565425982215
2018-12-05,44.0,31.0,220.0,-3.020025443723197,-12.055906442379595,-5.751647692648221,0.3713877683079465
2018-12-06,31.0,25.0,137.0,-5.402206366719455,-15.01137286200751,-7.423190407925974,0.8616110051975153
2018-12-07,25.0,26.0,181.0,8.355353197205424,-14.03258860629552,-7.582519241879255,-0.2102689544980675
2018-12-08,37.0,35.0,138.0,9.648934779957036,-16.160299915956426,-5.859744195384202,1.5086608324848778
2018-12-09,44.5,46.5,134.0,2.0750801413983284,-18.93614699251686,-7.490681186319476,1.493851721300015
2018-12-10,41.5,34.5,211.0,7.613980820645485,-16.925503185792703,-7.215145886586031,1.4038687430898455
2018-12-11,36.0,27.0,211.0,4.108929312011422,-9.57848597569469,-8.288146181186226,0.2504635605525506
2018-12-12,23.0,16.5,212.0,5.129906483002728,-2.111908900619006,-12.263232804012617,3.832325609606685
2018-12-13,11.0,20.0,223.0,14.76330051994326,7.657814639629547,-8.112150880216724,1.9569939251598714
2018-12-14,20.0,26.5,247.0,11.11248529702394,-5.127728321174939,-6.950589787298228,-2.33709756133064
2018-12-15,14.0,14.0,241.0,4.61452165652585,-10.359054769980974,-12.169138164256427,1.098588826181377
2018-12-16,20.5,29.0,209.0,4.873539955450125,-6.043200587364543,-8.16304914530335,0.7968938673816274
2018-12-17,27.0,31.5,244.0,10.17371858595954,-16.69458201251039,-9.554682185383728,0.4166691398601527
2018-12-18,25.0,24.5,215.0,-12.517590792416017,-6.2018865205422475,-16.236427253845196,1.4933074055496773
2018-12-19,17.5,22.5,222.0,4.626732943033388,-7.665431711363027,-8.838410075076558,-0.5349580500342084
2018-12-20,19.0,22.5,234.0,3.7879801779773743,-12.409318814354096,-9.876626250531965,2.1366814362848237
2018-12-21,26.0,21.5,247.0,7.823760444257647,-19.470370366288343,-11.933913386714986,4.4297073199792125
2018-12-22,25.5,18.5,177.0,-14.817802739058484,-16.7136906761324,-15.385189834995208,4.15183138509333
2018-12-23,30.5,29.5,147.0,-8.92523414895371,-16.569153829960733,-13.062069561635566,2.1469744517673734
2018-12-24,22.0,25.0,149.0,-15.03276924147553,-15.846606152483224,-12.598787415363352,1.6576762103925398
2018-12-25,24.5,32.0,122.0,4.862065168639351,-15.22246909893417,-7.299145472739657,1.2866045390956375
2018-12-26,38.5,34.0,177.0,-9.809477571199297,-13.545909614610883,-10.141702349435876,0.07653371345421256
2018-12-27,39.5,27.5,187.0,4.457413710338951,-14.250552622698121,-9.705350362372833,-0.3321489278003486
2018-12-28,23.5,19.5,192.0,-10.190163748280478,-11.40207221090291,-11.152104462454192,-0.7488706987967735
2018-12-29,18.0,23.5,152.0,-16.32769731598052,-11.445030730433128,-11.56536598612563,-0.5569065962360625
2018-12-30,11.0,17.0,134.0,-15.612711395003444,-12.55500388598552,-11.03235718448683,-0.2732237927311349
2018-12-31,30.0,32.0,140.0,2.481289534595869,-18.868164799715192,-9.629826164709232,0.6709172426030107
2019-01-01,35.0,39.0,123.0,-11.973031325670888,-16.002081978227658,-12.439627203922607,0.09537370340765082
2019-01-02,23.0,30.0,171.0,-13.02026198626268,-11.408350970873354,-12.638780264576903,-1.1184669200282047
2019-01-03,32.5,37.5,184.0,-12.157369531425202,-11.490596365488067,-11.948396159290745,-0.30495321971197337
2019-01-04,34.5,37.0,196.0,6.8239116592862,-17.988905025535768,-9.781954784648182,0.15864575800658753
2019-01-05,34.0,42.0,156.0,4.364407548162241,-20.979207078405327,-11.073248578799056,0.7311944884188052
2019-01-06,22.5,39.5,136.0,7.6073698426139424,-18.590700654534402,-9.03520493133882,0.42740949417842033
2019-01-07,27.5,36.5,122.0,-10.470245752853304,-12.770231605855807,-11.235287993104114,-0.6017932658372582
2019-01-08,22.0,31.5,199.0,10.873493919556342,-16.772510837721455,-7.753170261485128,0.11481798582275983
2019-01-09,11.0,20.0,200.0,-15.783576962194031,-3.1797596744726593,-10.819581265185642,-2.50631922558232
2019-01-10,22.0,35.0,209.0,-11.913949447461572,-1.0466659515141583,-12.680848666294983,-3.747222824626096
2019-01-11,24.5,31.0,219.0,4.593570980865148,-11.16120477868955,-12.589124702440564,-2.206530058568417
2019-01-12,27.0,30.5,168.0,-9.061492813165641,-13.052051047605568,-13.69050886961569,-1.1302572928399635
2019-01-13,51.5,54.5,140.0,6.788980196215151,-13.566547860025977,-10.313458321538937,-0.9027039091485904
2019-01-14,49.5,40.0,197.0,4.246681251376789,-9.235659530474187,-8.449602858306068,-1.5364824141366318
2019-01-15,39.5,29.5,199.0,30.857320426656827,-10.996082570913407,-2.835452741740209,-1.1777969553984309
2019-01-16,42.5,28.0,191.0,6.7834927257224145,-2.3821631061069133,-8.915550782936515,-3.1555939414979437
2019-01-17,35.5,28.0,202.0,-9.309268828133764,0.6827761005071211,-14.687406815215837,-0.2599226213476732
2019-01-18,26.5,25.5,218.0,9.231473576026378,-2.863360852873108,-12.1534376383654,-0.8846405589811286
2019-01-19,17.5,16.0,166.0,8.271377771528355,6.206437814430649,-15.024654876273816,2.9553998497864113
2019-01-20,13.5,24.0,139.0,-11.22470297898988,8.95488961309257,-10.888172896710376,-4.113890524777865
2019-01-21,16.5,24.5,184.0,-12.91731993248815,-0.28407165546778124,-11.944999081058214,-3.7217621974844866
2019-01-22,10.0,10.5,184.0,10.971246795503365,1.3036453269380928,-10.9033619660725,-1.0751395735381182
2019-01-23,12.0,19.0,188.0,13.717407279663002,11.132056150250422,-2.515704066598403,-4.459460480108475
2019-01-24,12.5,27.5,192.0,13.258925848778839,5.6453320729081105,-0.7247244430637098,-2.758791169776399
2019-01-25,16.0,25.0,205.0,-14.358249693455463,1.6584718913751746,-7.235368449261333,-3.242582979345845
2019-01-26,10.0,11.0,153.0,5.114329634203721,-3.8463851133647826,-6.981484926215475,-2.783910761536963
2019-01-27,8.5,11.5,126.0,12.182294524868208,1.6835162369061554,-4.872761462880318,-4.0949452837175775
2019-01-28,10.5,15.0,181.0,11.108225950604323,2.0126164542875427,-4.0143988457653155,-3.954549271851151
2019-01-29,10.5,13.5,184.0,11.994163941452635,4.917095185737664,-6.24821451456981,-2.3718919174955015
2019-01-30,8.0,10.0,188.0,13.911207455243332,10.408733432233298,-5.542963996489016,-1.029407357340815
2019-01-31,7.0,12.5,196.0,8.962698610461,23.547374273774942,-3.8331586851402597,0.8898941779050866
2019-02-01,6.0,8.0,208.0,12.509970283327016,29.375753170808967,-4.089767051266344,-7.936378892968975
2019-02-02,7.5,14.0,155.0,14.635148187065136,12.149440501543866,-6.147037299490851,-6.8007448158168025
2019-02-03,23.5,37.5,130.0,4.8928355588943635,-8.440605266826093,-10.754292968054463,-2.6878632488327843
2019-02-04,37.0,41.0,191.0,3.498091661726165,-15.3053468292623,-11.231374032645938,-0.8595419020757024
2019-02-05,29.0,29.5,189.0,3.8120180654717464,-15.860467161026916,-7.690930707040727,-0.10462454078279436
2019-02-06,34.0,33.0,199.0,3.4937197036138685,-11.30079032074413,-6.379149511672172,-0.525458150406605
2019-02-07,31.5,27.5,208.0,4.046421531390293,-8.328694427351584,-6.185992675735824,-1.2729123649911263
2019-02-08,26.5,24.0,221.0,4.368426691460875,-7.054540254305095,-6.367707740827673,-1.868503102942515
2019-02-09,17.5,10.5,168.0,4.768811392676718,-7.330345580196913,-9.35427520265902,-0.42550742698626304
2019-02-10,12.0,16.0,142.0,4.938127703891664,-5.9324109552590665,-8.496198234250334,-0.04534835490020187
2019-02-11,15.5,23.0,197.0,8.043614520931204,-13.801021022037947,-5.505391191927804,-0.25545497400779654
2019-02-12,26.0,29.5,200.0,-15.945511210209462,-14.393204989685431,-11.211287259081395,-0.4022625463299517
2019-02-13,27.5,28.5,204.0,-10.175671409908182,-14.623939163206725,-9.11112580204045,-0.15429498647036566
2019-02-14,32.5,35.0,214.0,-9.125884538071835,-15.442500299507351,-10.09816252858054,-0.25081264106615553
2019-02-15,31.5,20.0,223.0,-10.510685920722565,-11.127870012964976,-9.027187852294906,-0.830974684994763
2019-02-16,17.5,17.5,170.0,-8.437094058298245,-9.07347418221053,-6.36077733137433,-0.9403226268002893
2019-02-17,24.5,22.5,145.0,-11.373007587466011,-4.51222745069892,-7.966524353664724,-2.268298217646434
2019-02-18,36.0,26.5,196.0,-8.578472684253137,-0.606164593577407,-7.882465149660072,-2.0987591015397
2019-02-19,42.0,32.0,198.0,6.515974062719975,-5.0375891924201674,-4.636341551910577,-1.8852736400179309
2019-02-20,46.0,28.5,203.0,3.9453493934991917,-8.74628836176291,-5.98883991629085,-1.2455121343106987
2019-02-21,41.5,36.5,209.0,-7.127824276552228,-13.442675438901304,-7.331145268453049,0.10814883911160575
2019-02-22,35.5,34.0,221.0,1.9270152699883498,-18.132937117976027,-5.424013404970359,1.0042617367232947
2019-02-23,35.5,24.0,169.0,-12.050772952907769,-13.038099916995119,-8.530583253715198,0.9527474229778541
2019-02-24,34.5,39.5,144.0,-17.58993135116967,-14.177252640932302,-7.593978797033259,0.7929517084613105
2019-02-25,37.0,30.5,198.0,-0.2007991007370192,-17.744993428769952,-4.630631465186735,1.1305172582023777
2019-02-26,25.0,33.0,203.0,-3.902694842829736,-15.383147203705583,-4.297551293091359,0.6871907360125835
2019-02-27,27.5,38.5,207.0,4.09148935972664,-15.614820887495197,-3.0157404312046427,0.8887625778836371
2019-02-28,30.0,25.5,217.0,6.420602627300554,-15.414894717086748,-4.532741777265426,1.795460762946143
2019-03-01,26.0,24.0,212.0,1.2765947508013402,-9.164741155747981,-2.9460365995732247,-0.6700796114042772
2019-03-02,21.5,21.0,162.0,1.6666254238790141,-11.664975332112155,-2.2569604397409995,0.049204625525933784
2019-03-03,14.5,11.5,141.0,3.7562989220124314,-6.76013186328125,-2.393700852013364,-0.4003155152186177
2019-03-04,13.5,12.5,189.0,5.8434325839890855,-2.240350187112155,-3.2148267893811466,-0.6365849380444965
2019-03-05,13.5,14.5,204.0,4.815949880712938,2.8619641947377965,-3.1038448970593677,-2.180877568451281
2019-03-06,9.0,15.5,207.0,8.471765165202664,14.696406078387712,-5.44722990937209,2.5500310913967428
2019-03-07,13.5,21.5,212.0,6.0681924745362315,1.3876478294242471,-6.036827959953368,-4.099062281474637
2019-03-08,14.5,21.5,221.0,-2.78804350293733,-6.932897491125894,-6.822541724165709,-0.6642510768346869
2019-03-09,19.5,20.0,171.0,1.7413280597829042,-18.807112108751294,-5.219974541408044,1.4295878116285892
2019-03-10,15.0,19.0,147.0,7.596694273993737,-17.143117465419895,-0.9694283556457036,1.4155326123612213
2019-03-11,14.5,20.0,200.0,-15.702271704220328,-12.68534665913655,-4.60928425543249,0.7843315566223141
2019-03-12,13.5,13.0,212.0,2.7516375697433526,-11.393123741718982,-1.936617177953002,0.23278698928591363
2019-03-13,11.0,21.0,203.0,8.104674958035773,-12.47338191582884,-4.087486664883498,-0.5540954518053421
2019-03-14,17.5,33.0,212.0,-0.44931905199788846,-15.046406689150963,-5.897663200843817,0.20566027492888753
2019-03-15,23.0,21.5,225.0,2.2549227124498143,-13.322954794049549,-1.6460093502695377,0.40382754025093104
2019-03-16,18.5,14.5,169.0,3.274922191970905,-6.335763348788818,0.9032579116582681,-0.4571005082613514
2019-03-17,17.0,10.5,145.0,9.190432077266683,-3.340410028080365,0.3412791091556284,-1.672353655158773
2019-03-18,10.0,12.5,200.0,-12.559639227423885,-5.024284382526802,-7.476212574337268,-2.2999896582357127
2019-03-19,9.5,13.0,207.0,-14.002578175072824,-6.504016121696331,-6.925877419192167,-1.3804514001096875
2019-03-20,12.5,19.5,207.0,-13.132963521902276,-8.21445684759211,-7.909794628214785,-1.6391448077044604
2019-03-21,19.5,21.5,211.0,-12.388644354101055,-9.658560199124436,-8.223685905657467,-1.2837743693899066
2019-03-22,21.5,15.5,207.0,-11.4946845222091,-9.214030234175942,-6.835496271756971,-0.9852192491599008
2019-03-23,20.5,11.0,169.0,-11.270430798866997,-6.620305830525715,-5.170274846312435,0.16861981238325494
2019-03-24,18.0,15.0,145.0,-9.368347578280257,-5.412622993850564,-2.8195210123240275,-0.11003867395059323
2019-03-25,16.0,12.0,200.0,-12.583719987114263,-0.6026225751129852,-2.0429330988709244,-2.1345370343243326
2019-03-26,15.5,24.5,202.0,-14.088801600994705,1.1566953755199725,-3.063122184611846,-2.5721458233208443
2019-03-27,19.0,20.5,207.0,-14.936290690099957,-5.2102305323390485,-6.099403141269954,-1.8274220126601537
2019-03-28,21.5,16.0,213.0,-6.782845522667348,-9.538117040152594,-4.6686183411961215,-0.6490814679725989
2019-03-29,18.5,13.0,227.0,-8.03089105566266,-5.813300075154408,-4.808567517481971,-1.4897910048536893
2019-03-30,20.0,12.0,172.0,-9.284788321554563,-1.4453981152035897,-4.524427137226691,-2.2576652623563476
2019-03-31,12.0,17.0,151.0,-5.43645649684212,5.054143002563469,-8.040549277946788,0.5123331147644855
2019-04-01,15.0,21.0,202.0,4.677237840456772,2.751355442732405,-3.275410361967485,0.07532524784429469
2019-04-02,15.5,17.0,172.0,7.851306455661185,4.1954003789207155,-1.9448130115433881,0.8242838652260888
2019-04-03,12.0,16.5,224.0,17.103291962717726,9.774593864702963,0.04304666999476636,-5.040248725651003
2019-04-04,10.5,17.5,215.0,9.82619700082562,17.35378274160842,-3.07767817465332,-6.400134748545278
2019-04-05,6.0,9.0,229.0,11.528214488732234,24.02278124467294,-5.588413396303909,-3.1787936529243246
2019-04-06,6.0,9.0,174.0,9.395416760486778,18.514755618671813,-5.463127376300972,-3.8100552305910846
2019-04-07,7.5,14.0,149.0,10.564534984452887,9.382831950523272,-5.413251435200139,-0.9388430576252663
2019-04-08,9.0,12.5,204.0,8.25197802693395,5.8233332130628,-1.6178144557094225,-2.687400072149022
2019-04-09,7.0,13.5,206.0,10.798859629598264,5.887836040689053,-4.5433678213311826,-1.328229919635681
2019-04-10,9.5,18.5,210.0,9.65780888695839,1.817621988442541,-2.3488934217134263,-2.5847202316859055
2019-04-11,11.5,21.0,218.0,77.36807739677106,-17.003187415066336,8.457591665869,-0.09311463095014746
2019-04-12,16.0,21.0,216.0,8.439753410705146,-3.3839972856241993,-1.5750391894300584,-2.656790015012513
2019-04-13,14.0,12.5,158.0,4.006429855521191,-3.761444681635589,-0.35953261129240044,-2.263734438212647
2019-04-14,15.5,14.5,131.0,3.196126475461643,0.01162514249884337,2.8745298565360082,-1.8167454690418121
2019-04-15,14.5,15.0,172.0,5.042817821006137,4.572167463387322,3.7305315286090344,-1.4674933268442065
2019-04-16,17.5,9.0,170.0,-6.272832987627929,1.2461815340733775,-0.5979044202518842,-2.8921850145841153
2019-04-17,18.0,8.0,167.0,5.917525934724746,9.213075464786465,1.0106208908525345,11.55628675697001
2019-04-18,5.5,9.0,100.0,-6.708257222399042,9.727917556297381,-8.42191828590147,6.125090286391569
2019-04-19,10.0,6.0,92.0,-13.155960135980525,6.395052386594453,-10.626154000262883,5.911263412267322
2019-04-20,11.5,6.5,109.0,-14.311703224507399,4.473466296875996,-4.324048392149438,-0.5611020274958639
2019-04-21,13.0,13.5,115.0,-12.536483111442799,9.950389107421465,-8.39870316913251,-1.0857766696578655
2019-04-22,14.5,14.5,189.0,6.181531369708534,17.933258377924858,0.48304143468552224,-4.873025250531464
2019-04-23,6.5,16.5,202.0,6.901893266006034,23.53128335913603,-3.0200221766805453,-4.354174913643532
2019-04-24,7.5,10.5,207.0,10.054221325535313,22.95560143120559,-9.12837187326987,20.339971523880223
2019-04-25,9.0,13.5,214.0,6.812095395218443,7.33863901114841,-2.5594412102481696,-5.109094894683107
2019-04-26,12.0,23.5,244.0,3.4065809499696247,-8.181401289294941,-1.7841245833228863,-1.7994764071450107
2019-04-27,13.5,13.0,175.0,-15.035406073560749,-8.974361583293854,-3.998726136432176,-1.155616319935447
2019-04-28,11.0,16.0,158.0,-14.675529418913785,-3.8981934679690013,-0.019782385317743446,-1.3664487863383523
2019-04-29,13.0,15.5,207.0,-4.441738110603713,-1.0199068361480166,3.9484819190914737,-1.7449518508385078
2019-04-30,13.5,7.5,217.0,-11.741160165250426,3.0509490769922487,3.091609703592233,-2.3376717652920402
2019-05-01,9.5,7.5,120.0,-9.762981039607242,7.452913029414364,2.7697416857950268,-2.0569271199374497
2019-05-02,11.5,10.0,117.0,-7.198436597176184,5.707475781622171,3.7989371010266955,-2.7430225872146945
2019-05-03,8.5,7.0,168.0,-11.205927227074783,8.066825917194986,0.21900082894632455,-4.2012212863111325
2019-05-04,8.0,7.5,140.0,5.791908710135477,1.8906606912528165,2.1773842398455576,-3.6879462099879237
2019-05-05,10.5,18.5,141.0,-10.336139154350324,2.36595451610331,0.312218868619824,-3.33700125273121
2019-05-06,16.0,11.0,198.0,4.639371587899116,-2.554427166268964,3.56902537500158,-2.159936291097441
2019-05-07,13.0,7.0,220.0,6.2223441262510475,0.3151429098860899,3.885729908741896,-1.524493894750399
2019-05-08,11.5,10.5,210.0,4.9888249682010155,7.3330434331089185,1.3990805384621534,-1.646760743549748
2019-05-09,10.0,8.0,217.0,5.9492411946062544,3.3836584067111417,3.3563422389313655,-3.4107430633947002
2019-05-10,12.5,11.0,230.0,40.83126991337586,-7.868640569783701,12.441619307894898,-0.4363795911970438
2019-05-11,11.0,8.0,177.0,-14.833096692418097,-2.4293466539863307,2.864324454557561,-1.31565119515349
2019-05-12,10.0,17.0,152.0,-15.283662932585026,-6.053168560260923,1.1144855262562041,-0.7560172607000745
2019-05-13,13.5,16.5,206.0,-13.817096000094464,-1.0892097563964436,4.323576591417622,-1.2431800967711046
2019-05-14,19.0,20.5,217.0,-10.483470775434894,0.5286133240996193,4.78875045640638,-1.6216697244881777
2019-05-15,16.0,13.0,149.0,10.53113809659352,2.740190240453493,11.522866619550943,-1.5425474374517592
2019-05-16,19.0,10.0,216.0,10.639455248867701,10.976939686566297,9.183325502188115,-3.7261116551020996
2019-05-17,7.5,6.5,223.0,10.51220742250156,9.422537863454458,1.7633613207982157,-3.4946262269569592
2019-05-18,6.0,8.0,168.0,9.927530583581314,6.333446662914079,1.3315928703363937,-4.1893921061173405
2019-05-19,8.5,14.0,144.0,7.176679534160963,4.420243586428899,3.0702283046621055,-3.9438396426522373
2019-05-20,11.0,17.0,203.0,-12.303942404476022,6.983876713812627,-1.208019010188328,-2.9362934369559626
2019-05-21,13.5,15.0,205.0,-16.267028869094236,5.164807825575964,1.6449057013959267,-1.3926939907301774
2019-05-22,20.5,21.0,210.0,-13.404973162531881,0.9132361207642954,4.143627842825324,-1.6977607927655598
2019-05-23,18.0,9.5,216.0,4.41156876160276,-0.19557729080676348,7.59418765064595,-0.7028366221210199
2019-05-24,10.0,5.5,229.0,-13.584451006323816,3.7620769745984726,3.023061937184522,-2.903560399640515
2019-05-25,8.0,6.5,172.0,-14.166678222276891,-0.3609541778480956,1.338750797662959,-2.438731475388914
2019-05-26,9.5,14.5,155.0,75.81381846183044,-17.173823901583404,17.482692370104033,0.7809462130945537
2019-05-27,11.0,8.5,206.0,6.70433222502701,1.5428592411958746,8.443902168990357,-1.8534042483139064
2019-05-28,10.5,8.5,207.0,-15.085037330663605,1.8380496260924588,3.3678067481124776,-2.094151944582892
2019-05-29,10.0,11.5,212.0,-15.110154894329554,-4.959065326083758,1.410603482904082,-1.1800315864836621
2019-05-30,12.0,15.5,218.0,-16.8628476861892,-6.184740604026912,3.979647635569233,-0.09105896225830687
2019-05-31,18.0,12.5,233.0,-12.268370041418862,-6.176055927289558,7.173054030237537,0.5119820553008587
2019-06-01,17.5,11.0,171.0,-6.125956518941239,-4.7693667096414,9.129459355840849,0.43082107340662384
2019-06-02,20.5,19.5,150.0,2.981159616812432,-3.643726090167093,11.65426029143097,0.9218895530289131
2019-06-03,22.0,11.0,208.0,0.8121058348178917,1.0915305176964754,12.244095667745503,-0.5795911221640602
2019-06-04,16.0,8.0,210.0,4.179274762120795,6.215137126783398,10.844994344591008,-2.4805280118719018
2019-06-05,12.5,12.0,213.0,10.137103284116808,5.4184853459995175,5.512116755385366,-3.9668699558078937
2019-06-06,14.5,10.5,218.0,3.3836359220664396,7.3118975388765906,4.690805394282316,-3.3658251118753153
2019-06-07,10.5,8.0,229.0,5.882326658845169,2.575668737441961,2.8988361674155168,-3.7540810027128337
2019-06-08,19.0,7.5,168.0,-3.6281826948837606,-1.3965273068116004,4.806874731710415,-0.23932434895108837
2019-06-09,13.5,13.0,145.0,2.6350666547330963,0.6413247873968247,7.171064384361872,-1.9946052583810836
2019-06-10,12.5,9.5,207.0,8.580477517022738,-0.1933392682706171,7.509042030165524,-2.051712896896777
2019-06-11,9.5,13.5,204.0,-9.451047871878142,7.470953090189579,1.0059069637202709,-2.33388751934024
2019-06-12,16.0,14.0,210.0,3.8452387281253464,4.596708092827998,4.702692092297328,-3.7547798135559174
2019-06-13,19.0,14.0,214.0,5.567015144950922,6.374713718916206,8.733468075417536,-3.0640318258463495
2019-06-14,15.5,8.0,223.0,3.3565690708039098,3.627413869750604,6.630474919340548,-2.8598854541083774
2019-06-15,14.0,14.0,164.0,0.11603556933761137,-3.8137144265008804,4.118957855123304,-1.5098512213568154
2019-06-16,19.0,19.0,144.0,2.835737935769958,-3.344429865071338,6.815853358996115,0.12365135671442887
2019-06-17,20.0,15.0,202.0,-0.9599368754443524,-0.05090178931102518,8.833338292784711,-0.6933070739143075
2019-06-18,18.0,9.5,205.0,5.010830504892188,1.3649928978072043,12.157205534178361,-1.2559958912466653
2019-06-19,16.5,12.0,208.0,1.4801059999783217,1.0731111832223574,8.255262018541487,-1.7277465707121449
2019-06-20,15.5,11.0,215.0,3.7589007878916094,2.685238677875194,8.7122015008505,-1.0803868073329421
2019-06-21,14.0,10.5,220.0,-16.249995642761128,4.19616965201711,6.646134174720442,-1.6724392225835714
2019-06-22,22.0,16.0,159.0,-13.360797278398412,3.621189901092936,7.148994598611877,-1.0432737824141725
2019-06-23,24.5,13.0,144.0,1.1829172028970403,2.4389627242278817,11.166525843140152,0.04231739501217135
2019-06-24,23.5,15.0,196.0,-2.7433536448668763,3.1081477410240455,10.543381135626701,1.2217986157726286
2019-06-25,31.5,14.5,201.0,-2.4635122844712423,0.16643829765679397,11.851607487893947,-0.37338939129027054
2019-06-26,44.0,13.0,207.0,-7.723516231779932,0.49193125591963155,12.815289171345379,0.08997292010482305
2019-06-27,43.0,14.5,212.0,-8.883418283363714,1.0474326975530064,14.372660108385432,0.6564713711100515
2019-06-28,27.0,12.0,219.0,-11.375682911120526,-0.1854155822973601,15.149871314331994,1.3484265491569323
2019-06-29,29.5,11.0,159.0,-10.204558419465032,0.9483047569549076,15.486287698252202,1.0202030627916217
2019-06-30,32.0,15.0,143.0,4.082353782234803,-3.580043577359803,17.25655906187846,1.7406655002508502
2019-07-01,28.5,13.5,204.0,-14.381112930818501,2.9892742010699225,12.381582276251432,0.2694495530346534
2019-07-02,26.5,11.0,199.0,-12.164076773245862,3.6616813533708896,12.097364993768132,0.21880331746709586
2019-07-03,27.0,9.5,202.0,-7.9450646507898135,4.562338147482869,12.969067815624765,-0.5818728775824052
2019-07-04,30.0,14.5,207.0,-7.198195446965383,2.281062761064101,11.766393379855739,0.21468134401974057
2019-07-05,22.0,12.5,209.0,0.09404624244140619,-1.9133522496747453,12.529089931073774,0.25873312952898
2019-07-06,18.0,10.5,147.0,4.532814609285791,-0.04123091708023318,13.16666006012986,-0.5324875868324126
2019-07-07,20.5,11.5,134.0,0.9552948290573202,2.4073715004588943,12.602994132294688,-0.8115392132732583
2019-07-08,17.5,11.5,208.0,7.638230710330925,3.8180309169928246,11.637965891180942,-0.7926186984608795
2019-07-09,14.5,14.0,191.0,-13.172438164666092,3.2468912931288654,5.475474985866319,-0.7607709668319731
2019-07-10,21.0,25.5,195.0,-15.87214487095569,2.0269205924523837,7.713424112711224,-0.8607581533855064
2019-07-11,28.5,22.0,206.0,-0.02533510894813102,-0.9876062511362378,14.158068803077574,0.5522653278682664
2019-07-12,46.0,14.5,228.0,4.614414893456078,-2.116934885297858,15.664665897396013,2.725229677159966
2019-07-13,38.5,6.0,140.0,4.7020139258664715,2.355579281910115,14.675790805989127,1.8209429235303063
2019-07-14,17.0,14.0,127.0,-13.70896155666788,4.614783175001241,10.130350371158185,-0.9275944142731325
2019-07-15,19.0,13.0,189.0,8.415728580694534,0.5211651172258327,15.282950197089638,-0.31365246935748275
2019-07-16,27.5,14.5,188.0,0.5965449864361858,1.6726941057324394,13.719608479958818,0.3701061647791137
2019-07-17,25.0,14.5,192.0,1.155062095290772,3.4340467999197877,12.389285629531438,0.5094093604827995
2019-07-18,25.0,14.0,194.0,-16.021214615553678,3.757667420428588,10.598214023416988,0.005685483463638361
2019-07-19,27.0,7.5,192.0,-0.8283320558957733,0.9607150258094732,15.211233383654859,0.5869827140191196
2019-07-20,33.0,6.0,134.0,0.8198609920042382,-0.31655941534748316,16.076414024312502,1.0154837561570287
2019-07-21,36.0,10.5,120.0,-8.742104069913236,-3.155884820614354,14.3006866677744,2.233517920713466
2019-07-22,32.5,11.5,181.0,-9.67458852712114,-3.517237100729351,13.327310242042211,1.7195411492006234
2019-07-23,31.0,15.5,182.0,-0.8517998542163279,0.42219636622118306,14.599562591426904,3.3920401924920833
2019-07-24,31.0,18.0,184.0,-6.799042901841044,0.6930278415541926,13.471199494604118,0.5468771642077062
2019-07-25,26.0,14.0,190.0,2.296326184718616,1.4088045701423457,15.754286362690998,0.22591045376023822
2019-07-26,13.0,8.0,189.0,1.4720052779038464,5.129097891743785,12.969169921753217,-1.1278208427400367
2019-07-27,10.0,5.0,132.0,11.108550488059203,4.968346278956329,10.96383331080243,-1.898436490365048
2019-07-28,14.0,13.0,116.0,-4.015386118485368,4.954720693398452,8.498355608462067,-2.1466631049130824
2019-07-29,14.0,10.0,180.0,2.345382018130631,3.505598732868402,12.058970737802468,-1.355298943479442
2019-07-30,20.0,6.0,180.0,-16.54091673316237,2.5657827910605753,6.585909188636272,-1.4355173685989726
2019-07-31,28.5,9.0,183.0,-14.373699787443513,5.150970710745397,8.726101958203424,0.10137817416432812
2019-08-01,25.0,13.0,172.0,3.7324028564095637,1.8831520023042254,13.922443120653208,-0.3755143034440909
2019-08-02,22.5,11.5,164.0,-0.7380198465349226,-0.24068972799333613,13.220983618678412,0.22780354633152078
2019-08-03,21.0,10.5,117.0,1.3756864051723277,0.8085139812705009,14.365206156687721,0.0517553268259289
2019-08-04,21.5,14.0,104.0,2.1898886110251166,-0.14785681008864734,14.399316065681372,0.2847836088937714
2019-08-05,20.0,11.0,147.0,3.3225682164776966,0.29605876752342764,14.470133807797037,0.09060624839836919
2019-08-06,16.0,8.0,143.0,1.8032601203826535,2.5995901560157644,13.888298495175734,0.013035923304917414
2019-08-07,13.0,7.0,144.0,5.1178837636256445,3.308830981298713,6.760359463278366,3.7193220224101946
2019-08-08,13.0,4.0,145.0,3.6615276513368697,0.05129237136890129,12.288718486333343,-0.47858074511285964
2019-08-09,11.0,5.0,144.0,1.5309473700106997,-0.34768170013651767,12.47212669687963,-0.31268812179279004
2019-08-10,13.0,6.0,106.0,2.2607388197344824,-3.761502013868117,9.855454065317112,0.04392513903132859
2019-08-11,12.0,7.0,109.0,2.7153002147037832,-1.43497253869802,9.983643537996732,-0.032153354497896136
2019-08-12,12.0,8.0,132.0,14.242722981923917,-6.594826564219923,9.132305654912711,-0.21317538528866234
2019-08-13,14.0,13.0,132.0,-14.160914118060662,-1.7191456758342745,5.557707581588414,-0.6173945541097876
2019-08-14,17.0,10.5,133.0,-15.78337606425938,-2.8345804942664143,7.429189407434072,0.32066469346119847
2019-08-15,14.0,7.0,93.0,-16.82511829163501,-0.6428507917449736,10.185792011114678,0.41683392601377744
2019-08-16,17.0,13.5,120.0,-14.740479807264078,0.300154923764888,11.131924482642429,0.5509564503188769
2019-08-17,17.0,13.0,95.0,1.1311493574412872,0.05953762461718033,14.887797493224737,0.5571701570390395
2019-08-18,12.0,10.0,92.0,1.7724069820729833,2.152398776262486,13.720757099746665,-0.2504032305301305
2019-08-19,13.0,6.0,135.0,-11.778473501802736,3.6196111893039578,9.722691095273337,0.611956692015901
2019-08-20,14.0,7.5,133.0,-16.026764770770072,0.6602859381716876,7.124513698867485,0.11303397747223501
2019-08-21,18.5,13.5,135.0,-9.943669107638655,-1.003250409777406,5.59847870010672,2.7336925738367155
2019-08-22,17.5,19.0,136.0,-9.919413085099741,-4.915546990815769,6.92674522450826,0.5414020972980942
2019-08-23,18.0,17.0,136.0,-12.235397120431136,-4.6081203594008375,8.587886457570274,1.0702276681720428
2019-08-24,18.5,7.5,105.0,-10.031365565846556,-2.870265644766385,9.980856150282671,0.8909271343321478
2019-08-25,16.5,9.5,99.0,-9.144371134875678,1.7392091253561934,9.513521339402297,4.73227461450689
2019-08-26,15.5,12.5,146.0,-6.731985404061393,10.125946833105989,-0.7077730583029265,31.693843020179862
2019-08-27,18.5,23.0,148.0,3.9220987696770724,-3.219854680252506,6.478887815604329,0.0008436551375952451
2019-08-28,21.5,23.0,154.0,1.077333273797487,-4.783157742588484,9.143573368538473,0.5498716047737816
2019-08-29,20.5,16.0,160.0,-14.055676416696695,-3.949106943993083,7.910796168605409,1.2559584059682147
2019-08-30,19.5,23.0,166.0,1.9507297521154545,-3.4516124002497772,9.916669496120026,11.303901647993097
2019-08-31,20.5,20.0,129.0,-6.618125986624008,-2.6843725617507532,8.177741425102905,0.9728319300086686
2019-09-01,15.0,12.0,124.0,-12.489574725549215,3.932846723861347,8.22708685812326,0.9195570316653635
2019-09-02,18.0,17.0,185.0,-17.135389295680145,-0.06481224572500463,6.657902169127599,0.38193761036763274
2019-09-03,19.0,18.5,189.0,1.5681732109676907,-6.574978227616815,10.240301890532596,2.0621052644371587
2019-09-04,17.0,7.0,194.0,-18.256119307651208,0.21270954029702654,7.405020181413355,0.7523551961580377
2019-09-05,9.0,10.0,198.0,-15.838466627792705,-1.5084296410264828,3.6526171513762495,-0.3470669582187297
2019-09-06,11.0,8.0,204.0,-16.378640085937427,-1.1153172792924184,1.2184081544464787,-0.9710815456152732
2019-09-07,13.0,9.0,155.0,-15.662978084487763,-0.3513266640970764,3.8448643693514186,-0.6797882881466282
2019-09-08,16.0,15.0,134.0,-15.578911379375668,0.93257125191177,4.589170263493396,0.13561286967796995
2019-09-09,14.0,9.0,196.0,5.321738991122786,0.17038457882320904,8.69984655492594,0.22643031729215565
2019-09-10,9.5,8.5,198.0,-14.981416555111664,4.575453687366347,-0.20549119582727346,-1.140187916765172
2019-09-11,13.5,14.0,203.0,-16.550431018703577,-2.5505467980975625,0.7017080462923196,-0.3504857891478387
2019-09-12,18.5,15.0,208.0,-19.106780941984496,-8.125837457918234,2.606603691514228,1.9132937929524667
2019-09-13,14.0,11.0,217.0,-14.88580104783731,-6.8618430145453395,-3.586615298196329,7.144286633140315
2019-09-14,16.0,13.0,153.0,-9.188763678415217,-3.073209963463259,-4.236660947144263,15.844176431321708
2019-09-15,18.0,20.5,128.0,-11.838573644692476,-2.951771443716502,-1.319793808784906,3.3987534617697572
2019-09-16,23.0,19.5,210.0,10.004752596508865,-6.459646101380429,6.3918122970998725,1.640251232018918
2019-09-17,16.5,20.0,200.0,39.95568591480609,-8.846864163446007,13.01265466389292,2.3345797453468813
2019-09-18,19.5,21.0,204.0,-4.68650447381575,-0.7360127943708555,5.214772745822566,0.6541373434765465
2019-09-19,23.5,13.0,210.0,-11.161071427269668,0.8240756006537605,5.7216550806986435,0.13693799350103752
2019-09-20,23.0,13.0,219.0,2.1500132354317882,4.434923566618803,3.106533714807932,9.536228296944559
2019-09-21,19.0,9.0,161.0,3.551509436281625,3.5975821569965594,0.5277240287354839,4.440813908292013
2019-09-22,12.0,20.0,140.0,3.161395940363366,0.5737982015549796,3.4887827028192997,0.30794290598617263
2019-09-23,17.0,19.5,198.0,39.69838382932996,-14.07714283960822,8.171982114529493,1.6720800800424092
2019-09-24,14.0,15.5,201.0,5.610961524954023,-4.16707113118574,4.927309095518651,-0.11163901614413273
2019-09-25,14.0,21.0,207.0,9.052802917795148,-4.827765977242816,4.963322269775653,0.17024566440146552
2019-09-26,21.5,30.0,210.0,-12.050884727207844,-3.397777713078749,2.943084771139902,0.2877793709134651
2019-09-27,16.0,26.5,222.0,0.5757653875088626,-4.9733507692788015,5.9082042615642925,0.6389945137559895
2019-09-28,19.0,21.0,165.0,-9.282596126741874,-4.414671107136475,3.73296177079412,0.45289004852562675
2019-09-29,18.0,28.5,146.0,2.2246212736913695,-4.46899677867609,6.013555427121029,0.39823912472664136
2019-09-30,22.5,28.5,203.0,2.464379196209141,-2.9553481559567856,6.422480610149871,0.25648986843953325
2019-10-01,16.0,12.5,204.0,43.977038847742044,-7.314888918233724,12.630633009306669,0.47943254706369126
2019-10-02,14.0,24.5,207.0,10.263869631032868,-4.480721798793858,4.530622327752291,-0.33658168338063416
2019-10-03,21.5,30.5,214.0,1.2039806915129851,-4.863936935129219,2.2558599758219584,0.2397570505269812
2019-10-04,19.0,19.5,224.0,2.772031639428066,-2.705037072489962,4.863802288435901,-0.11619736635912574
2019-10-05,16.5,20.0,168.0,5.143282416497754,-3.0365881324732333,5.609982231364508,-0.007882766528839924
2019-10-06,15.0,32.5,145.0,8.574919387342417,-6.432471124630777,5.858667736504618,0.4893075269498207
2019-10-07,20.5,31.5,200.0,-9.548471845836328,-3.4471140616919707,3.351050899990805,0.4375311567354261
2019-10-08,22.0,26.0,203.0,-2.2684883742323425,-4.03584864062498,5.449403615789504,0.5743418485018521
2019-10-09,18.5,24.0,207.0,-16.647062768432306,2.1773180007213675,3.2722557107619203,-0.4970160970369037
2019-10-10,25.0,24.5,212.0,-14.117842676546758,-2.1647574988934863,1.3953285196620517,1.1382825777264434
2019-10-11,23.5,11.0,224.0,-9.93452731975749,-3.374774259901753,2.664258230684373,0.7678239780476454
2019-10-12,19.5,15.5,152.0,0.5873268944314337,1.7808270449080719,3.9617351165167998,5.571586434356473
2019-10-13,22.0,12.5,141.0,2.968275351124079,0.26519264756276034,4.277989012260492,-1.012880180026724
2019-10-14,7.5,13.5,199.0,6.937924539372485,5.132900866228117,-0.9327769546831705,0.8658740250349962
2019-10-15,10.0,19.0,201.0,4.667791981195604,-5.267565158599104,-2.9567492793883314,-1.6318896724239969
2019-10-16,14.5,22.0,204.0,2.5002748714606833,-4.68174334197015,-1.767133136175375,-1.0709218254037982
2019-10-17,11.0,15.0,212.0,39.6862168822416,-9.459565045284515,0.7462153102014533,5.437183483629427
2019-10-18,9.0,10.5,222.0,3.906864560851157,1.2435947313766513,-0.27586841438875276,1.5147194052354187
2019-10-19,6.5,8.0,170.0,6.245276204538241,13.66943425064541,-2.1073179566413764,13.273922073927976
2019-10-20,6.5,20.0,144.0,7.938532263056343,8.951292890784039,-5.198239595258595,-2.151701076542664
2019-10-21,8.0,19.0,200.0,-11.435449830972495,1.3139992423833369,-6.993180543494207,-2.6781720337601573
2019-10-22,7.5,15.5,203.0,-10.357447218169794,12.744437621767554,-10.78011941765536,7.336674025765164
2019-10-23,7.0,21.0,205.0,45.071815056929935,2.840177349150532,-0.43176543175662835,-0.06680853063754608
2019-10-24,19.5,31.0,212.0,7.126261892742963,-2.9941221150349326,-2.4532668707996876,-1.6493032946689443
2019-10-25,25.5,28.5,224.0,-8.72607581509914,-8.160902277363856,-3.9723944461099387,-0.3206466170286096
2019-10-26,19.0,25.0,172.0,44.64109903273666,-16.297865489684735,6.833663212973676,1.3043435917656023
2019-10-27,21.0,28.5,145.0,30.013995893445806,-12.314271866718736,3.1757658009012903,1.8952063638837928
2019-10-28,29.5,30.0,201.0,2.197969614938067,-3.4200575312643218,1.1774757801234723,0.28279845804896153
2019-10-29,43.5,26.0,225.0,34.37617727471127,-10.97070826974487,3.4677491404763727,1.3275706514868177
2019-10-30,16.5,15.0,214.0,5.380871821028328,-8.576052379709548,-2.573807923759554,2.38033792901127
2019-10-31,12.0,8.0,212.0,5.3964931235144515,-9.938903967614946,1.9162843697403513,2.4404550022330156
2019-11-01,12.5,5.5,137.0,5.460808980769727,-3.2923457391623554,0.6479543775820255,1.6221385781521371
2019-11-02,8.0,5.0,140.0,6.376399441638259,8.82171674158449,0.8161503329164655,-1.0597656270512388
2019-11-03,8.0,8.0,130.0,13.94456137719616,11.695641490508137,3.0268030453687196,-4.198690356003042
2019-11-04,7.0,12.5,199.0,6.262316990472364,9.26133877927153,-0.8157194572930376,-1.9822793862592407
2019-11-05,6.0,14.5,202.0,9.714443242150953,7.364470436966171,-2.24086284860428,-2.164948603960459
2019-11-06,8.0,12.5,207.0,7.831226618413096,2.195431282664672,-3.500462519897227,-2.196844195397475
2019-11-07,6.0,11.5,212.0,12.855036587831519,6.000037830525612,-4.075840904003215,-3.2899724089930658
2019-11-08,6.0,9.5,226.0,9.95811593430304,1.003048352279628,-4.668320412992475,-3.8396168093252774
2019-11-09,6.0,10.0,162.0,11.156625704211283,-1.6173927521660927,-6.551134389444188,0.39780434477667537
2019-11-10,7.5,22.0,152.0,14.374684728352465,-1.3891082469638307,-6.657539682310172,-1.7177077062115056
2019-11-11,11.0,21.0,201.0,-1.093342398761998,1.785283401103974,-9.709099361322414,-0.6340573702339511
2019-11-12,9.0,11.0,207.0,5.9793237309570015,6.515182188287481,-6.422583752105883,0.6662525958924501
2019-11-13,7.0,11.5,231.0,8.013275792733241,10.593545490920778,-0.6045009111057976,-2.767493272804674
2019-11-14,5.0,14.5,211.0,11.302181976563121,18.06577746597795,-4.596182093901151,-5.243088655248433
2019-11-15,6.0,13.0,224.0,14.819015186998456,14.769374196552882,-5.0899220718627785,-5.4421333072114555
2019-11-16,8.0,12.5,174.0,13.030042179015716,4.664688529829828,-6.583027508151667,-4.662063787519488
2019-11-17,7.5,23.0,143.0,6.9304489810233285,7.271557264323714,-11.460060350151153,1.6491314358995093
2019-11-18,15.5,32.0,198.0,79.3221916120564,-10.337504372826011,4.991346988292842,-1.327799303119667
2019-11-19,19.0,27.5,201.0,4.424656555482467,0.3000291293768423,-10.283715887344691,-2.6129706736198823
2019-11-20,18.5,26.5,205.0,9.794774430960459,7.611914803953076,-10.19598581930712,2.901046234053491
2019-11-21,9.5,20.5,210.0,8.261310564876975,11.41219825575924,-8.141694501799558,-1.028017335287653
2019-11-22,6.0,9.0,224.0,10.523696938659041,24.861254494645735,-5.480862911093534,0.42380530631949076
2019-11-23,7.0,9.0,175.0,12.363104629683502,19.301354110783738,-2.9157189754143067,-5.931183706491449
2019-11-24,9.0,14.0,145.0,11.216188758765393,3.1076258551724742,-3.9759016179841797,-3.2138385892876298
2019-11-25,10.5,16.5,198.0,4.627916203843824,2.0702206044868436,-3.382511923329979,-1.1378880884876297
2019-11-26,10.0,11.0,204.0,8.691275151195791,6.062900623692434,-4.8609070659612135,2.2114117160041604
2019-11-27,11.0,13.5,208.0,5.313718131610052,5.483552847408401,-2.9305777093113816,-3.2976813495372896
2019-11-28,10.5,14.0,214.0,5.0271190234867165,1.2264245781751966,-6.846520361968228,-0.0202476933731371
2019-11-29,10.5,11.0,232.0,4.919592432411261,-2.6187464915548357,-5.032653925339061,2.62621082063023
2019-11-30,7.5,14.0,184.0,5.736605527735586,1.090982634508489,-6.335165695362186,7.133596639805452
2019-12-01,6.0,13.0,149.0,-11.217370160724291,15.82034683044036,-15.191579591995131,24.26438907759479
2019-12-02,6.5,15.5,203.0,-11.904491631502566,6.586498187711665,-9.65982150136481,-3.2431459079516975
2019-12-03,8.0,20.5,208.0,-11.845763168532365,6.126087495776844,-10.937040133396334,-2.555042972171695
2019-12-04,7.5,15.5,212.0,-10.637430939673603,12.859066047897516,-10.608312087482808,-0.06355213839907835
2019-12-05,8.5,15.5,221.0,-8.847713119124421,3.3536537417659953,-7.074552159081821,-2.791240722680142
2019-12-06,20.0,24.0,133.0,-14.276991395837072,-4.679253122982299,-9.79796377866094,-0.32344843834053155
2019-12-07,23.0,23.0,140.0,3.806907822355645,-10.807323789101037,-7.836621746817158,-0.8020116793465659
2019-12-08,20.0,21.0,122.0,-3.1262133977207767,-9.327949038986887,-14.99817899722914,4.346256391592903
2019-12-09,32.0,29.0,120.0,5.273197955131302,-14.982857850680158,-9.513218380739842,2.48563326993255
2019-12-10,20.5,20.5,207.0,-4.88903058785213,-12.395368767906737,-13.620014853799525,1.8722416637804957
2019-12-11,8.5,15.0,212.0,9.514847596986092,-8.613790935557432,-8.089787408074052,-0.08197294447359545
2019-12-12,6.0,12.0,220.0,8.432522027177427,0.2383251842234848,-9.540822098186228,1.2501996138432607
2019-12-13,7.5,13.5,238.0,8.119219422749044,3.0195364551644306,-4.182356648791878,-0.29175604571650293
2019-12-14,7.0,16.5,192.0,3.0815475057171957,-2.5749526337927184,-5.754523925367476,-1.601844896080803
2019-12-15,12.0,16.5,159.0,9.518510666191414,3.25266786115249,-6.692693299490743,0.1736502376523704
2019-12-16,12.0,18.0,225.0,-0.08071902820938183,17.824317240092814,-5.472430010201177,-3.161049847024942
2019-12-17,12.5,23.0,213.0,-4.434588721045296,15.058698533212413,-7.661114594764453,-2.172532047597742
2019-12-18,8.5,17.5,217.0,6.268164684716453,-0.5913597226247254,-10.574590030520174,0.2636064820551562
2019-12-19,5.5,11.5,228.0,6.443402608106306,20.936535450361053,-9.745955238734439,27.617855674978152
2019-12-20,7.5,5.0,242.0,9.72907460851164,24.214768353336016,-2.1846162457182676,3.848275237996997
2019-12-21,13.0,6.0,180.0,10.156705889626954,16.185478870990675,-0.16229084420230055,-2.2311601109000523
2019-12-22,14.0,23.0,150.0,5.960644305067948,2.009722050359291,-4.42892460588901,-1.3882040727841383
2019-12-23,20.5,29.0,129.0,5.120808636733978,-11.64810254803296,-7.160454332084795,0.49442259259080495
2019-12-24,15.0,21.5,103.0,-14.360060058377773,-12.841769507050385,-9.953572105596352,1.0352046054910091
2019-12-25,19.0,25.0,90.0,-13.427146360114223,-9.925493432185267,-8.876898322412202,0.10816298120850956
2019-12-26,13.5,28.0,170.0,-17.992276415727243,-10.358734241850868,-9.791211657906642,0.25382001670461424
2019-12-27,24.0,33.5,188.0,-15.777991850366035,-13.028721972822668,-10.778884436718657,0.2585283715223394
2019-12-28,18.5,31.5,148.0,-0.2157630037957327,-16.031926635201916,-8.666649301588569,0.3721086747344401
2019-12-29,16.5,17.0,131.0,44.09056448666066,-26.326369839005373,-1.8335782166751815,2.115630460057855
2019-12-31,35.5,28.5,142.0,-0.4974626559722844,-18.94655403261617,-10.523697822314938,0.8055472273486411
