date, pm10, o3, no2, so2, co
2021/2/1, 12, 22, 20, , 
2021/2/2, 21, 17, 21, , 
2021/2/3, 22, 15, 20, , 
2021/2/4, 21, 19, 21, , 
2021/2/5, 19, 21, 14, , 
2021/2/6, 47, 22, 6, , 
2021/2/7, 53, 18, 19, , 
2021/2/8, 10, 16, 11, , 
2021/2/9, 10, , , , 
2021/1/4, 14, 14, 17, , 
2021/1/5, 14, 16, 14, , 
2021/1/6, 11, 13, 20, , 
2021/1/7, 15, 13, 19, , 
2021/1/8, 21, 24, 6, , 
2021/1/9, 15, 24, 12, , 
2021/1/10, 5, 15, 13, , 
2021/1/11, 9, 19, 18, , 
2021/1/12, 12, 22, 17, , 
2021/1/13, 15, 18, 14, , 
2021/1/14, 12, 11, 25, , 
2021/1/15, 14, 20, 16, , 
2021/1/16, 16, 19, 17, , 
2021/1/17, 12, 10, 28, , 
2021/1/18, 18, 22, 20, , 
2021/1/19, 20, 21, 21, , 
2021/1/20, 19, 16, 20, , 
2021/1/21, 18, 25, 12, , 
2021/1/22, 14, 26, 6, , 
2021/1/23, 8, 25, 6, , 
2021/1/24, 8, 24, 11, , 
2021/1/25, 9, 21, 15, , 
2021/1/26, 15, 13, 27, 1, 
2021/1/27, 21, 5, 28, 1, 
2021/1/28, 27, 13, 16, , 
2021/1/29, 19, 26, 10, , 
2021/1/30, 14, 28, 2, , 
2021/1/31, 9, 27, 7, , 
2020/10/1, 21, 20, 17, , 
2020/10/2, 17, 25, 5, , 
2020/10/3, 10, 27, 4, 1, 
2020/10/4, 11, 20, 14, 1, 
2020/10/5, 11, 17, 22, 1, 
2020/10/6, 15, 17, 19, 1, 
2020/10/7, 21, 18, 18, 1, 
2020/10/8, 23, 19, 24, 1, 
2020/10/9, 25, 19, 16, , 
2020/10/10, 22, 24, 9, , 
2020/10/11, 12, 28, 8, , 
2020/10/12, 7, 22, 18, , 
2020/10/13, 11, 17, 16, , 
2020/10/14, 13, 17, 15, , 
2020/10/15, 10, 20, 20, , 
2020/10/16, 14, 26, 24, , 
2020/10/17, 17, 28, 16, , 
2020/10/18, 19, 27, 28, , 
2020/10/19, 18, 36, 26, , 
2020/10/20, 21, 33, 23, , 
2020/10/21, 41, 23, 30, , 
2020/10/22, 69, 25, 17, , 
2020/10/23, 44, 25, 10, , 
2020/10/24, 16, 24, 10, , 
2020/10/25, 12, 23, 9, , 
2020/10/26, 13, 18, 14, , 
2020/10/27, 12, 15, 23, , 
2020/10/28, 18, 20, 25, , 
2020/10/29, 21, 17, 28, , 
2020/10/30, 23, 26, 20, , 
2020/10/31, 30, 28, 16, , 
2020/11/1, 24, 24, 22, , 
2020/11/2, 24, 18, 18, , 
2020/11/3, 25, 13, 16, , 
2020/11/4, 14, 24, 13, , 
2020/11/5, 13, 25, 9, , 
2020/11/6, 17, 25, 10, 1, 
2020/11/7, 22, 21, 15, , 
2020/11/8, 20, 16, 32, , 
2020/11/9, 19, 16, 23, , 
2020/11/10, 22, 20, 20, , 
2020/11/11, 18, 18, 21, , 
2020/11/12, 18, 9, 32, , 
2020/11/13, 23, 9, 18, , 
2020/11/14, 23, , 12, , 
2020/11/15, 20, , 14, , 
2020/11/16, 19, , 21, 1, 
2020/11/17, 22, , 28, , 
2020/11/18, 27, 9, 25, , 
2020/11/19, 29, 15, 19, , 
2020/11/20, 23, 22, 20, , 
2020/11/21, 22, 25, 17, , 
2020/11/22, 22, 20, 26, , 
2020/11/23, 26, 18, 23, , 
2020/11/24, 23, 16, 35, , 
2020/11/25, 25, 25, 20, , 
2020/11/26, 22, 28, 9, , 
2020/11/27, 19, 24, 8, , 
2020/11/28, 12, 20, 14, , 
2020/11/29, 13, 13, 20, , 
2020/11/30, 17, 9, 16, , 
2020/12/1, 17, 13, 17, , 
2020/12/2, 16, 18, 18, , 
2020/12/3, 14, 20, 18, , 
2020/12/4, 13, 20, 14, , 
2020/12/5, 12, 22, 6, , 
2020/12/6, 9, 21, 15, , 
2020/12/7, 10, 21, 8, , 
2020/12/8, 9, 19, 10, , 
2020/12/9, 9, 15, 19, , 
2020/12/10, 11, 9, 25, , 
2020/12/11, 17, 24, 8, , 
2020/12/12, 11, 20, 13, , 
2020/12/13, 9, 4, 38, 1, 
2020/12/14, 23, 17, 28, 1, 
2020/12/15, 34, 15, 25, , 
2020/12/16, 17, 11, 27, 1, 
2020/12/17, 21, 14, 22, , 
2020/12/18, 26, 19, 20, , 
2020/12/19, 21, 21, 10, , 
2020/12/20, 16, 16, 17, , 
2020/12/21, 11, 7, 26, , 
2020/12/22, 19, 10, 27, , 
2020/12/23, 24, 19, 17, , 
2020/12/24, 21, 26, 5, , 
2020/12/25, 10, 25, 8, , 
2020/12/26, 7, 22, 9, , 
2020/12/27, 9, 25, 7, , 
2020/12/28, 9, 21, 7, , 
2020/12/29, 13, 23, 8, , 
2020/12/30, 11, 20, 11, , 
2020/12/31, 9, 22, 9, , 
2021/1/1, 9, 19, 9, , 
2021/1/2, 8, 22, 14, , 
2021/1/3, 11, 17, 16, , 
2020/7/1, 21, 28, 13, 1, 
2020/7/2, 23, 19, 10, , 
2020/7/3, 17, 28, 6, , 
2020/7/4, 18, 31, 12, , 
2020/7/5, 19, 36, 18, 1, 
2020/7/6, 21, 27, 10, , 
2020/7/7, 23, 30, 18, , 
2020/7/8, 23, 26, 14, , 
2020/7/9, 21, 34, 19, , 
2020/7/10, 22, 35, 9, , 
2020/7/11, 22, 36, 9, 1, 
2020/7/12, 16, 30, 15, , 
2020/7/13, 16, 40, 13, , 
2020/7/14, 18, 37, 10, , 
2020/7/15, 20, 25, 10, , 
2020/7/16, 20, 24, 11, , 
2020/7/17, 19, 31, 8, , 
2020/7/18, 18, 29, 7, , 
2020/7/19, 18, 22, 12, , 
2020/7/20, 17, 20, 17, , 
2020/7/21, 19, 25, 18, , 
2020/7/22, 19, 37, 24, , 
2020/7/23, 21, 37, 20, , 
2020/7/24, 28, 37, 9, , 
2020/7/25, 23, 38, 6, , 
2020/7/26, 18, 28, 14, , 
2020/7/27, 19, 28, 16, , 
2020/7/28, 23, 31, 11, , 
2020/7/29, 26, 30, 20, , 
2020/7/30, 24, 23, 23, , 
2020/7/31, 27, 33, 18, , 
2020/8/1, 29, 29, 3, , 
2020/8/2, 20, 21, 8, , 
2020/8/3, 19, 20, 8, , 
2020/8/4, 17, 27, 11, , 
2020/8/5, 20, 31, 12, , 
2020/8/6, 21, 29, 16, 1, 
2020/8/7, 21, 36, 15, 1, 
2020/8/8, 19, 41, 17, 1, 
2020/8/9, 20, 29, 21, 1, 
2020/8/10, 24, 31, 17, , 
2020/8/11, 25, 34, 10, , 
2020/8/12, 26, 30, 11, , 
2020/8/13, 31, 26, 12, , 
2020/8/14, 30, 30, 6, , 
2020/8/15, 23, 34, 6, , 
2020/8/16, 24, 28, 10, , 
2020/8/17, 20, 28, 12, , 
2020/8/18, 19, 31, 11, , 
2020/8/19, 18, 24, 13, , 
2020/8/20, 19, 27, 9, , 
2020/8/21, 20, 25, 8, , 
2020/8/22, 21, 26, 8, , 
2020/8/23, 15, 25, 10, , 
2020/8/24, 19, 26, 10, 1, 
2020/8/25, 21, 24, 10, , 
2020/8/26, 24, 23, 13, , 
2020/8/27, 19, 23, 12, , 
2020/8/28, 19, 21, 7, , 
2020/8/29, 12, 28, 6, , 
2020/8/30, 9, 28, 9, , 
2020/8/31, 10, 26, 19, , 
2020/9/1, 14, 33, 15, , 
2020/9/2, 16, 30, 19, , 
2020/9/3, 16, 33, 20, , 
2020/9/4, 19, 36, 11, , 
2020/9/5, 16, 37, 9, , 
2020/9/6, 14, 23, 12, , 
2020/9/7, 17, 30, 19, , 
2020/9/8, 14, 24, 24, , 
2020/9/9, 17, 33, 24, , 
2020/9/10, 15, 37, 15, , 
2020/9/11, 14, 32, 21, , 
2020/9/13, 20, 32, 33, , 
2020/9/14, 23, 27, 22, , 
2020/9/15, 24, 25, 27, , 
2020/9/16, 26, 22, 34, , 
2020/9/17, 33, 19, 27, , 
2020/9/18, 32, 28, 15, , 
2020/9/19, 27, 29, 6, , 
2020/9/20, 13, 18, 20, , 
2020/9/21, 12, 29, 20, , 
2020/9/22, 14, 29, 21, , 
2020/9/23, 16, 26, 11, , 
2020/9/24, 17, 25, 4, , 
2020/9/25, 19, 25, 4, 1, 
2020/9/26, 23, 23, 8, 1, 
2020/9/27, 10, 23, 14, 1, 
2020/9/28, 15, 27, 22, 1, 
2020/9/29, 21, 27, 24, 1, 
2020/9/30, 23, 29, 20, 1, 
2020/4/1, 15, 35, 7, 1, 
2020/4/2, 12, 38, 13, 1, 
2020/4/3, 16, 37, 14, 1, 
2020/4/4, 15, 41, 12, 1, 
2020/4/5, 13, 41, 13, 1, 
2020/4/6, 14, 43, 14, , 
2020/4/7, 15, 43, 14, , 
2020/4/8, 13, 40, 12, , 
2020/4/9, 15, 43, 17, , 
2020/4/10, 18, 44, 11, , 
2020/4/11, 19, 45, 7, , 
2020/4/12, 19, 41, 4, , 
2020/4/13, 14, 37, 9, , 
2020/4/14, 8, 37, 10, , 
2020/4/15, 18, 33, 7, , 
2020/4/16, 27, 28, 10, , 
2020/4/17, 27, 32, 7, , 
2020/4/18, 23, 29, 4, , 
2020/4/19, 16, 22, 13, , 
2020/4/20, 8, 31, 9, , 
2020/4/21, 6, 32, 4, , 
2020/4/22, 8, 36, 10, , 
2020/4/23, 14, 37, 16, , 
2020/4/24, 18, 39, 11, , 
2020/4/25, 16, 34, 8, , 
2020/4/26, 12, 29, 9, , 
2020/4/27, 10, 32, 5, , 
2020/4/28, 12, 35, 7, , 
2020/4/29, 11, 35, 5, , 
2020/4/30, 14, 24, 5, , 
2020/5/1, 16, 29, 5, , 
2020/5/2, 12, 21, 5, , 
2020/5/3, 11, 25, 15, , 
2020/5/4, 13, 28, 15, , 
2020/5/5, 18, 31, 16, 1, 
2020/5/6, 21, 34, 11, , 
2020/5/7, 18, 34, 7, , 
2020/5/8, 16, 32, 6, , 
2020/5/9, 19, 31, 3, , 
2020/5/10, 25, 30, 6, , 
2020/5/11, 13, 29, 9, 1, 
2020/5/12, 14, 36, 7, , 
2020/5/13, 11, 27, 10, 1, 
2020/5/14, 17, 35, 9, 1, 
2020/5/15, 16, 24, 6, 1, 
2020/5/16, 14, 31, 5, , 
2020/5/17, 9, 37, 12, 2, 
2020/5/18, 15, 36, 19, 1, 
2020/5/19, 22, 41, 21, 1, 
2020/5/20, 26, 38, 25, 1, 
2020/5/21, 33, 39, 18, 1, 
2020/5/22, 27, 37, 10, 1, 
2020/5/23, 20, 28, 4, 1, 
2020/5/24, 16, 29, 11, 1, 
2020/5/25, 19, 35, 20, 1, 
2020/5/26, 21, 40, 14, 1, 
2020/5/27, 21, 30, 10, 1, 
2020/5/28, 18, 33, 12, 1, 
2020/5/29, 18, 34, 7, 1, 
2020/5/30, 17, 35, 6, 1, 
2020/5/31, 11, 34, 8, , 
2020/6/1, 11, 32, 15, 1, 
2020/6/2, 14, 31, 8, 1, 
2020/6/3, 18, 33, 9, 1, 
2020/6/4, 16, 33, 10, 1, 
2020/6/5, 14, 35, 7, 1, 
2020/6/6, 18, 24, 4, 1, 
2020/6/7, 16, 23, 9, 1, 
2020/6/8, 9, 26, 11, 1, 
2020/6/9, 13, 32, 13, 1, 
2020/6/10, 13, 28, 12, 1, 
2020/6/11, 15, 31, 9, 1, 
2020/6/12, 24, 35, 8, 1, 
2020/6/13, 18, 35, 6, 1, 
2020/6/14, 12, 30, 11, 1, 
2020/6/15, 16, 20, 12, 1, 
2020/6/16, 17, 29, 12, 1, 
2020/6/17, 13, 27, 10, 1, 
2020/6/18, 13, 28, 13, 1, 
2020/6/19, 12, 25, 11, 1, 
2020/6/20, 17, 31, 10, 1, 
2020/6/21, 18, 20, 22, 1, 
2020/6/22, 19, 22, 14, 1, 
2020/6/23, 20, 27, 9, 1, 
2020/6/24, 39, 26, 19, 1, 
2020/6/25, 17, 34, 25, 1, 
2020/6/26, 19, 27, 10, 1, 
2020/6/27, 20, 29, 7, 1, 
2020/6/28, 26, 22, 13, 1, 
2020/6/29, 25, 20, 14, 1, 
2020/6/30, 21, 25, 18, 2, 
2020/1/1, 17, 15, 20, , 
2020/1/2, 17, 15, 21, 1, 
2020/1/3, 18, 11, 25, 1, 
2020/1/4, 21, 8, 23, 1, 
2020/1/5, 15, 20, 18, 1, 
2020/1/6, 16, 7, 33, 1, 
2020/1/7, 23, 14, 33, 1, 
2020/1/8, 29, 19, 30, 1, 
2020/1/9, 24, 13, 26, , 
2020/1/10, 17, 12, 19, , 
2020/1/11, 11, 14, 23, , 
2020/1/12, 14, 18, 26, , 
2020/1/13, 15, 15, 28, , 
2020/1/14, 18, 16, 33, , 
2020/1/15, 21, 15, 32, , 
2020/1/16, 24, 23, 21, , 
2020/1/17, 24, 19, 19, , 
2020/1/18, 17, 30, 9, , 
2020/1/19, 12, 30, 6, 1, 
2020/1/20, 10, 33, 7, , 
2020/1/21, 14, 29, 13, , 
2020/1/22, 31, 27, 24, 1, 
2020/1/23, 47, 6, 34, 1, 
2020/1/24, 59, 18, 22, 1, 
2020/1/25, 70, 20, 16, 1, 
2020/1/26, 57, 17, 17, 1, 
2020/1/27, 24, 18, 16, 1, 
2020/1/28, 17, 9, 30, 1, 
2020/1/29, 19, 14, 22, 2, 
2020/1/30, 20, 8, 34, 2, 
2020/1/31, 21, 13, 23, 2, 
2020/2/1, 25, 18, 15, 2, 
2020/2/2, 18, 8, 32, 2, 
2020/2/3, 18, 13, 16, 1, 
2020/2/4, 44, 20, 23, , 
2020/2/5, 29, 22, 27, , 
2020/2/6, 27, 17, 29, , 
2020/2/7, 22, 19, 26, , 
2020/2/8, 21, 28, 19, , 
2020/2/9, 23, 19, 22, , 
2020/2/10, 23, 22, 20, , 
2020/2/11, 24, 20, 14, , 
2020/2/12, 22, 18, 22, 1, 
2020/2/13, 19, 16, 24, 1, 
2020/2/14, 28, 25, 17, , 
2020/2/15, 29, 27, 11, , 
2020/2/16, 21, 19, 20, 1, 
2020/2/17, 23, 24, 20, , 
2020/2/18, 22, 16, 23, 1, 
2020/2/19, 18, 21, 26, 1, 
2020/2/20, 21, 24, 31, 1, 
2020/2/21, 29, 31, 22, 1, 
2020/2/22, 27, 28, 27, 1, 
2020/2/23, 31, 22, 36, 1, 
2020/2/24, 32, 23, 29, 1, 
2020/2/25, 34, 29, 12, 1, 
2020/2/26, 28, 24, 10, 1, 
2020/2/27, 29, 22, 21, 1, 
2020/2/28, 28, 24, 17, 1, 
2020/2/29, 38, 29, 12, , 
2020/3/1, 52, 31, 9, , 
2020/3/2, 26, 28, 14, 1, 
2020/3/3, 17, 23, 22, 1, 
2020/3/4, 20, 28, 21, 1, 
2020/3/5, 27, 28, 8, 1, 
2020/3/6, 19, 29, 9, , 
2020/3/7, 14, 29, 13, 1, 
2020/3/8, 15, 26, 17, 1, 
2020/3/9, 16, 22, 19, , 
2020/3/10, 20, 23, 29, 1, 
2020/3/11, 27, 35, 37, 1, 
2020/3/12, 35, 23, 26, 1, 
2020/3/13, 27, 30, 18, 1, 
2020/3/14, 22, 33, 9, , 
2020/3/15, 16, 34, 7, , 
2020/3/16, 16, 33, 9, , 
2020/3/17, 23, 32, 15, 1, 
2020/3/18, 25, 38, 14, 1, 
2020/3/19, 21, 36, 9, , 
2020/3/20, 17, 38, 7, , 
2020/3/21, 16, 35, 4, 1, 
2020/3/22, 23, 32, 6, 1, 
2020/3/23, 21, 34, 4, 1, 
2020/3/24, 24, 30, 9, 1, 
2020/3/25, 20, 32, 9, 1, 
2020/3/26, 13, 32, 12, 1, 
2020/3/27, 13, 35, 9, 1, 
2020/3/28, 14, 42, 14, 1, 
2020/3/29, 15, 29, 9, 1, 
2020/3/30, 18, 34, 8, 1, 
2020/3/31, 12, 33, 5, 1, 
2019/10/1, 19, 23, 22, , 
2019/10/2, 24, 21, 19, , 
2019/10/3, 19, 27, 25, , 
2019/10/4, 19, 20, 18, , 
2019/10/5, 20, 20, 15, , 
2019/10/6, 21, 21, 22, , 
2019/10/7, 19, 24, 24, , 
2019/10/8, 27, 18, 23, , 
2019/10/9, 26, 16, 20, , 
2019/10/10, 18, 17, 23, , 
2019/10/11, 25, 22, 22, , 
2019/10/12, 25, 29, 8, , 
2019/10/13, 19, 25, 23, , 
2019/10/14, 26, 27, 14, 1, 
2019/10/15, 23, 25, 22, 1, 
2019/10/16, 14, 25, 32, 1, 
2019/10/17, 23, 23, 21, 1, 
2019/10/18, 25, 25, 25, 1, 
2019/10/19, 25, 25, 11, , 
2019/10/20, 24, 19, 21, 1, 
2019/10/21, 16, 19, 13, , 
2019/10/22, 15, 23, 22, 1, 
2019/10/23, 17, 17, 20, 1, 
2019/10/24, 16, 16, 27, 7, 
2019/10/25, 15, 27, 25, 3, 
2019/10/26, 20, 24, 24, 2, 
2019/10/27, 19, 17, 27, 1, 
2019/10/28, 21, 16, 27, 1, 
2019/10/29, 24, 12, 39, 2, 
2019/10/30, 34, 15, 26, 1, 
2019/10/31, 27, 18, 18, 1, 
2019/11/1, 21, 16, 19, 1, 
2019/11/2, 16, 28, 6, 1, 
2019/11/3, 13, 24, 16, 1, 
2019/11/4, 15, 24, 8, 1, 
2019/11/5, 14, 21, 11, 1, 
2019/11/6, 13, 15, 17, , 
2019/11/7, 14, 23, 9, 1, 
2019/11/8, 13, 22, 10, , 
2019/11/9, 11, 18, 9, 1, 
2019/11/10, 9, 17, 14, 1, 
2019/11/11, 9, 17, 16, 1, 
2019/11/12, 15, 12, 23, 1, 
2019/11/13, 18, 13, 24, 1, 
2019/11/14, 16, 15, 17, , 
2019/11/15, 13, 18, 11, , 
2019/11/16, 11, 20, 10, , 
2019/11/17, 9, 13, 17, 1, 
2019/11/18, 12, 14, 21, 1, 
2019/11/19, 15, 9, 33, 1, 
2019/11/20, 18, 15, 23, 1, 
2019/11/21, 19, 13, 26, 1, 
2019/11/22, 17, 25, 9, , 
2019/11/23, 14, 22, 12, , 
2019/11/24, 9, 18, 25, 1, 
2019/11/25, 14, 10, 28, 1, 
2019/11/26, 23, 20, 22, , 
2019/11/27, 20, 19, 18, , 
2019/11/28, 19, 17, 18, , 
2019/11/29, 17, 15, 22, , 
2019/11/30, 16, 23, 17, , 
2019/12/1, 14, 12, 25, 1, 
2019/12/2, 15, 16, 18, , 
2019/12/3, 22, 20, 12, , 
2019/12/4, 16, 18, 19, , 
2019/12/5, 8, 20, 21, , 
2019/12/6, 11, 13, 23, 1, 
2019/12/7, 14, 12, 14, , 
2019/12/8, 13, 18, 15, , 
2019/12/9, 13, 16, 29, 1, 
2019/12/10, 18, 14, 22, , 
2019/12/11, 21, 20, 12, , 
2019/12/12, 18, 21, 7, , 
2019/12/13, 16, 22, 9, , 
2019/12/14, 21, 19, 16, , 
2019/12/15, 11, 12, 30, , 
2019/12/16, 17, 12, 24, , 
2019/12/17, 39, 10, 24, , 
2019/12/18, 86, 10, 30, 1, 
2019/12/19, 59, 18, 26, , 
2019/12/20, 38, 22, 20, , 
2019/12/21, 18, 32, 4, , 
2019/12/22, 19, 29, 17, 1, 
2019/12/23, 12, 12, 24, , 
2019/12/24, 17, 9, 24, , 
2019/12/25, 20, 14, 20, 1, 
2019/12/26, 17, 12, 20, 1, 
2019/12/27, 15, 16, 24, , 
2019/12/28, 21, 13, 17, , 
2019/12/29, 19, , , , 
2019/7/1, 36, 23, 28, , 
2019/7/2, 35, 32, 37, , 
2019/7/3, 31, 39, 27, , 
2019/7/4, 30, 34, 27, 1, 
2019/7/5, 29, 28, 17, , 
2019/7/6, 35, 38, 14, , 
2019/7/7, 48, 24, 31, , 
2019/7/8, 37, 33, 23, , 
2019/7/9, 29, 38, 19, , 
2019/7/10, 23, 40, 29, 1, 
2019/7/11, 27, 32, 24, 1, 
2019/7/12, 29, 36, 25, 1, 
2019/7/13, 20, 35, 15, , 
2019/7/14, 17, 32, 17, , 
2019/7/15, 19, 36, 18, , 
2019/7/16, 25, 32, 20, , 
2019/7/17, 25, 36, 23, , 
2019/7/18, 23, 31, 19, , 
2019/7/19, 28, 36, 17, , 
2019/7/20, 22, 34, 12, , 
2019/7/21, 19, 26, 33, , 
2019/7/22, 24, 30, 33, , 
2019/7/23, 33, 29, 23, , 
2019/7/24, 29, 20, 27, , 
2019/7/25, 26, 28, 33, 1, 
2019/7/26, 27, 30, 14, , 
2019/7/27, 24, 29, 9, , 
2019/7/28, 11, 24, 19, , 
2019/7/29, 15, 26, 18, , 
2019/7/30, 23, 26, 15, , 
2019/7/31, 23, 36, 17, , 
2019/8/1, 22, 41, 24, , 
2019/8/2, 23, 41, 21, , 
2019/8/3, 20, 39, 13, , 
2019/8/4, 19, 32, 29, 1, 
2019/8/5, 20, 29, 16, 1, 
2019/8/6, 23, 30, 16, , 
2019/8/7, 29, 25, 16, , 
2019/8/8, 28, 25, 19, , 
2019/8/9, 33, 28, 15, , 
2019/8/10, 29, 31, 13, , 
2019/8/11, 21, 33, 13, , 
2019/8/12, 18, 32, 10, , 
2019/8/13, 15, 30, 14, , 
2019/8/14, 19, 27, 13, , 
2019/8/15, 23, 26, 12, , 
2019/8/16, 18, 28, 10, , 
2019/8/17, 18, 28, 12, , 
2019/8/18, 18, 25, 10, , 
2019/8/19, 19, 32, 11, , 
2019/8/20, 15, 32, 13, , 
2019/8/21, 17, 36, 17, , 
2019/8/22, 18, 36, 24, , 
2019/8/24, 25, 38, 11, , 
2019/8/25, 20, 28, 31, 1, 
2019/8/26, 23, 25, 21, , 
2019/8/27, 23, 33, 23, , 
2019/8/28, 21, 33, 23, , 
2019/8/29, 23, 36, 32, , 
2019/8/30, 23, 42, 21, , 
2019/8/31, 25, 33, 16, , 
2019/9/1, 19, 26, 20, 2, 
2019/9/2, 19, 29, 21, , 
2019/9/3, 19, 32, 30, 1, 
2019/9/4, 23, 27, 20, , 
2019/9/5, 24, 24, 21, 1, 
2019/9/6, 23, 31, 12, , 
2019/9/7, 21, 27, 11, , 
2019/9/8, 18, 25, 18, , 
2019/9/9, 15, 27, 20, , 
2019/9/10, 15, 34, 7, , 
2019/9/11, 10, 38, 27, 1, 
2019/9/12, 17, 38, 30, , 
2019/9/13, 26, 45, 15, , 
2019/9/14, 22, 38, 15, , 
2019/9/15, 21, 33, 29, 1, 
2019/9/16, 22, 26, 41, 1, 
2019/9/17, 32, 37, 41, , 
2019/9/18, 42, 31, 24, , 
2019/9/19, 40, 35, 21, , 
2019/9/20, 27, 28, 13, , 
2019/9/21, 24, 29, 11, , 
2019/9/22, 19, 22, 16, , 
2019/9/23, 17, 31, 14, , 
2019/9/24, 20, 27, 18, , 
2019/9/25, 23, 25, 21, , 
2019/9/26, 20, 20, 30, 1, 
2019/9/27, 24, 24, 17, , 
2019/9/28, 21, 33, 12, , 
2019/9/29, 15, 15, 22, , 
2019/9/30, 23, 30, 21, , 
2019/5/7, 25, 29, 21, , 
2019/5/8, 30, 28, 18, , 
2019/5/9, 29, 31, 25, 1, 
2019/5/10, 24, 28, 15, , 
2019/5/11, 23, 29, 13, , 
2019/5/12, 17, 29, 19, , 
2019/5/13, 18, 32, 26, 1, 
2019/5/14, 25, 35, 17, , 
2019/5/15, 23, 33, 26, 1, 
2019/5/16, 21, 27, 22, , 
2019/5/17, 19, 29, 15, , 
2019/5/18, 12, 29, 14, 1, 
2019/5/19, 13, 26, 19, 1, 
2019/5/20, 11, 28, 30, 1, 
2019/5/21, 20, 28, 21, 1, 
2019/5/22, 23, 28, 24, 1, 
2019/5/23, 22, 22, 31, , 
2019/5/24, 20, 21, 22, 2, 
2019/5/25, 11, 24, 18, 1, 
2019/5/26, 14, 23, 21, 1, 
2019/5/27, 14, 24, 13, , 
2019/5/28, 42, 22, 16, , 
2019/5/29, 11, 21, 21, 1, 
2019/5/30, 19, 23, 32, 1, 
2019/5/31, 24, 32, 17, 1, 
2019/6/1, 20, 37, 15, 1, 
2019/6/2, 14, 30, 22, 1, 
2019/6/3, 16, 28, 20, 1, 
2019/6/4, 20, 29, 14, , 
2019/6/5, 22, 22, 13, , 
2019/6/6, 25, 29, 14, , 
2019/6/7, 26, 30, 11, , 
2019/6/8, 25, 33, 13, , 
2019/6/9, 18, 35, 13, 1, 
2019/6/10, 30, 22, 18, , 
2019/6/11, 22, 25, 15, 1, 
2019/6/12, 10, 28, 18, , 
2019/6/13, 15, 30, 24, 1, 
2019/6/14, 23, 31, 16, , 
2019/6/15, 38, 31, 15, 1, 
2019/6/16, 24, 25, 28, 1, 
2019/6/17, 22, 34, 32, 1, 
2019/6/18, 26, 26, 28, , 
2019/6/19, 24, 29, 18, , 
2019/6/20, 30, 28, 19, , 
2019/6/21, 21, 35, 13, 1, 
2019/6/22, 16, 36, 11, , 
2019/6/23, 19, 37, 13, , 
2019/6/24, 36, 36, 13, , 
2019/6/25, 28, 36, 19, , 
2019/6/26, 27, 30, 44, 1, 
2019/6/27, 28, 31, 49, 2, 
2019/6/28, 39, 71, 45, 1, 
2019/6/29, 50, 39, 20, , 
2019/6/30, 45, 37, 22, , 
2018/11/21, 4, 16, 20, 2, 
2018/11/22, 12, 17, 32, 2, 
2018/11/23, 18, 8, 28, 1, 
2018/11/24, 12, 15, 16, , 
2018/11/25, 10, 17, 15, , 
2018/11/26, 10, 15, 18, , 
2018/11/27, 13, 15, 23, , 
2018/11/28, 16, 9, 28, 1, 
2018/11/29, 25, 6, 36, 1, 
2018/11/30, 23, 17, 28, 3, 
2018/12/1, 16, 93, 21, 5, 
2018/12/2, 15, 28, 17, 4, 
2018/12/3, 17, 10, 21, , 
2018/12/4, 24, 7, 33, 1, 
2018/12/5, 30, 4, 32, 1, 
2018/12/6, 22, 7, 18, 2, 
2018/12/7, 16, 10, 17, , 
2018/12/8, 14, 15, 16, , 
2018/12/9, 17, 18, 20, , 
2018/12/10, 22, 21, 23, , 
2018/12/11, 28, 8, 31, , 
2018/12/12, 29, 10, 30, 1, 
2018/12/13, 22, 14, 22, 1, 
2018/12/14, 15, 11, 25, 1, 
2018/12/15, 13, 16, 18, , 
2018/12/16, 10, 15, 14, , 
2018/12/17, 11, 23, 20, , 
2018/12/18, 18, 14, 30, , 
2018/12/19, 17, 19, 20, , 
2018/12/20, 14, 14, 24, 1, 
2018/12/21, 20, 12, 23, 1, 
2018/12/22, 19, 8, 33, 1, 
2018/12/23, 28, 9, 28, 1, 
2018/12/24, 20, 6, 35, 1, 
2018/12/25, 31, 12, 28, 1, 
2018/12/26, 16, 12, 18, , 
2018/12/27, 15, 11, 20, , 
2018/12/28, 22, 6, 22, 1, 
2018/12/29, 22, 10, 17, , 
2018/12/30, 25, 4, 28, 1, 
2018/7/2, 30, 32, 20, 5, 
2018/7/3, 37, 26, 23, 1, 
2018/7/4, 32, 30, 23, , 
2018/7/5, 29, 34, 18, , 
2018/7/6, 27, 33, 18, 1, 
2018/7/7, 25, 31, 18, , 
2018/7/8, 21, 43, 16, , 
2018/7/9, 27, 33, 28, 1, 
2018/7/10, 28, 40, 18, , 
2018/7/11, 24, 35, 20, , 
2018/7/12, 23, 37, 20, , 
2018/7/13, 24, 36, 23, , 
2018/7/14, 25, 44, 21, , 
2018/7/15, 26, 27, 22, , 
2018/7/16, 31, 40, 19, , 
2018/7/17, 28, 38, 21, 1, 
2018/7/18, 27, 30, 25, , 
2018/7/19, 27, 31, 25, , 
2018/7/20, 26, 34, 32, , 
2018/7/21, 25, 35, 9, , 
2018/7/22, 16, 30, 15, , 
2018/7/23, 19, 28, 16, , 
2018/7/24, 23, 28, 16, , 
2018/7/25, 24, 30, 29, 1, 
2018/7/27, 37, 32, 22, 2, 
2018/7/28, 28, 37, 11, 3, 
2018/7/29, 22, 29, 11, 3, 
2018/7/30, 25, 23, 24, , 
2018/7/31, 30, 37, 32, , 
2018/8/1, 35, 38, 32, 1, 
2018/8/2, 35, 38, 35, 1, 
2018/8/3, 33, 29, 44, 2, 
2018/8/4, 29, 67, 26, 2, 
2018/8/5, 29, 71, 28, 1, 
2018/8/6, 33, 39, 32, 1, 
2018/8/7, 28, 35, 14, , 
2018/8/8, 22, 31, 17, , 
2018/8/9, 22, 30, 17, , 
2018/8/10, 18, 29, 13, , 
2018/8/11, 13, 34, 15, 2, 
2018/8/12, 17, 32, 12, 2, 
2018/8/13, 20, 36, 15, 2, 
2018/8/14, 18, 23, 13, , 
2018/8/15, 17, 31, 9, 1, 
2018/8/16, 17, 30, 10, 1, 
2018/8/17, 9, 30, 14, 2, 
2018/4/1, 10, 37, 20, , 
2018/4/2, 12, 32, 22, 1, 
2018/4/3, 26, 32, 17, , 
2018/4/4, 36, 25, 27, 1, 
2018/4/5, 22, 28, 32, 1, 
2018/4/6, 27, 36, 8, , 
2018/4/7, 23, 35, 9, , 
2018/4/8, 25, 32, 21, 1, 
2018/4/9, 15, 30, 21, 1, 
2018/4/10, 17, 35, 21, , 
2018/4/11, 23, 30, 24, 1, 
2018/4/12, 23, 23, 26, 1, 
2018/4/13, 29, 28, 17, , 
2018/4/16, 26, 22, 32, 1, 
2018/4/17, 23, 33, 36, 1, 
2018/4/18, 24, 40, 25, 1, 
2018/4/19, 26, 28, 39, 2, 
2018/4/20, 33, 31, 32, 1, 
2018/4/21, 45, 36, 21, 1, 
2018/4/22, 41, 20, 38, 3, 
2018/4/23, 42, 25, 39, 2, 
2018/4/24, 53, 28, 35, 2, 
2018/4/25, 48, 20, 27, 1, 
2018/4/26, 48, 30, 24, 1, 
2018/4/27, 48, 34, 16, 1, 
2018/4/28, 36, 36, 9, 1, 
2018/4/29, 25, 34, 12, 1, 
2018/4/30, 12, 33, 12, 1, 
2018/5/1, 12, 25, 26, 1, 
2018/5/2, 13, 21, 19, 1, 
2018/5/3, 22, 20, 27, 1, 
2018/5/4, 20, 21, 26, 1, 
2018/5/5, 24, 28, 28, 1, 
2018/5/6, 21, 20, 47, 2, 
2018/5/7, 25, 17, 38, 1, 
2018/5/8, 34, 21, 31, 1, 
2018/5/9, 36, 24, 28, 1, 
2018/5/10, 29, 28, 16, , 
2018/5/11, 27, 28, 19, 1, 
2018/5/12, 25, 29, 13, 1, 
2018/5/13, 17, 26, 20, 1, 
2018/5/14, 11, 30, 21, 1, 
2018/5/15, 20, 24, 36, 2, 
2018/5/16, 30, 36, 31, 2, 
2018/5/17, 31, 34, 30, 1, 
2018/5/18, 34, 38, 28, 1, 
2018/5/19, 33, 40, 17, 1, 
2018/5/20, 17, 43, 20, 1, 
2018/5/21, 25, 31, 31, 1, 
2018/5/22, 32, 33, 26, 1, 
2018/5/23, 46, 29, 33, 2, 
2018/5/24, 40, 36, 21, 1, 
2018/5/25, 25, 37, 7, , 
2018/5/26, 21, 38, 7, 1, 
2018/5/27, 21, 33, 16, 1, 
2018/5/28, 28, 28, 18, 1, 
2018/5/29, 35, 28, 20, 1, 
2018/5/30, 29, 27, 27, 1, 
2018/5/31, 27, 25, 30, 2, 
2018/6/1, 29, 30, 19, 1, 
2018/6/2, 24, 29, 13, , 
2018/6/3, 16, 28, 25, 2, 
2018/6/4, 16, 27, 21, 1, 
2018/6/5, 20, 24, 22, 1, 
2018/6/6, 23, 20, 21, 1, 
2018/6/7, 15, 29, 23, 1, 
2018/6/8, 19, 35, 20, 1, 
2018/6/9, 20, 35, 17, 1, 
2018/6/10, 18, 29, 19, 1, 
2018/6/11, 20, 33, 23, 1, 
2018/6/12, 21, 34, 21, 2, 
2018/6/13, 21, 29, 23, 1, 
2018/6/14, 23, 27, 30, 1, 
2018/6/15, 25, 30, 22, 1, 
2018/6/16, 22, 28, 20, 1, 
2018/6/17, 20, 33, 21, 1, 
2018/6/18, 19, 31, 30, 1, 
2018/6/19, 26, 37, 40, 1, 
2018/6/20, 27, 23, 49, 1, 
2018/6/21, 34, 33, 38, 3, 
2018/6/22, 33, 35, 27, 3, 
2018/6/23, 25, 40, 25, 4, 
2018/6/24, 51, 35, 22, , 
2018/6/25, 24, 37, 27, 1, 
2018/6/26, 21, 34, 26, 1, 
2018/6/27, 26, 31, 21, 1, 
2018/6/28, 25, 36, 22, , 
2018/6/29, 24, 42, 15, 3, 
2018/6/30, 23, 30, 14, 4, 
2018/1/1, 9, 17, 20, , 
2018/1/2, 15, 18, 8, , 
2018/1/3, 13, 17, 10, , 
2018/1/4, 12, 18, 17, , 
2018/1/5, 11, 23, 19, , 
2018/1/6, 18, 24, 17, , 
2018/1/7, 27, 13, 23, , 
2018/1/8, 16, 14, 19, , 
2018/1/9, 14, 21, 16, , 
2018/1/10, 11, 18, 18, , 
2018/1/11, 12, 15, 26, , 
2018/1/12, 14, 8, 34, , 
2018/1/13, 19, 17, 12, , 
2018/1/14, 13, 14, 18, , 
2018/1/15, 10, 17, 18, , 
2018/1/16, 10, 19, 8, , 
2018/1/17, 12, 9, 30, , 
2018/1/18, 18, 9, 29, , 
2018/1/19, 23, 20, 14, , 
2018/1/20, 23, 19, 7, , 
2018/1/21, 10, 14, 18, , 
2018/1/22, 12, 9, 22, , 
2018/1/23, 19, 5, 33, , 
2018/1/24, 31, 18, 23, , 
2018/1/25, 24, 20, 18, , 
2018/1/26, 18, , , , 
2018/1/29, 17, 8, 34, , 
2018/1/30, 21, 10, 33, , 
2018/1/31, 25, 15, 20, , 
2018/2/1, 17, 17, 19, , 
2018/2/2, 11, 23, 10, , 
2018/2/3, 9, 22, 11, , 
2018/2/4, 8, 19, 22, , 
2018/2/5, 8, 10, 21, , 
2018/2/6, 20, 16, 18, , 
2018/2/7, 13, 11, 24, , 
2018/2/8, 13, 10, 24, , 
2018/2/9, 12, 24, 25, , 
2018/2/10, 2, 20, 17, , 
2018/2/11, 1, 15, 23, , 
2018/2/12, 7, 16, 18, , 
2018/2/13, 8, 7, 32, 1, 
2018/2/14, 19, 4, 31, 6, 
2018/2/15, 36, 4, 36, , 
2018/2/16, 60, 15, 23, , 
2018/2/17, 37, 21, 18, , 
2018/2/18, 13, 15, 26, 1, 
2018/2/19, 17, 17, 23, , 
2018/2/20, 16, 23, 21, , 
2018/2/21, 15, 21, 24, 1, 
2018/2/22, 16, 19, 28, 1, 
2018/2/23, 20, 29, 25, 1, 
2018/2/24, 20, 27, 28, 1, 
2018/2/25, 20, 24, 23, , 
2018/2/26, 23, 24, 26, 1, 
2018/2/27, 19, 23, 28, 1, 
2018/2/28, 19, 12, 36, 2, 
2018/3/1, 13, 27, 19, , 
2018/3/2, 16, 29, 23, , 
2018/3/3, 10, 22, 26, , 
2018/3/4, 16, 22, 26, , 
2018/3/5, 13, 28, 15, , 
2018/3/6, 10, 25, 21, , 
2018/3/7, 10, 22, 31, 1, 
2018/3/8, 14, 20, 33, 1, 
2018/3/9, 20, 23, 18, 1, 
2018/3/10, 21, 28, 12, , 
2018/3/11, 17, 31, 13, , 
2018/3/12, 10, 19, 27, , 
2018/3/13, 13, 21, 30, 1, 
2018/3/14, 16, 32, 21, , 
2018/3/15, 16, 28, 18, , 
2018/3/16, 10, 29, 10, , 
2018/3/17, 10, 29, 12, 1, 
2018/3/18, 8, 25, 19, , 
2018/3/19, 10, 27, 20, , 
2018/3/20, 9, 30, 18, 2, 
2018/3/21, 14, 28, 20, 1, 
2018/3/22, 14, 23, 28, 1, 
2018/3/23, 16, 26, 19, , 
2018/3/24, 13, 32, 15, , 
2018/3/25, 7, 23, 26, 1, 
2018/3/26, 13, 23, 28, , 
2018/3/27, 15, 17, 29, 2, 
2018/3/28, 21, 26, 25, 1, 
2018/3/29, 22, 36, 9, , 
2018/3/30, 14, 36, 5, , 
2018/3/31, 10, 33, 8, , 
2017/10/1, 16, 12, 24, , 
2017/10/2, 15, 23, 21, , 
2017/10/3, 17, 15, 25, , 
2017/10/4, 19, 18, 23, , 
2017/10/5, 16, 17, 27, , 
2017/10/6, 23, 28, 16, , 
2017/10/7, 23, 32, 14, , 
2017/10/8, 20, 19, 25, , 
2017/10/9, 25, 38, 27, , 
2017/10/10, 24, 26, 22, , 
2017/10/11, 23, 26, 17, , 
2017/10/12, 24, 21, 25, , 
2017/10/13, 25, 26, 20, , 
2017/10/14, 26, 25, 19, , 
2017/10/15, 18, 14, 27, , 
2017/10/16, 19, 16, 32, , 
2017/10/17, 25, 21, 31, , 
2017/10/18, 26, 13, 24, , 
2017/10/19, 17, 12, 29, , 
2017/10/20, 15, 24, 24, , 
2017/10/21, 20, 25, 9, , 
2017/10/22, 14, 19, 23, , 
2017/10/23, 13, 10, 39, , 
2017/10/24, 22, 17, 36, , 
2017/10/25, 30, 19, 34, , 
2017/10/26, 25, 21, 37, , 
2017/10/27, 34, 25, 16, , 
2017/10/28, 34, 21, 16, , 
2017/10/29, 22, 19, 21, , 
2017/10/30, 18, 10, 29, , 
2017/10/31, 20, 22, 22, , 
2017/11/1, 21, 18, 25, , 
2017/11/2, 19, 16, 31, , 
2017/11/3, 21, 21, 25, , 
2017/11/4, 21, 29, 7, , 
2017/11/5, 14, 19, 17, , 
2017/11/6, 9, 19, 20, , 
2017/11/7, 11, 11, 23, , 
2017/11/8, 19, 18, 21, , 
2017/11/9, 18, 9, 27, , 
2017/11/10, 20, 7, 28, , 
2017/11/11, 21, 19, 14, , 
2017/11/12, 17, 22, 18, , 
2017/11/13, 17, 20, 27, , 
2017/11/14, 23, 12, 34, , 
2017/11/15, 27, 9, 40, , 
2017/11/16, 31, 2, 61, , 
2017/11/17, 37, 13, 35, , 
2017/11/18, 43, 16, 25, , 
2017/11/19, 38, 5, 42, , 
2017/11/20, 28, 1, 56, , 
2017/11/21, 40, 26, 35, , 
2017/11/22, 33, 21, 33, , 
2017/11/23, 22, 2, 57, , 
2017/11/24, 52, 17, 27, , 
2017/11/25, 43, 18, 17, , 
2017/11/26, 21, 13, 27, , 
2017/11/27, 21, 14, 26, , 
2017/11/28, 22, 11, 29, , 
2017/11/29, 26, 12, 24, , 
2017/11/30, 23, 23, 21, , 
2017/12/1, 25, 21, 14, , 
2017/12/2, 17, 19, 13, , 
2017/12/3, 15, 10, 33, , 
2017/12/4, 20, 7, 33, , 
2017/12/5, 26, 16, 30, , 
2017/12/6, 23, 22, 29, , 
2017/12/7, 21, 20, 18, , 
2017/12/8, 22, 15, 21, , 
2017/12/9, 21, 18, 19, , 
2017/12/10, 13, 20, 19, , 
2017/12/11, 21, 14, 23, , 
2017/12/12, 17, 12, 19, , 
2017/12/13, 19, 14, 22, , 
2017/12/14, 19, 16, 20, , 
2017/12/15, 20, 18, 13, , 
2017/12/16, 16, , , , 
2017/12/20, 19, 12, 34, , 
2017/12/21, 23, 7, 33, , 
2017/12/22, 25, 10, 18, , 
2017/12/23, 19, 8, 21, , 
2017/12/24, 13, , , , 
2017/12/27, 10, 20, 22, , 
2017/12/28, 13, 9, 27, , 
2017/12/29, 17, 16, 21, , 
2017/12/30, 19, 20, 11, , 
2017/12/31, 14, 25, 4, , 
2017/7/1, 14, 24, 10, , 
2017/7/2, 12, 22, 23, , 
2017/7/3, 18, 21, 32, , 
2017/7/4, 24, 21, 20, , 
2017/7/5, 21, 23, 21, , 
2017/7/6, 26, 26, 23, , 
2017/7/7, 28, 16, 24, , 
2017/7/8, 26, 25, 15, , 
2017/7/9, 23, 29, 20, , 
2017/7/10, 24, 23, 19, , 
2017/7/11, 26, 24, 20, , 
2017/7/12, 28, 20, 19, , 
2017/7/13, 27, 16, 24, , 
2017/7/14, 26, 27, 17, , 
2017/7/15, 27, 33, 16, , 
2017/7/16, 26, 34, 22, , 
2017/7/17, 22, 29, 24, , 
2017/7/18, 22, 29, 17, , 
2017/7/19, 27, 32, 16, , 
2017/7/20, 32, 33, 21, , 
2017/7/21, 28, 36, 16, , 
2017/7/22, 24, 29, 12, , 
2017/7/23, 24, 38, 15, , 
2017/7/24, 20, 23, 15, , 
2017/7/25, 20, 21, 23, , 
2017/7/26, 22, 25, 21, , 
2017/7/27, 24, 22, 17, , 
2017/7/28, 27, 24, 15, , 
2017/7/29, 18, 29, 15, , 
2017/7/30, 17, 28, 14, , 
2017/7/31, 23, 26, 19, , 
2017/8/1, 34, 24, 27, , 
2017/8/2, 42, 23, 30, , 
2017/8/3, 50, 33, 30, , 
2017/8/4, 41, 31, 29, , 
2017/8/5, 35, 28, 16, , 
2017/8/6, 27, 30, 12, , 
2017/8/7, 18, 28, 16, , 
2017/8/8, 21, 30, 15, , 
2017/8/9, 17, 29, 11, , 
2017/8/10, 14, 27, 14, , 
2017/8/11, 16, 34, 12, , 
2017/8/12, 19, 29, 14, , 
2017/8/13, 17, 27, 16, , 
2017/8/14, 18, 33, 11, , 
2017/8/15, 19, 29, 16, , 
2017/8/16, 25, 27, 26, , 
2017/8/17, 22, 31, 22, , 
2017/8/18, 28, 27, 14, , 
2017/8/19, 22, 28, 8, , 
2017/8/20, 18, 28, 17, , 
2017/8/21, 22, 28, 18, , 
2017/8/22, 24, 30, 19, , 
2017/8/23, 21, 29, 20, , 
2017/8/24, 22, 22, 28, , 
2017/8/25, 21, 27, 14, , 
2017/8/26, 25, 30, 12, , 
2017/8/27, 29, 23, 24, , 
2017/8/28, 30, 26, 21, , 
2017/8/29, 36, 30, 17, , 
2017/8/30, 25, 31, 19, , 
2017/8/31, 17, 23, 22, , 
2017/9/1, 15, 32, 11, , 
2017/9/2, 15, 28, 15, , 
2017/9/3, 16, 30, 19, , 
2017/9/4, 19, 26, 23, , 
2017/9/5, 20, , , , 
2017/9/10, 11, 27, 7, , 
2017/9/11, 12, 22, 15, , 
2017/9/12, 19, 18, 20, , 
2017/9/13, 22, 20, 18, , 
2017/9/14, 25, 13, 19, , 
2017/9/15, 18, 23, 10, , 
2017/9/16, 10, 29, 9, , 
2017/9/17, 10, 22, 14, , 
2017/9/18, 13, 34, 22, , 
2017/9/19, 16, 25, 21, , 
2017/9/20, 19, 21, 29, , 
2017/9/21, 24, 21, 31, , 
2017/9/22, 25, , , , 
2017/9/27, 20, 20, 30, , 
2017/9/28, 19, 25, 29, , 
2017/9/29, 20, 27, 20, , 
2017/9/30, 19, 19, 14, , 
2017/4/1, 15, 31, 15, , 
2017/4/2, 9, 25, 28, , 
2017/4/3, 12, 31, 37, , 
2017/4/4, 21, 30, 28, , 
2017/4/5, 23, 25, 30, , 
2017/4/6, 18, 26, 35, , 
2017/4/7, 26, 41, 33, , 
2017/4/8, 30, 41, 24, , 
2017/4/9, 23, 38, 28, , 
2017/4/10, 22, 33, 33, , 
2017/4/11, 33, 31, 22, , 
2017/4/12, 26, 32, 33, , 
2017/4/13, 28, 37, 22, , 
2017/4/14, 31, 29, 20, , 
2017/4/15, 25, 32, 12, , 
2017/4/16, 22, 33, 14, , 
2017/4/17, 24, 26, 23, , 
2017/4/18, 29, 32, 21, , 
2017/4/19, 26, 33, 21, , 
2017/4/20, 27, 31, 31, , 
2017/4/21, 25, 43, 16, , 
2017/4/22, 19, 41, 19, , 
2017/4/23, 21, 30, 34, , 
2017/4/24, 25, 35, 23, , 
2017/4/25, 24, 27, 20, , 
2017/4/26, 24, 17, 24, , 
2017/4/27, 12, 24, 27, , 
2017/4/28, 15, 34, 20, , 
2017/4/29, 17, 34, 7, , 
2017/4/30, 16, 36, 7, , 
2017/5/1, 14, 28, 17, , 
2017/5/2, 16, 27, 14, , 
2017/5/3, 17, 26, 13, , 
2017/5/4, 17, 30, 12, , 
2017/5/5, 12, 37, 9, , 
2017/5/6, 6, 37, 12, , 
2017/5/7, 6, 27, 30, , 
2017/5/8, 8, 29, 26, , 
2017/5/9, 12, 32, 22, , 
2017/5/10, 20, 24, 29, , 
2017/5/11, 22, 30, 20, , 
2017/5/12, 18, 30, 19, , 
2017/5/13, 14, 33, 19, , 
2017/5/14, 14, 23, 41, , 
2017/5/15, 20, 28, 39, , 
2017/5/16, 28, 21, 47, , 
2017/5/17, 30, 30, 25, , 
2017/5/18, 21, 25, 14, , 
2017/5/19, 11, 29, 13, , 
2017/5/20, 10, 35, 14, , 
2017/5/21, 11, 28, 22, , 
2017/5/22, 12, 24, 27, , 
2017/5/23, 32, 27, 42, , 
2017/5/24, 47, 25, 34, , 
2017/5/25, 34, 36, 25, , 
2017/5/29, 23, 28, 28, , 
2017/5/30, 22, 27, 27, , 
2017/5/31, 25, 24, 35, , 
2017/6/1, 28, 23, 25, , 
2017/6/2, 27, 36, 16, , 
2017/6/3, 26, 29, 12, , 
2017/6/4, 18, 27, 8, , 
2017/6/5, 11, 30, 18, , 
2017/6/6, 15, 19, 19, , 
2017/6/7, 27, 24, 15, , 
2017/6/8, 30, 21, 26, , 
2017/6/9, 28, 29, 28, , 
2017/6/10, 28, 33, 29, , 
2017/6/11, 23, 28, 36, , 
2017/6/12, 24, 27, 38, , 
2017/6/13, 30, 29, 35, , 
2017/6/14, 28, 24, 58, , 
2017/6/15, 33, 34, 36, , 
2017/6/16, 37, 32, 19, , 
2017/6/17, 28, 39, 21, , 
2017/6/18, 25, 34, 19, , 
2017/6/19, 24, 34, 18, , 
2017/6/20, 26, 32, 26, , 
2017/6/21, 28, 27, 27, , 
2017/6/22, 27, 26, 26, , 
2017/6/23, 26, 30, 13, , 
2017/6/24, 44, 19, 15, , 
2017/6/25, 26, 25, 28, , 
2017/6/26, 25, 24, 22, , 
2017/6/27, 29, 27, 18, , 
2017/6/28, 30, 26, 13, , 
2017/6/29, 23, 23, 17, , 
2017/6/30, 18, 27, 10, , 
2017/1/2, 12, 5, 30, , 
2017/1/3, 23, 15, 26, , 
2017/1/4, 28, 7, 27, , 
2017/1/5, 25, 14, 21, , 
2017/1/6, 23, 11, 30, , 
2017/1/7, 21, 5, 41, , 
2017/1/8, 30, 13, 22, , 
2017/1/9, 28, 8, 28, , 
2017/1/10, 18, 17, 33, , 
2017/1/11, 23, 14, 24, , 
2017/1/12, 21, 23, 17, , 
2017/1/13, 19, 24, 13, , 
2017/1/14, 15, 24, 14, , 
2017/1/15, 15, 16, 28, , 
2017/1/16, 18, 24, 21, , 
2017/1/17, 17, 12, 27, , 
2017/1/18, 21, 24, 17, , 
2017/1/19, 26, 28, 12, , 
2017/1/20, 24, 28, 7, , 
2017/1/21, 17, 32, 7, , 
2017/1/22, 14, 24, 25, , 
2017/1/23, 9, 11, 28, , 
2017/1/24, 18, 20, 24, , 
2017/1/25, 25, 14, 29, , 
2017/1/26, 20, 19, 36, , 
2017/1/27, 24, 24, 18, , 
2017/1/28, 17, 24, 16, , 
2017/1/29, 13, 13, 36, , 
2017/1/30, 16, 7, 31, , 
2017/1/31, 30, 12, 39, , 
2017/2/1, 5, 16, 24, , 
2017/2/2, 11, 20, 25, , 
2017/2/3, 19, 25, 20, , 
2017/2/4, 20, 32, 9, , 
2017/2/5, 14, 30, 12, , 
2017/2/6, 11, 8, 29, , 
2017/2/7, 16, 24, 21, , 
2017/2/8, 16, 17, 28, , 
2017/2/9, 14, 17, 34, , 
2017/2/10, 17, 32, 18, , 
2017/2/11, 20, 33, 8, , 
2017/2/12, 28, 37, 14, , 
2017/2/13, 45, 38, 28, , 
2017/2/14, 41, 28, 20, , 
2017/2/15, 24, 22, 25, , 
2017/2/16, 32, 11, 37, , 
2017/2/17, 31, 27, 25, , 
2017/2/18, 37, 36, 13, , 
2017/2/19, 28, 21, 23, , 
2017/2/20, 25, 11, 38, , 
2017/2/21, 33, 5, 54, , 
2017/2/22, 40, 9, 40, , 
2017/2/23, 39, 3, 32, , 
2017/2/24, 43, 30, 17, , 
2017/2/25, 25, 32, 17, , 
2017/2/26, 20, 25, 29, , 
2017/2/27, 29, 24, 23, , 
2017/2/28, 26, 24, 21, , 
2017/3/1, 22, 18, 37, , 
2017/3/2, 24, 30, 21, , 
2017/3/3, 25, 31, 10, , 
2017/3/4, 15, 28, 15, , 
2017/3/5, 11, 28, 17, , 
2017/3/6, 11, 27, 14, , 
2017/3/7, 18, 18, 26, , 
2017/3/8, 26, 21, 40, , 
2017/3/9, 33, 27, 50, , 
2017/3/10, 39, 32, 34, , 
2017/3/11, 37, 34, 17, , 
2017/3/12, 23, 25, 17, , 
2017/3/13, 20, 25, 27, , 
2017/3/14, 23, 28, 35, , 
2017/3/15, 31, 24, 44, , 
2017/3/16, 34, 28, 44, , 
2017/3/17, 37, 38, 35, , 
2017/3/18, 33, 37, 33, , 
2017/3/19, 33, 25, 45, , 
2017/3/20, 30, 26, 25, , 
2017/3/21, 31, 25, 19, , 
2017/3/22, 21, 27, 16, , 
2017/3/23, 23, 21, 28, , 
2017/3/24, 17, , , , 
2017/3/28, 20, 23, 44, , 
2017/3/29, 27, 28, 39, , 
2017/3/30, 28, 26, 34, , 
2017/3/31, 23, 24, 21, , 
2016/10/5, 17, 34, 25, , 
2016/10/6, 17, 19, 29, , 
2016/10/7, 16, 17, 28, , 
2016/10/8, 19, 13, 19, , 
2016/10/10, 17, 11, 24, , 
2016/10/11, 17, 19, 29, , 
2016/10/12, 13, 20, 18, , 
2016/10/13, 14, 16, 33, , 
2016/10/14, 13, 18, 23, , 
2016/10/15, 16, 25, 24, , 
2016/10/16, 17, 31, 25, , 
2016/10/17, 18, 18, 30, , 
2016/10/18, 23, 20, 26, , 
2016/10/19, 23, 24, 24, , 
2016/10/20, 20, 25, 22, , 
2016/10/21, 19, 13, 22, , 
2016/10/22, 18, 16, 22, , 
2016/10/23, 19, 14, 26, , 
2016/10/24, 29, 11, 28, , 
2016/10/25, 33, 2, 24, , 
2016/10/27, 55, 11, 27, , 
2016/10/28, 36, 8, 30, , 
2016/10/29, 32, 6, 33, , 
2016/10/30, 32, 21, 19, , 
2016/10/31, 25, 12, 30, , 
2016/11/1, 27, 25, 23, , 
2016/11/2, 23, 9, 38, , 
2016/11/3, 30, 17, 32, , 
2016/11/4, 31, 11, 30, , 
2016/11/5, 24, 20, 15, , 
2016/11/6, 13, 25, 8, , 
2016/11/7, 11, 19, 19, , 
2016/11/8, 14, 17, 13, , 
2016/11/9, 14, 22, 12, , 
2016/11/10, 16, 19, 17, , 
2016/11/11, 17, 16, 22, , 
2016/11/12, 19, 15, 24, , 
2016/11/13, 20, 12, 23, , 
2016/11/14, 19, 29, 21, , 
2016/11/15, 21, 55, 25, , 
2016/11/16, 26, 12, 30, , 
2016/11/17, 28, 4, 38, , 
2016/11/18, 30, 14, 34, , 
2016/11/19, 25, 18, 20, , 
2016/11/20, 20, 12, 20, , 
2016/11/21, 28, 13, 23, , 
2016/11/22, 30, 15, 23, , 
2016/11/23, 40, 21, 19, , 
2016/11/24, 21, 17, 22, , 
2016/11/25, 12, 14, 24, , 
2016/11/28, 13, 7, 29, , 
2016/11/29, 21, 14, 23, , 
2016/11/30, 26, 20, 25, , 
2016/12/1, 23, 8, 28, , 
2016/12/2, 26, 3, 40, , 
2016/12/5, 23, 24, 18, , 
2016/12/6, 25, 19, 16, , 
2016/12/7, 28, 10, 37, , 
2016/12/8, 25, 22, 24, , 
2016/12/9, 21, 20, 26, , 
2016/12/10, 20, 15, 30, , 
2016/12/11, 17, 11, 26, , 
2016/12/12, 31, 1, 59, , 
2016/12/13, 49, 7, 40, , 
2016/12/14, 29, 9, 37, , 
2016/12/15, 31, 6, 33, , 
2016/12/16, 37, 16, 29, , 
2016/12/17, 26, 24, 14, , 
2016/12/18, 21, 19, 17, , 
2016/12/19, 29, 19, 21, , 
2016/12/20, 21, 23, 19, , 
2016/12/21, 13, 18, 26, , 
2016/12/22, 22, 8, 36, , 
2016/12/23, 28, 1, 41, , 
2016/12/24, 23, 5, 29, , 
2016/12/25, 17, 9, 21, , 
2016/12/26, 21, 11, 26, , 
2016/12/27, 29, 1, 48, , 
2016/12/28, 35, 4, 39, , 
2016/12/29, 16, 13, 32, , 
2016/12/30, 10, 16, 29, , 
2016/12/31, 9, 17, 28, , 
2016/7/1, 29, 30, 17, , 
2016/7/2, 26, 25, 11, , 
2016/7/3, 20, 19, 26, , 
2016/7/4, 24, 29, 27, , 
2016/7/5, 26, 28, 24, , 
2016/7/6, 20, 25, 25, , 
2016/7/7, 19, 29, 29, , 
2016/7/8, 26, 43, 28, , 
2016/7/9, 31, 42, 21, , 
2016/7/10, 27, 30, 27, , 
2016/7/11, 28, 22, 16, , 
2016/7/12, 24, 24, 14, , 
2016/7/13, 19, 22, 17, , 
2016/7/14, 24, 24, 16, , 
2016/7/15, 25, 29, 13, , 
2016/7/16, 24, 36, 17, , 
2016/7/17, 21, 25, 24, , 
2016/7/18, 21, 30, 17, , 
2016/7/19, 22, 30, 22, , 
2016/7/20, 27, 26, 25, , 
2016/7/21, 37, 23, 25, , 
2016/7/22, 35, 34, 15, , 
2016/7/23, 23, 37, 13, , 
2016/7/24, 17, 29, 24, , 
2016/7/25, 23, 27, 22, , 
2016/7/26, 25, 25, 23, , 
2016/7/27, 23, 28, 20, , 
2016/7/28, 22, 33, 19, , 
2016/7/29, 21, , , , 
2016/7/31, 23, 19, 14, , 
2016/8/1, 21, 26, 13, , 
2016/8/2, 22, 27, 15, , 
2016/8/3, 23, 27, 21, , 
2016/8/4, 20, 20, 14, , 
2016/8/5, 24, 28, 12, , 
2016/8/6, 22, 34, 12, , 
2016/8/7, 19, 33, 17, , 
2016/8/8, 18, 31, 15, , 
2016/8/9, 23, 27, 13, , 
2016/8/10, 20, 30, 14, , 
2016/8/11, 21, 33, 15, , 
2016/8/12, 23, 36, 14, , 
2016/8/13, 17, 27, 16, , 
2016/8/14, 11, 31, 11, , 
2016/8/15, 10, 30, 15, , 
2016/8/16, 14, 28, 18, , 
2016/8/17, 25, 34, 17, , 
2016/8/18, 28, 27, 20, , 
2016/8/19, 26, 30, 12, , 
2016/8/20, 29, 28, 11, , 
2016/8/21, 16, 29, 17, , 
2016/8/22, 17, 32, 25, , 
2016/8/23, 17, 25, 40, , 
2016/8/24, 20, 40, 27, , 
2016/8/25, 18, 37, 21, , 
2016/8/26, 15, 34, 14, , 
2016/8/27, 15, 33, 5, , 
2016/8/28, 14, 21, 13, , 
2016/8/29, 16, 18, 18, , 
2016/8/30, 17, 31, 19, , 
2016/8/31, 15, 29, 28, , 
2016/9/1, 20, 32, 26, , 
2016/9/2, 21, 28, 18, , 
2016/9/3, 20, 34, 16, , 
2016/9/4, 21, 28, 31, , 
2016/9/5, 24, 25, 26, , 
2016/9/6, 24, 30, 15, , 
2016/9/7, 17, 24, 20, , 
2016/9/8, 15, 27, 16, , 
2016/9/9, 17, 30, 14, , 
2016/9/10, 16, 35, , , 
2016/9/11, 19, 27, 23, , 
2016/9/12, 19, 31, 25, , 
2016/9/13, 23, 34, 14, , 
2016/9/14, 18, 21, 15, , 
2016/9/15, 11, 20, 21, , 
2016/9/16, 12, , , , 
2016/9/20, 16, 26, 26, , 
2016/9/21, 18, 32, 22, , 
2016/9/22, 19, 26, 24, , 
2016/9/23, 18, 29, 18, , 
2016/9/24, 20, 33, 16, , 
2016/9/26, 21, 25, 27, , 
2016/9/27, 19, 33, 22, , 
2016/9/28, 17, 29, 29, , 
2016/9/29, 19, 24, 20, , 
2016/4/1, 22, 20, 24, , 
2016/4/2, 17, 36, 18, , 
2016/4/3, 19, 29, 26, , 
2016/4/4, 21, 28, 20, , 
2016/4/5, 20, 12, 29, , 
2016/4/6, 20, 27, 20, , 
2016/4/7, 20, 29, 20, , 
2016/4/8, 17, 31, 14, , 
2016/4/9, 14, 40, 17, , 
2016/4/10, 19, 33, 24, , 
2016/4/11, 24, 26, 30, , 
2016/4/12, 24, 32, 20, , 
2016/4/13, 22, 28, 29, , 
2016/4/14, 21, 29, 26, , 
2016/4/15, 23, 32, 19, , 
2016/4/16, 22, 34, 10, , 
2016/4/17, 12, 31, 18, , 
2016/4/18, 15, 33, 19, , 
2016/4/19, 20, 41, 14, , 
2016/4/20, 21, 39, 25, , 
2016/4/21, 20, 25, 30, , 
2016/4/22, 22, 26, 18, , 
2016/4/23, 18, 30, 12, , 
2016/4/24, 11, 30, 15, , 
2016/4/25, 18, 33, 22, , 
2016/4/26, 24, 31, 16, , 
2016/4/27, 23, 23, 29, , 
2016/4/28, 17, 29, 25, , 
2016/4/29, 21, 28, 17, , 
2016/4/30, 18, 38, 10, , 
2016/5/1, 12, 33, 18, , 
2016/5/2, 14, 14, 33, , 
2016/5/3, 23, 32, 28, , 
2016/5/4, 23, 41, 21, , 
2016/5/5, 21, 37, 21, , 
2016/5/6, 23, 40, 17, , 
2016/5/7, 19, 33, 13, , 
2016/5/8, 18, 35, 17, , 
2016/5/9, 25, 23, 32, , 
2016/5/10, 26, 27, 22, , 
2016/5/11, 17, 25, 27, , 
2016/5/12, 19, 23, 28, , 
2016/5/13, 21, 26, 18, , 
2016/5/14, 17, 40, 14, , 
2016/5/15, 14, 40, 11, , 
2016/5/16, 17, 32, 21, , 
2016/5/17, 20, 32, 20, , 
2016/5/18, 23, 30, 17, , 
2016/5/19, 22, 27, 21, , 
2016/5/20, 24, 32, 17, , 
2016/5/21, 22, 33, 10, , 
2016/5/22, 20, 24, 18, , 
2016/5/23, 18, 25, 19, , 
2016/5/24, 19, 22, 28, , 
2016/5/25, 25, 25, 14, , 
2016/5/26, 28, 23, 28, , 
2016/5/27, 31, 28, 20, , 
2016/5/28, 38, 33, 7, , 
2016/5/29, 22, 25, 20, , 
2016/5/30, 16, 27, 20, , 
2016/5/31, 18, 36, 19, , 
2016/6/1, 19, 33, 26, , 
2016/6/2, 22, 30, 26, , 
2016/6/3, 23, 32, 22, , 
2016/6/4, 20, 39, 14, , 
2016/6/5, 19, 30, 25, , 
2016/6/6, 18, 26, 30, , 
2016/6/7, 25, 25, 28, , 
2016/6/8, 26, 26, 30, , 
2016/6/9, 27, 34, 24, , 
2016/6/10, 23, 34, 13, , 
2016/6/11, 24, 30, 12, , 
2016/6/12, 18, 26, 14, , 
2016/6/13, 21, 26, 14, , 
2016/6/14, 21, 21, 17, , 
2016/6/15, 27, 24, 13, , 
2016/6/16, 20, 22, 18, , 
2016/6/17, 22, 26, 12, , 
2016/6/18, 17, 28, 11, , 
2016/6/19, 10, 22, 24, , 
2016/6/20, 17, 22, 31, , 
2016/6/21, 23, 22, 33, , 
2016/6/22, 26, 29, 29, , 
2016/6/23, 20, 38, 16, , 
2016/6/24, 21, 38, 14, , 
2016/6/28, 27, 24, 29, , 
2016/6/29, 31, 26, 23, , 
2016/6/30, 32, 21, 27, , 
2016/1/4, 9, 22, 17, , 
2016/1/6, 10, 17, 15, , 
2016/1/7, 15, 16, 27, , 
2016/1/8, 19, 24, 20, , 
2016/1/9, 20, 27, 10, , 
2016/1/10, 11, 28, 15, , 
2016/1/11, 19, 25, 13, , 
2016/1/12, 15, 15, 27, , 
2016/1/13, 16, 19, 26, , 
2016/1/14, 20, 17, 24, , 
2016/1/15, 16, 25, 15, , 
2016/1/16, 13, 20, 19, , 
2016/1/17, 14, 11, 28, , 
2016/1/18, 17, 13, 27, , 
2016/1/19, 18, 14, 38, , 
2016/1/20, 21, 12, 31, , 
2016/1/21, 26, 6, 37, , 
2016/1/22, 28, 7, 37, , 
2016/1/23, 32, 16, 23, , 
2016/1/24, 30, 20, 28, , 
2016/1/25, 19, 16, 28, , 
2016/1/26, 20, 13, 27, , 
2016/1/27, 20, 16, 27, , 
2016/1/28, 24, 10, 31, , 
2016/1/29, 31, 19, 18, , 
2016/1/30, 21, 16, 18, , 
2016/1/31, 13, 13, 23, , 
2016/2/1, 14, 11, 28, , 
2016/2/2, 19, 15, 19, , 
2016/2/3, 18, 15, 30, , 
2016/2/4, 16, 14, 35, , 
2016/2/5, 25, 21, 27, , 
2016/2/6, 21, 28, 13, , 
2016/2/7, 17, 20, 24, , 
2016/2/8, 13, 23, 18, , 
2016/2/9, 18, 28, 21, , 
2016/2/10, 20, 24, 26, , 
2016/2/11, 19, 15, 18, , 
2016/2/12, 17, 24, 16, , 
2016/2/13, 13, 31, 9, , 
2016/2/14, 10, 24, 21, , 
2016/2/15, 11, 18, 27, , 
2016/2/16, 15, 23, 21, , 
2016/2/17, 17, 22, 26, , 
2016/2/18, 17, 18, 31, , 
2016/2/19, 21, 22, 29, , 
2016/2/20, 19, 21, 29, , 
2016/2/21, 20, 18, 40, , 
2016/2/22, 36, 19, 24, , 
2016/2/23, 68, 25, 30, , 
2016/2/24, 59, 19, 23, , 
2016/2/25, 33, 16, 26, , 
2016/2/26, 16, 27, 16, , 
2016/2/27, 15, 29, 9, , 
2016/2/28, 9, 24, 19, , 
2016/2/29, 12, 24, 24, , 
2016/3/1, 24, 23, 21, , 
2016/3/2, 20, 28, 14, , 
2016/3/3, 15, 23, 22, , 
2016/3/4, 16, 30, 8, , 
2016/3/5, 15, 23, 7, , 
2016/3/6, 8, 22, 24, , 
2016/3/7, 11, 23, 20, , 
2016/3/8, 15, 19, 23, , 
2016/3/9, 16, 19, 29, , 
2016/3/10, 14, 22, 28, , 
2016/3/11, 20, , , , 
2016/3/14, 23, 21, 25, , 
2016/3/15, 26, 28, 19, , 
2016/3/16, 18, 21, 23, , 
2016/3/17, 13, 20, 28, , 
2016/3/18, 16, 31, 20, , 
2016/3/19, 17, 36, 12, , 
2016/3/20, 11, 30, 22, , 
2016/3/21, 16, 21, 27, , 
2016/3/22, 19, 27, 20, , 
2016/3/23, 18, 31, 23, , 
2016/3/24, 19, 37, 15, , 
2016/3/25, 22, 35, 16, , 
2016/3/26, 22, 31, 18, , 
2016/3/27, 18, 25, 12, , 
2016/3/28, 15, 19, 21, , 
2016/3/29, 13, 25, 33, , 
2016/3/30, 24, 30, 23, , 
2016/3/31, 27, 23, 27, , 
2015/12/12, 24, 10, 28, , 
2015/12/13, 18, 19, 22, , 
2015/12/14, 27, 8, 21, , 
2015/12/15, 45, 4, 15, , 
2015/12/16, 53, 2, 33, , 
2015/12/17, 62, 2, 44, , 
2015/12/18, 53, 3, 37, , 
2015/12/19, 52, 5, 31, , 
2015/12/20, 46, 10, 26, , 
2015/12/21, 42, 14, 23, , 
2015/12/22, 33, 11, 31, , 
2015/12/23, 34, 8, 34, , 
2015/12/24, 27, 14, 29, , 
2015/12/25, 27, 11, 31, , 
2015/12/26, 29, 13, 31, , 
2015/12/27, 27, 19, 29, , 
2015/12/28, 23, 11, 37, , 
2015/12/29, 25, 16, 31, , 
2015/12/30, 28, 14, 26, , 
2016/1/3, 9, 19, 11, , 
2020/9/12, , 39, 23, , 
2019/12/31, , 10, 19, , 
2019/8/23, , 40, 32, , 
2019/5/6, , 24, 20, , 
2018/10/1, , 31, 20, , 
2018/10/2, , 27, 24, 1, 
2018/10/3, , 23, 30, 1, 
2018/10/4, , 31, 21, 1, 
2018/10/5, , 29, 24, 1, 
2018/10/6, , 29, 20, , 
2018/10/7, , 27, 11, 1, 
2018/10/8, , 17, 21, 1, 
2018/10/9, , 28, 18, 1, 
2018/10/10, , 25, 20, 1, 
2018/10/11, , 20, 28, 1, 
2018/10/12, , 23, 22, 1, 
2018/10/13, , 13, 25, 1, 
2018/10/14, , 30, 14, 1, 
2018/10/15, , 27, 18, 1, 
2018/10/16, , 23, 20, 1, 
2018/10/17, , 25, 17, 1, 
2018/10/18, , 26, 19, , 
2018/10/19, , 33, 19, , 
2018/10/20, , 33, 19, , 
2018/10/21, , 31, 22, , 
2018/10/22, , 27, 22, 1, 
2018/10/23, , 21, 27, 1, 
2018/10/24, , 17, 30, 1, 
2018/10/25, , 11, 35, 2, 
2018/10/26, , 12, 38, 1, 
2018/10/27, , 13, 17, , 
2018/10/28, , 21, 9, , 
2018/10/29, , 19, 7, 1, 
2018/10/30, , 19, 20, 1, 
2018/10/31, , 19, 32, 1, 
2018/11/1, , 22, 16, 1, 
2018/11/2, , 15, 25, 1, 
2018/11/3, , 16, 18, 1, 
2018/11/4, , 17, 22, 1, 
2018/11/5, , 23, 28, 1, 
2018/11/6, , 20, 13, 1, 
2018/11/7, , 20, 21, 1, 
2018/11/8, , 14, 29, 1, 
2018/11/9, , 20, 22, 1, 
2018/11/10, , 21, 17, 4, 
2018/11/11, , 19, 17, 5, 
2018/11/12, , 23, 21, 3, 
2018/11/13, , 22, 19, 1, 
2018/11/14, , 23, 18, 1, 
2018/11/15, , 22, 20, 1, 
2018/11/16, , 12, 26, 1, 
2018/11/17, , 23, 15, 1, 
2018/11/18, , 27, 8, , 
2018/11/19, , 23, 16, 2, 
2018/11/20, , 15, 26, 2, 
2018/7/1, , 30, 14, 4, 
2018/7/26, , 34, 14, 1, 
2018/8/18, , 39, , 1, 
2018/8/19, , 39, , 1, 
2018/8/20, , 42, 23, 1, 
2018/8/21, , 38, 27, 1, 
2018/8/22, , 43, 29, 1, 
2018/8/23, , 37, 31, 1, 
2018/8/24, , 39, 22, 1, 
2018/8/25, , 28, 12, 1, 
2018/8/26, , 27, 8, 1, 
2018/8/27, , 25, 17, 1, 
2018/8/28, , 27, 15, , 
2018/8/29, , 30, 18, 1, 
2018/8/30, , 32, 18, , 
2018/8/31, , 29, 18, , 
2018/9/1, , 28, 17, , 
2018/9/2, , 39, 10, 1, 
2018/9/3, , 30, 21, , 
2018/9/4, , 33, 18, 1, 
2018/9/5, , 26, 18, 1, 
2018/9/6, , 29, 22, , 
2018/9/7, , 30, 25, 1, 
2018/9/8, , 35, 17, 1, 
2018/9/9, , 37, 12, 1, 
2018/9/10, , 23, 27, 1, 
2018/9/11, , 33, 24, 2, 
2018/9/12, , 27, 26, 4, 
2018/9/13, , 29, 22, 5, 
2018/9/14, , 28, 22, , 
2018/9/15, , 22, 15, , 
2018/9/16, , 30, 18, 1, 
2018/9/17, , 29, 19, 1, 
2018/9/18, , 24, 26, 1, 
2018/9/19, , 21, 27, 1, 
2018/9/20, , 25, 39, 1, 
2018/9/21, , 32, 41, 3, 
2018/9/22, , 29, 21, 4, 
2018/9/23, , 28, 28, 5, 
2018/9/24, , 18, 18, 1, 
2018/9/25, , 35, 16, 1, 
2018/9/26, , 37, 12, 1, 
2018/9/27, , 29, 25, 1, 
2018/9/28, , 29, 40, 1, 
2018/9/29, , 40, 27, 1, 
2018/9/30, , 40, 17, , 
2018/4/14, , 30, 17, 1, 
2018/4/15, , 22, 32, 1, 
2018/1/28, , 6, 40, , 
2017/12/18, , 6, 30, , 
2017/12/19, , 8, 26, , 
2017/12/26, , 24, 8, , 
2017/9/9, , 7, 30, , 
2017/9/26, , 25, 28, , 
2017/5/26, , 41, 11, , 
2017/5/27, , 36, 18, , 
2017/5/28, , 27, 36, , 
2017/1/1, , 11, 28, , 
2017/3/26, , 33, 21, , 
2017/3/27, , 25, 31, , 
2016/10/4, , 4, 25, , 
2016/10/26, , 1, 39, , 
2016/7/30, , 26, 21, , 
2016/9/19, , 24, 26, , 
2016/9/25, , 22, 30, , 
2016/6/25, , 29, 14, , 
2016/6/26, , 27, 15, , 
2016/6/27, , 26, 22, , 
2016/1/5, , 24, 7, , 
2016/3/13, , 28, 26, , 
2015/10/1, , 21, 29, , 
2015/10/2, , 20, 26, , 
2015/10/3, , 21, 21, , 
2015/10/4, , 21, 21, , 
2015/10/5, , 19, 31, , 
2015/10/6, , 22, 24, , 
2015/10/7, , 17, 25, , 
2015/10/8, , 16, 23, , 
2015/10/9, , 16, 31, , 
2015/10/10, , 29, 21, , 
2015/10/11, , 24, 19, , 
2015/10/12, , 26, 14, , 
2015/10/13, , 9, 29, , 
2015/10/14, , 14, 23, , 
2015/10/15, , 19, 24, , 
2015/10/16, , 20, 24, , 
2015/10/17, , 25, 19, , 
2015/10/18, , 17, 32, , 
2015/10/19, , 15, 23, , 
2015/10/20, , 16, 25, , 
2015/10/21, , 13, 24, , 
2015/10/22, , 15, 30, , 
2015/10/23, , 15, 32, , 
2015/10/24, , 13, 35, , 
2015/10/25, , 23, 15, , 
2015/10/26, , 16, 23, , 
2015/10/27, , 15, 30, , 
2015/10/28, , 26, 20, , 
2015/10/29, , 13, 32, , 
2015/10/30, , 9, 34, , 
2015/10/31, , 30, 18, , 
2015/11/1, , 33, 10, , 
2015/11/2, , 30, 12, , 
2015/11/3, , 21, 29, , 
2015/11/4, , 16, 29, , 
2015/11/5, , 13, 35, , 
2015/11/6, , 4, 43, , 
2015/11/7, , 6, 39, , 
2015/11/8, , 21, 24, , 
2015/11/9, , 17, 28, , 
2015/11/10, , 8, 42, , 
2015/11/11, , 7, 34, , 
2015/11/12, , 12, 26, , 
2015/11/13, , 16, 21, , 
2015/11/14, , 14, 12, , 
2015/11/15, , 6, 33, , 
2015/11/16, , 8, 33, , 
2015/11/17, , 2, 27, , 
2015/11/18, , 2, 52, , 
2015/11/19, , 2, 40, , 
2015/11/20, , 10, 17, , 
2015/11/21, , 23, 3, , 
2015/11/22, , 22, 9, , 
2015/11/23, , 19, 21, , 
2015/11/24, , 15, 28, , 
2015/11/25, , 14, 27, , 
2015/11/26, , 9, 30, , 
2015/11/27, , 8, 34, , 
2015/11/28, , 11, 23, , 
2015/11/30, , 12, 40, , 
2015/12/1, , 5, 42, , 
2015/12/2, , 3, 49, , 
2015/12/3, , 8, 36, , 
2015/12/4, , 8, 42, , 
2015/12/5, , 4, 38, , 
2015/12/6, , 17, 27, , 
2015/12/7, , 7, 34, , 
2015/12/8, , 21, 25, , 
2015/12/9, , 9, 28, , 
2015/12/10, , 8, 32, , 
2015/12/11, , 8, 31, , 
2015/7/1, , 29, 26, , 
2015/7/2, , 31, 35, , 
2015/7/3, , 31, 40, , 
2015/7/4, , 37, 21, , 
2015/7/5, , 47, 42, , 
2015/7/6, , 33, 40, , 
2015/7/7, , 33, 28, , 
2015/7/8, , 25, 9, , 
2015/7/9, , 28, , , 
2015/7/13, , 22, 28, , 
2015/7/14, , 25, 31, , 
2015/7/15, , 27, 33, , 
2015/7/16, , 30, 30, , 
2015/7/17, , 23, 18, , 
2015/7/18, , 28, 14, , 
2015/7/19, , 34, 26, , 
2015/7/20, , 24, 27, , 
2015/7/21, , 22, 26, , 
2015/7/22, , 37, 19, , 
2015/7/23, , 31, 19, , 
2015/7/24, , 27, 15, , 
2015/7/25, , 27, 9, , 
2015/7/26, , 33, 16, , 
2015/7/27, , 19, 24, , 
2015/7/28, , 16, 18, , 
2015/7/29, , 22, 16, , 
2015/7/30, , 23, 27, , 
2015/7/31, , 36, 18, , 
2015/8/1, , 34, 13, , 
2015/8/2, , 41, 23, , 
2015/8/3, , 32, 24, , 
2015/8/4, , 33, 36, , 
2015/8/5, , 27, 27, , 
2015/8/6, , 29, 28, , 
2015/8/7, , 22, 22, , 
2015/8/8, , 28, 14, , 
2015/8/9, , 32, 22, , 
2015/8/10, , 29, 21, , 
2015/8/11, , 33, 24, , 
2015/8/12, , 27, 23, , 
2015/8/13, , 30, 19, , 
2015/8/14, , 32, 13, , 
2015/8/15, , 29, 15, , 
2015/8/16, , 32, 14, , 
2015/8/17, , 30, 20, , 
2015/8/18, , 23, 19, , 
2015/8/19, , 34, 19, , 
2015/8/20, , 29, 15, , 
2015/8/21, , 30, 15, , 
2015/8/22, , 31, 9, , 
2015/8/23, , 35, 11, , 
2015/8/24, , 29, 16, , 
2015/8/25, , 24, 12, , 
2015/8/26, , 28, 16, , 
2015/8/27, , 27, 20, , 
2015/8/28, , 22, 11, , 
2015/8/29, , 27, 10, , 
2015/8/30, , 28, 26, , 
2015/8/31, , 26, 22, , 
2015/9/1, , 26, 22, , 
2015/9/2, , 27, 17, , 
2015/9/3, , 32, 25, , 
2015/9/4, , 22, 16, , 
2015/9/5, , 30, 13, , 
2015/9/6, , 31, 19, , 
2015/9/7, , 26, 23, , 
2015/9/8, , 29, 30, , 
2015/9/9, , 28, 30, , 
2015/9/10, , 25, 19, , 
2015/9/11, , 30, 16, , 
2015/9/12, , 36, 19, , 
2015/9/13, , 36, 18, , 
2015/9/14, , 24, 24, , 
2015/9/15, , 26, , , 
2015/9/23, , 22, 17, , 
2015/9/24, , 30, 31, , 
2015/9/25, , 27, 25, , 
2015/9/26, , 26, 18, , 
2015/9/27, , 30, 20, , 
2015/9/28, , 27, 20, , 
2015/9/29, , 28, 19, , 
2015/9/30, , 26, 30, , 
2015/4/1, , 22, 42, , 
2015/4/2, , 3, 11, , 
2015/4/3, , 32, 11, , 
2015/4/4, , 32, 10, , 
2015/4/5, , 31, 7, , 
2015/4/6, , 34, 17, , 
2015/4/7, , 34, 29, , 
2015/4/8, , 32, 29, , 
2015/4/9, , 31, 27, , 
2015/4/10, , 34, 14, , 
2015/4/11, , 40, 17, , 
2015/4/12, , 43, 43, , 
2015/4/13, , 29, 44, , 
2015/4/14, , 20, 29, , 
2015/4/15, , 33, 29, , 
2015/4/16, , 27, 26, , 
2015/4/17, , 24, 28, , 
2015/4/18, , 31, 11, , 
2015/4/19, , 33, 27, , 
2015/4/20, , 22, 29, , 
2015/4/21, , 26, 34, , 
2015/4/22, , 19, 31, , 
2015/4/23, , 28, 29, , 
2015/4/24, , 30, 17, , 
2015/4/25, , 32, 19, , 
2015/4/26, , 26, 13, , 
2015/4/27, , 25, 18, , 
2015/4/28, , 30, 23, , 
2015/4/29, , 31, 21, , 
2015/4/30, , 28, 17, , 
2015/5/1, , 35, 23, , 
2015/5/2, , 30, 18, , 
2015/5/3, , 37, 22, , 
2015/5/4, , 33, 28, , 
2015/5/5, , 26, 33, , 
2015/5/6, , 26, 31, , 
2015/5/7, , 29, 27, , 
2015/5/8, , 29, 18, , 
2015/5/9, , 37, 16, , 
2015/5/10, , 36, 35, , 
2015/5/11, , 29, 37, , 
2015/5/12, , 23, 29, , 
2015/5/13, , 30, 30, , 
2015/5/14, , 28, 14, , 
2015/5/15, , 32, 14, , 
2015/5/16, , 38, 23, , 
2015/5/17, , 39, 29, , 
2015/5/18, , 33, 29, , 
2015/5/19, , 21, 18, , 
2015/5/20, , 23, 18, , 
2015/5/21, , 30, 21, , 
2015/5/22, , 29, 17, , 
2015/5/23, , 34, 17, , 
2015/5/24, , 36, 36, , 
2015/5/25, , 28, 18, , 
2015/5/26, , 30, 19, , 
2015/5/27, , 30, 20, , 
2015/5/28, , 33, 26, , 
2015/5/29, , 30, 20, , 
2015/5/30, , 35, 19, , 
2015/5/31, , 35, 16, , 
2015/6/1, , 40, 25, , 
2015/6/2, , 30, 33, , 
2015/6/3, , 27, 39, , 
2015/6/4, , 26, 33, , 
2015/6/5, , 30, 29, , 
2015/6/6, , 50, 20, , 
2015/6/7, , 46, 33, , 
2015/6/8, , 39, 33, , 
2015/6/9, , 31, 26, , 
2015/6/10, , 46, 19, , 
2015/6/11, , 39, 25, , 
2015/6/12, , 33, 12, , 
2015/6/13, , 40, 11, , 
2015/6/14, , 23, 19, , 
2015/6/15, , 33, 23, , 
2015/6/16, , 36, 24, , 
2015/6/17, , 29, 25, , 
2015/6/18, , 35, 26, , 
2015/6/19, , 37, 21, , 
2015/6/20, , 43, 18, , 
2015/6/21, , 36, 20, , 
2015/6/22, , 35, 25, , 
2015/6/23, , 34, 14, , 
2015/6/24, , 33, 26, , 
2015/6/25, , 39, 26, , 
2015/6/26, , 33, 21, , 
2015/6/27, , 37, 20, , 
2015/6/28, , 31, 34, , 
2015/6/29, , 34, 33, , 
2015/6/30, , 34, 44, , 
2015/1/1, , 20, 41, 2, 
2015/1/2, , 7, 29, 1, 
2015/1/3, , 16, 26, 1, 
2015/1/4, , 13, 37, 2, 
2015/1/5, , 4, 19, 1, 
2015/1/6, , 15, 34, 5, 
2015/1/7, , 6, 33, 1, 
2015/1/8, , 5, 28, 1, 
2015/1/9, , 7, 35, 1, 
2015/1/10, , 4, 24, 1, 
2015/1/11, , 11, 32, 2, 
2015/1/12, , 14, 35, 2, 
2015/1/13, , 13, 31, 1, 
2015/1/14, , 16, 29, 2, 
2015/1/15, , 15, 26, 1, 
2015/1/16, , 13, 17, 1, 
2015/1/17, , 21, 21, 1, 
2015/1/18, , 20, 27, 4, 
2015/1/19, , 17, 17, 1, 
2015/1/20, , 15, , , 
2015/1/22, , 11, 19, , 
2015/1/23, , 16, 8, , 
2015/1/24, , 26, 18, , 
2015/1/25, , 30, 23, , 
2015/1/26, , 19, 27, , 
2015/1/27, , 14, 27, , 
2015/1/28, , 14, 20, , 
2015/1/29, , 17, 12, , 
2015/1/30, , 25, 9, , 
2015/1/31, , 26, 6, , 
2015/2/1, , 28, 23, , 
2015/2/2, , 22, 24, , 
2015/2/3, , 18, 19, , 
2015/2/4, , 21, 23, , 
2015/2/5, , 19, 20, , 
2015/2/6, , 12, , , 
2015/2/11, , 6, 42, , 
2015/2/12, , 5, 33, , 
2015/2/13, , 17, 21, , 
2015/2/14, , 7, 17, , 
2015/2/17, , 8, 27, , 
2015/2/18, , 20, 25, , 
2015/2/19, , 27, 35, , 
2015/2/20, , 19, 22, , 
2015/2/21, , 26, 14, , 
2015/2/22, , 32, 26, , 
2015/2/23, , 20, 12, , 
2015/2/24, , 31, 20, , 
2015/2/25, , 26, 34, , 
2015/2/26, , 14, 24, , 
2015/2/27, , 20, 19, , 
2015/2/28, , 23, 27, , 
2015/3/1, , 20, 17, , 
2015/3/2, , 16, 22, , 
2015/3/3, , 22, 25, , 
2015/3/4, , 16, 21, , 
2015/3/5, , 27, 28, , 
2015/3/6, , 21, 24, , 
2015/3/7, , 27, 23, , 
2015/3/8, , 33, 40, , 
2015/3/9, , 19, 43, , 
2015/3/10, , 24, 58, , 
2015/3/11, , 16, 36, , 
2015/3/12, , 33, 27, , 
2015/3/13, , 33, 17, , 
2015/3/14, , 30, 21, , 
2015/3/15, , 26, 23, , 
2015/3/16, , 25, 22, , 
2015/3/17, , 29, 13, , 
2015/3/18, , 32, 16, , 
2015/3/19, , 33, 12, , 
2015/3/20, , 38, , , 
2015/3/22, , 17, 8, , 
2015/3/23, , 32, 19, , 
2015/3/24, , 24, 23, , 
2015/3/25, , 20, 27, , 
2015/3/26, , 24, 31, , 
2015/3/27, , 16, 20, , 
2015/3/28, , 20, , , 
2015/3/30, , 15, 21, , 
2015/3/31, , 25, 19, , 
2014/10/1, , 8, 34, 1, 
2014/10/2, , 20, 32, 12, 
2014/10/3, , 25, 26, 1, 
2014/10/4, , 36, 13, 1, 
2014/10/5, , 32, 27, 1, 
2014/10/6, , 21, 33, 1, 
2014/10/7, , 21, 36, 1, 
2014/10/8, , 21, 32, 2, 
2014/10/9, , 21, 31, 1, 
2014/10/10, , 12, 14, , 
2014/10/11, , 25, 16, , 
2014/10/12, , 23, 20, , 
2014/10/13, , 23, 28, 6, 
2014/10/14, , 17, 22, 1, 
2014/10/15, , 18, 20, 1, 
2014/10/16, , 16, 30, 2, 
2014/10/17, , 10, 29, , 
2014/10/18, , 21, 20, 1, 
2014/10/19, , 30, 33, 5, 
2014/10/20, , 14, 34, 1, 
2014/10/21, , 19, 19, 1, 
2014/10/22, , 21, 29, 5, 
2014/10/23, , 15, 49, 3, 
2014/10/24, , 3, 41, 1, 
2014/10/25, , 15, 14, 1, 
2014/10/26, , 28, 20, 1, 
2014/10/27, , 27, 23, 1, 
2014/10/28, , 24, 32, 2, 
2014/10/29, , 18, 35, 1, 
2014/10/30, , 16, 25, 2, 
2014/10/31, , 21, 21, 2, 
2014/11/1, , 25, 23, , 
2014/11/2, , 7, , , 
2014/11/4, , 27, 22, 1, 
2014/11/5, , 16, 22, 2, 
2014/11/6, , 14, 22, 1, 
2014/11/7, , 13, 26, , 
2014/11/8, , 12, 19, , 
2014/11/9, , 12, 25, 1, 
2014/11/10, , 13, 33, 2, 
2014/11/11, , 16, 20, 1, 
2014/11/12, , 17, 28, 1, 
2014/11/13, , 14, 45, 3, 
2014/11/14, , 2, 13, , 
2014/11/15, , 23, 9, 3, 
2014/11/16, , 23, 19, 2, 
2014/11/17, , 22, 24, 2, 
2014/11/18, , 16, 27, 3, 
2014/11/19, , 20, 33, 4, 
2014/11/20, , 15, 30, 1, 
2014/11/21, , 15, 23, , 
2014/11/22, , 13, 15, , 
2014/11/23, , 21, 24, 3, 
2014/11/24, , 15, 22, 1, 
2014/11/25, , 11, 31, , 
2014/11/26, , 9, 33, 3, 
2014/11/27, , 9, 23, 2, 
2014/11/28, , 19, 12, , 
2014/11/29, , 24, 10, , 
2014/11/30, , 22, 25, 4, 
2014/12/1, , 18, 21, 1, 
2014/12/2, , 10, 19, , 
2014/12/3, , 10, 19, 6, 
2014/12/4, , 13, 16, 1, 
2014/12/5, , 9, 13, , 
2014/12/6, , 14, 14, 1, 
2014/12/7, , 19, 22, 3, 
2014/12/8, , 15, 16, 1, 
2014/12/9, , 23, 28, 1, 
2014/12/10, , 24, 24, 1, 
2014/12/11, , 13, 25, 1, 
2014/12/12, , 17, 30, 2, 
2014/12/13, , 13, 30, 1, 
2014/12/14, , 14, 26, 2, 
2014/12/15, , 16, 20, 3, 
2014/12/16, , 13, 24, 1, 
2014/12/17, , 10, 27, 11, 
2014/12/18, , 9, 27, 2, 
2014/12/19, , 4, 17, 1, 
2014/12/20, , 10, 24, 1, 
2014/12/21, , 6, 31, 3, 
2014/12/22, , 1, 37, 3, 
2014/12/23, , 4, 36, 2, 
2014/12/24, , 4, 29, 2, 
2014/12/25, , 16, 17, , 
2014/12/26, , 15, 14, 1, 
2014/12/27, , 15, 10, , 
2014/12/28, , 26, , , 
2014/9/25, , 23, 27, 2, 
2014/9/26, , 21, 20, 1, 
2014/9/27, , 34, 17, , 
2014/9/28, , 28, 30, 2, 
2014/9/29, , 18, 27, 1, 
2014/9/30, , 20, 32, 2, 
2015/7/12, , , 23, , 
2015/9/22, , , 22, , 
2014/12/31, , , 19, , 
2015/1/21, , , 25, , 
2015/2/10, , , 55, , 
2015/2/15, , , 35, , 
2015/2/16, , , 34, , 
2015/3/21, , , 23, , 
2015/3/29, , , 27, , 
2014/11/3, , , 17, 1, 
2014/9/24, , , 24, 7, 