date,pm10,no2,year,month,day,tmed,prec,tmin,tmax,dir,velmedia,racha,sol,presmax,presmin,week,season,season_name,estado_trafico,diadelasemana,findesemana
2018-01-01,10.0,24.0,2018,1,1,12.8,0.0,10.2,10.2,31.0,4.2,18.1,5.1,1027.2,1017.9,1,1,Winter,1.5016106301590495,0,0
2018-01-02,11.0,10.0,2018,1,2,14.6,0.0,11.4,11.4,30.0,3.3,10.3,3.1,1025.4,1022.2,1,1,Winter,1.855360997841209,1,0
2018-01-03,10.0,7.0,2018,1,3,17.9,0.0,14.0,14.0,31.0,3.9,18.3,1.9,1023.0,1018.7,1,1,Winter,1.9146625914903883,2,0
2018-01-04,11.0,14.0,2018,1,4,19.2,0.0,16.4,16.4,31.0,5.0,20.0,5.9,1019.0,1015.1,1,1,Winter,1.9175872208535325,3,0
2018-01-05,10.0,20.0,2018,1,5,16.4,0.0,13.7,13.7,30.0,3.3,13.3,6.4,1015.2,1004.6,1,1,Winter,1.9331711273317116,4,0
2018-01-06,15.0,10.0,2018,1,6,12.4,0.4,10.0,10.0,9.0,7.5,18.9,0.7,1004.6,997.9,1,1,Winter,1.6747435443933498,5,1
2018-01-07,22.0,23.0,2018,1,7,11.8,4.6,8.4,8.4,21.0,3.6,15.0,0.0,1007.8,998.5,1,1,Winter,1.6262537392222418,6,1
2018-01-08,15.0,16.0,2018,1,8,10.8,0.0,7.0,7.0,1.0,3.1,6.4,4.3,1013.0,1007.8,2,1,Winter,1.9458938749297583,0,0
2018-01-09,13.0,14.0,2018,1,9,10.5,0.0,6.6,6.6,33.0,2.5,9.4,5.9,1017.8,1013.0,2,1,Winter,1.9670284828205336,1,0
2018-01-10,10.0,15.0,2018,1,10,10.6,0.0,6.4,6.4,27.0,3.3,9.7,4.8,1016.7,1012.5,2,1,Winter,2.004945678611967,2,0
2018-01-11,23.712691771269174,23.0,2018,1,11,11.2,0.0,8.7,8.7,33.0,1.4,8.6,6.2,1018.7,1012.2,2,1,Winter,2.004905114184625,3,0
2018-01-12,11.0,28.0,2018,1,12,9.8,0.0,6.0,6.0,35.0,2.8,7.5,6.6,1023.4,1018.7,2,1,Winter,2.0526491726558582,4,0
2018-01-13,19.0,13.0,2018,1,13,9.2,5.9,4.5,4.5,20.0,3.3,11.9,2.0,1022.8,1014.4,2,1,Winter,1.759716362983574,5,1
2018-01-14,15.0,18.0,2018,1,14,10.2,0.0,8.1,8.1,23.0,2.5,7.5,6.0,1020.5,1012.9,2,1,Winter,1.5753141999624836,6,1
2018-01-15,9.0,18.0,2018,1,15,9.6,0.0,6.4,6.4,29.0,3.3,9.7,6.6,1025.0,1020.4,3,1,Winter,1.9759966072943167,0,0
2018-01-16,10.0,4.0,2018,1,16,13.2,0.0,9.4,9.4,32.0,2.8,11.9,6.9,1022.7,1016.1,3,1,Winter,2.0001666111296235,1,0
2018-01-17,12.0,28.0,2018,1,17,13.8,1.4,11.1,11.1,99.0,3.1,16.4,7.0,1025.8,1013.8,3,1,Winter,1.9902104747919729,2,0
2018-01-18,13.0,27.0,2018,1,18,12.0,0.0,9.6,9.6,27.0,2.5,6.9,7.0,1025.8,1019.7,3,1,Winter,2.019985376553741,3,0
2018-01-19,19.0,12.0,2018,1,19,10.0,0.0,7.0,7.0,36.0,1.7,8.6,0.4,1020.9,1016.7,3,1,Winter,2.008444375581035,4,0
2018-01-20,24.0,8.0,2018,1,20,12.8,0.0,8.8,8.8,26.0,3.1,13.3,6.9,1022.0,1015.2,3,1,Winter,1.8024934900970568,5,1
2018-01-21,8.0,14.0,2018,1,21,18.2,0.0,14.4,14.4,31.0,2.5,17.8,6.0,1020.6,1014.9,3,1,Winter,1.6135488192932508,6,1
2018-01-22,10.0,21.0,2018,1,22,16.4,0.0,12.8,12.8,34.0,2.5,11.4,7.0,1023.7,1019.6,4,1,Winter,1.9575650027004092,0,0
2018-01-23,17.0,25.0,2018,1,23,13.6,0.0,10.3,10.3,33.0,1.9,6.1,6.8,1028.3,1023.1,4,1,Winter,1.99813098668328,1,0
2018-01-24,21.0,28.0,2018,1,24,12.0,0.0,8.1,8.1,24.0,2.8,6.7,7.6,1028.3,1024.8,4,1,Winter,2.004802927498666,2,0
2018-01-25,20.0,10.0,2018,1,25,12.4,17.0,10.9,10.9,24.0,3.6,7.8,0.0,1024.8,1013.6,4,1,Winter,2.0221214726803716,3,0
2018-01-26,16.0,17.641379310344828,2018,1,26,10.0,20.3,7.0,7.0,10.0,1.9,11.9,0.0,1021.3,1010.2,4,1,Winter,2.14540059347181,4,0
2018-01-27,23.712691771269174,17.641379310344828,2018,1,27,10.6,0.0,7.9,7.9,8.0,3.1,12.8,3.5,1033.1,1021.2,4,1,Winter,1.741270509045015,5,1
2018-01-28,23.712691771269174,35.0,2018,1,28,12.8,0.0,10.9,10.9,5.0,3.6,8.3,7.7,1037.0,1032.0,4,1,Winter,1.59020965570302,6,1
2018-01-29,19.0,34.0,2018,1,29,11.4,0.0,7.8,7.8,21.0,3.3,7.5,8.2,1036.4,1031.3,5,1,Winter,1.979517562420652,0,0
2018-01-30,22.0,29.0,2018,1,30,10.9,0.0,7.5,7.5,22.0,2.8,6.4,8.1,1031.8,1026.7,5,1,Winter,1.9972479359519641,1,0
2018-01-31,24.0,27.0,2018,1,31,10.6,0.0,5.7,5.7,26.0,3.6,11.4,8.3,1027.3,1016.1,5,1,Winter,2.0158782666225603,2,0
2018-02-01,19.0,24.0,2018,2,1,8.6,6.6,6.2,6.2,12.0,3.3,13.3,0.0,1016.1,1006.2,5,1,Winter,2.070263909900824,3,0
2018-02-02,9.0,10.0,2018,2,2,8.6,0.0,6.2,6.2,35.0,1.4,7.5,0.9,1009.0,1004.4,5,1,Winter,2.070391061452514,4,0
2018-02-03,7.0,12.0,2018,2,3,8.4,0.0,4.9,4.9,30.0,3.3,14.2,6.1,1012.6,1008.8,5,1,Winter,1.7490497581202489,5,1
2018-02-04,8.0,24.0,2018,2,4,8.4,15.5,6.8,6.8,7.0,9.4,18.3,0.0,1011.9,1009.6,5,1,Winter,1.5904957465532414,6,1
2018-02-05,8.0,17.0,2018,2,5,8.6,12.9,6.6,6.6,9.0,5.3,15.0,0.0,1009.6,1006.5,6,1,Winter,2.0471000079560824,0,0
2018-02-06,20.0,11.0,2018,2,6,9.3,0.5,7.2,7.2,8.0,6.1,8.9,0.2,1007.8,1005.0,6,1,Winter,2.0114493884985687,1,0
2018-02-07,15.0,21.0,2018,2,7,7.8,0.0,4.6,4.6,21.0,2.8,8.3,9.0,1016.6,1007.3,6,1,Winter,2.0310917166679654,2,0
2018-02-08,12.0,24.0,2018,2,8,3.6,0.4,1.1,1.1,8.0,2.8,10.0,3.0,1019.4,1016.1,6,1,Winter,2.0680778475614483,3,0
2018-02-09,13.0,18.0,2018,2,9,5.8,0.1,1.2,1.2,22.0,2.8,9.2,6.8,1019.1,1015.2,6,1,Winter,2.0980200989950504,4,0
2018-02-10,4.0,17.0,2018,2,10,8.6,0.0,5.0,5.0,33.0,2.5,11.7,8.8,1017.9,1014.4,6,1,Winter,1.7459114139693357,5,1
2018-02-11,2.0,20.0,2018,2,11,9.6,1.3,4.6,4.6,30.0,2.8,8.9,6.4,1017.6,1012.8,6,1,Winter,1.6472970427575817,6,1
2018-02-12,3.0,20.0,2018,2,12,7.9,15.9,3.2,3.2,99.0,4.2,12.2,0.0,1019.6,1013.8,7,1,Winter,2.051449444314914,0,0
2018-02-13,8.0,24.0,2018,2,13,6.4,0.0,2.4,2.4,29.0,3.3,11.7,4.8,1019.9,1012.8,7,1,Winter,2.0102483611854858,1,0
2018-02-14,13.0,28.0,2018,2,14,7.7,0.0,4.3,4.3,32.0,2.2,7.8,0.0,1018.3,1014.2,7,1,Winter,2.0078451009848104,2,0
2018-02-15,31.0,31.0,2018,2,15,11.9,0.0,8.1,8.1,21.0,1.9,5.8,9.3,1024.2,1018.2,7,1,Winter,2.0398197460057355,3,0
2018-02-16,36.0,17.0,2018,2,16,13.6,0.0,10.8,10.8,21.0,1.7,6.4,0.0,1023.9,1020.8,7,1,Winter,2.0780228758169934,4,0
2018-02-17,31.0,14.0,2018,2,17,11.4,0.1,9.6,9.6,8.0,2.8,7.8,1.6,1022.6,1018.7,7,1,Winter,1.7655120228686734,5,1
2018-02-18,16.0,23.0,2018,2,18,11.3,0.0,8.4,8.4,26.0,1.9,7.8,7.3,1022.4,1018.0,7,1,Winter,1.6195970869195118,6,1
2018-02-19,17.0,24.0,2018,2,19,10.8,0.0,8.4,8.4,99.0,2.2,5.3,2.9,1018.0,1014.0,8,1,Winter,2.020827722416734,0,0
2018-02-20,20.0,20.0,2018,2,20,12.8,0.0,10.3,10.3,20.0,3.3,7.2,2.5,1014.1,1008.0,8,1,Winter,2.0218036072144288,1,0
2018-02-21,28.0,19.0,2018,2,21,10.6,0.0,6.1,6.1,9.0,5.8,17.5,4.5,1008.9,1005.5,8,1,Winter,2.037925753045001,2,0
2018-02-22,22.0,24.0,2018,2,22,7.2,0.0,4.1,4.1,11.0,3.9,9.4,8.0,1007.4,1004.8,8,1,Winter,2.016348572274005,3,0
2018-02-23,27.0,26.0,2018,2,23,7.8,0.0,5.2,5.2,20.0,3.6,8.9,5.9,1007.6,1005.6,8,1,Winter,2.104126679462572,4,0
2018-02-24,28.0,28.0,2018,2,24,7.8,0.0,4.1,4.1,22.0,2.8,9.2,9.6,1009.9,1007.0,8,1,Winter,1.8120564415129,5,1
2018-02-25,30.0,19.0,2018,2,25,10.8,0.0,7.0,7.0,8.0,1.4,10.3,9.1,1009.9,1006.9,8,1,Winter,1.686078907162757,6,1
2018-02-26,33.0,18.0,2018,2,26,6.4,0.1,2.4,2.4,9.0,6.4,17.2,0.2,1009.1,1005.7,9,1,Winter,2.0590004627487275,0,0
2018-02-27,21.0,22.0,2018,2,27,2.7,3.4,0.8,0.8,8.0,2.8,11.9,0.0,1010.3,1008.5,9,1,Winter,2.0229555236728842,1,0
2018-02-28,14.0,29.0,2018,2,28,3.8,7.6,0.1,0.1,9.0,3.9,12.8,0.0,1009.4,997.3,9,1,Winter,1.927439919635268,2,0
2018-03-01,19.0,17.0,2018,3,1,10.8,0.8,7.1,7.1,27.0,3.9,11.1,0.6,997.4,987.4,9,2,Spring,2.1310537018904867,3,0
2018-03-02,20.0,23.0,2018,3,2,12.4,3.0,9.7,9.7,29.0,5.8,24.2,4.4,1002.1,989.6,9,2,Spring,2.202225886232481,4,0
2018-03-03,11.0,25.0,2018,3,3,14.4,0.0,10.2,10.2,27.0,4.2,16.4,4.3,1001.8,994.8,9,2,Spring,1.8075689016865488,5,1
2018-03-04,17.0,27.0,2018,3,4,12.8,1.2,10.3,10.3,9.0,3.1,8.3,2.0,999.0,995.0,9,2,Spring,1.663185137258527,6,1
2018-03-05,18.0,15.0,2018,3,5,12.2,3.5,9.4,9.4,32.0,2.8,14.4,4.3,998.0,989.4,10,2,Spring,2.043247791333614,0,0
2018-03-06,12.0,23.0,2018,3,6,13.3,0.0,9.1,9.1,26.0,5.0,14.7,9.1,1000.3,991.6,10,2,Spring,2.0430552177085866,1,0
2018-03-07,11.0,29.0,2018,3,7,12.4,0.0,8.3,8.3,33.0,3.9,10.8,9.8,1011.5,1000.3,10,2,Spring,2.0874258780599058,2,0
2018-03-08,14.0,30.0,2018,3,8,11.7,0.0,8.2,8.2,23.0,3.6,11.4,1.0,1011.9,1008.6,10,2,Spring,2.111347941000938,3,0
2018-03-09,25.0,20.0,2018,3,9,12.4,0.0,9.8,9.8,20.0,3.1,9.4,9.2,1012.9,1009.0,10,2,Spring,2.089819402269458,4,0
2018-03-10,29.0,16.0,2018,3,10,16.1,0.7,12.2,12.2,25.0,3.9,12.2,8.6,1009.1,1002.0,10,2,Spring,1.8043231935849384,5,1
2018-03-11,22.0,12.0,2018,3,11,15.6,0.0,12.7,12.7,25.0,4.7,16.1,5.2,1002.3,998.5,10,2,Spring,1.945907346246541,6,1
2018-03-12,12.0,28.0,2018,3,12,15.4,0.0,11.7,11.7,30.0,3.6,17.5,8.1,1015.0,1002.2,11,2,Spring,2.016988143691382,0,0
2018-03-13,16.0,29.0,2018,3,13,12.8,0.0,9.8,9.8,26.0,3.6,10.0,1.5,1015.8,1013.3,11,2,Spring,2.004737433756223,1,0
2018-03-14,26.0,21.0,2018,3,14,11.3,0.3,8.1,8.1,22.0,3.3,7.8,4.7,1014.6,1000.5,11,2,Spring,2.0730346166289233,2,0
2018-03-15,24.0,20.0,2018,3,15,16.0,0.0,12.4,12.4,27.0,3.6,11.7,6.4,1002.2,997.2,11,2,Spring,2.0635858234885336,3,0
2018-03-16,17.0,11.0,2018,3,16,14.1,0.0,11.3,11.3,29.0,3.6,10.6,9.0,1003.8,999.8,11,2,Spring,2.082513792276325,4,0
2018-03-17,14.0,12.0,2018,3,17,11.6,0.5,7.7,7.7,24.0,4.7,13.6,5.2,1002.2,995.5,11,2,Spring,1.8355567413731768,5,1
2018-03-18,7.0,23.0,2018,3,18,10.3,0.0,6.4,6.4,32.0,4.2,10.8,11.0,1005.3,996.5,11,2,Spring,1.6930096904694705,6,1
2018-03-19,12.0,16.0,2018,3,19,10.2,25.1,5.3,5.3,23.0,3.1,13.9,7.4,1006.7,999.6,12,2,Spring,2.0315727103436596,0,0
2018-03-20,15.0,17.0,2018,3,20,7.4,0.0,2.5,2.5,31.0,3.6,12.2,3.7,1014.5,1000.0,12,2,Spring,2.0879707029695087,1,0
2018-03-21,13.0,22.0,2018,3,21,9.0,0.0,5.3,5.3,33.0,4.4,10.0,10.8,1020.6,1014.3,12,2,Spring,2.0351796975913685,2,0
2018-03-22,18.0,17.0,2018,3,22,11.0,0.0,5.5,5.5,30.0,4.4,11.4,11.1,1020.1,1011.8,12,2,Spring,2.0555077115791116,3,0
2018-03-23,19.0,22.0,2018,3,23,12.2,2.6,8.0,8.0,34.0,2.2,7.8,10.7,1011.9,998.8,12,2,Spring,2.1355944460514897,4,0
2018-03-24,18.0,13.0,2018,3,24,8.7,31.4,6.7,6.7,32.0,3.1,12.8,0.0,1001.5,993.1,12,2,Spring,1.7503766061143111,5,1
2018-03-25,7.0,17.0,2018,3,25,10.6,0.0,8.4,8.4,35.0,1.9,8.9,0.1,1012.1,1001.4,12,2,Spring,1.6467878486055776,6,1
2018-03-26,14.0,19.0,2018,3,26,12.9,1.9,8.3,8.3,22.0,3.6,8.3,9.2,1019.8,1012.1,13,2,Spring,1.924634334103156,0,0
2018-03-27,13.0,23.0,2018,3,27,11.6,0.0,8.8,8.8,22.0,4.4,9.2,9.3,1021.3,1017.5,13,2,Spring,1.885956964892412,1,0
2018-03-28,21.0,18.0,2018,3,28,15.4,0.0,11.1,11.1,26.0,3.6,12.8,11.5,1017.5,1009.9,13,2,Spring,1.9202429149797569,2,0
2018-03-29,23.0,11.0,2018,3,29,13.2,0.0,10.7,10.7,22.0,3.1,8.1,10.4,1010.3,1006.5,13,2,Spring,1.8044298288035596,3,0
2018-03-30,16.0,7.0,2018,3,30,15.0,0.0,11.0,11.0,27.0,3.6,16.1,9.5,1006.5,1000.5,13,2,Spring,1.50512715340443,4,0
2018-03-31,12.0,8.0,2018,3,31,13.2,0.0,9.1,9.1,32.0,7.8,18.9,8.7,1014.9,999.3,13,2,Spring,1.5901203966005666,5,1
2018-04-01,9.0,17.0,2018,4,1,11.6,0.0,8.7,8.7,24.0,4.2,9.2,11.1,1018.5,1014.4,13,2,Spring,1.5854885691587959,6,1
2018-04-02,12.0,20.0,2018,4,2,13.2,0.0,9.5,9.5,8.0,3.3,8.6,6.8,1014.4,1008.0,14,2,Spring,1.5605119518162995,0,0
2018-04-03,21.0,17.0,2018,4,3,14.2,0.0,12.1,12.1,25.0,3.6,10.6,9.2,1009.4,1006.4,14,2,Spring,1.981260647359455,1,0
2018-04-04,33.0,20.0,2018,4,4,17.7,0.0,13.1,13.1,30.0,4.2,14.7,11.4,1015.3,1007.3,14,2,Spring,2.059479553903346,2,0
2018-04-05,29.0,22.0,2018,4,5,14.6,0.0,12.0,12.0,9.0,3.6,8.3,10.7,1020.0,1015.3,14,2,Spring,2.0621792487913724,3,0
2018-04-06,26.0,5.0,2018,4,6,13.2,0.1,10.2,10.2,8.0,2.8,9.7,4.3,1017.7,1012.6,14,2,Spring,2.1483691653723533,4,0
2018-04-07,22.0,8.0,2018,4,7,13.9,0.2,12.7,12.7,9.0,9.2,15.6,0.7,1012.8,1005.9,14,2,Spring,1.7694290624403284,5,1
2018-04-08,24.0,16.0,2018,4,8,13.6,6.0,11.9,11.9,9.0,4.7,11.1,0.0,1005.9,1002.4,14,2,Spring,1.6075394506136762,6,1
2018-04-09,14.0,16.0,2018,4,9,12.8,0.1,10.2,10.2,30.0,3.3,11.7,8.6,1007.9,1005.2,15,2,Spring,2.0330100391356134,0,0
2018-04-10,15.0,10.0,2018,4,10,12.2,18.7,9.5,9.5,20.0,4.7,11.4,7.6,1007.0,996.3,15,2,Spring,2.0490129913953097,1,0
2018-04-11,24.0,20.0,2018,4,11,11.4,1.9,8.9,8.9,14.0,6.4,20.0,6.1,996.6,991.6,15,2,Spring,2.130498414505244,2,0
2018-04-12,22.0,21.0,2018,4,12,12.2,0.1,8.8,8.8,20.0,5.0,10.3,8.8,1004.5,996.2,15,2,Spring,2.069250689165483,3,0
2018-04-13,20.0,15.0,2018,4,13,12.6,0.9,11.0,11.0,15.0,4.7,9.4,0.4,1014.2,1004.3,15,2,Spring,2.123416393992785,4,0
2018-04-14,22.0,16.0,2018,4,14,13.4,7.7,12.2,12.2,34.0,2.2,9.4,0.0,1016.6,1013.4,15,2,Spring,1.8440453686200375,5,1
2018-04-15,23.712691771269174,24.0,2018,4,15,17.2,0.0,13.3,13.3,22.0,3.6,8.9,9.8,1014.9,1010.4,15,2,Spring,1.8017841213202497,6,1
2018-04-16,27.0,31.0,2018,4,16,15.0,0.0,13.0,13.0,7.0,1.7,7.8,0.0,1019.6,1011.2,16,2,Spring,2.042472566511408,0,0
2018-04-17,23.0,26.0,2018,4,17,17.4,0.0,13.9,13.9,22.0,3.1,7.2,12.4,1024.1,1019.6,16,2,Spring,2.084874588294908,1,0
2018-04-18,27.0,18.0,2018,4,18,19.0,0.0,14.3,14.3,10.0,1.9,6.7,12.1,1025.9,1023.4,16,2,Spring,2.099320815021973,2,0
2018-04-19,30.0,23.0,2018,4,19,17.8,0.0,14.6,14.6,99.0,3.6,6.7,11.6,1025.3,1023.3,16,2,Spring,2.0679315999063013,3,0
2018-04-20,34.0,32.0,2018,4,20,17.0,0.0,14.1,14.1,1.0,2.2,4.7,11.6,1023.8,1021.1,16,2,Spring,2.115071824884092,4,0
2018-04-21,42.0,31.0,2018,4,21,17.2,0.0,13.5,13.5,23.0,3.1,6.9,11.5,1021.2,1018.1,16,2,Spring,1.8029564652371668,5,1
2018-04-22,52.0,26.0,2018,4,22,17.9,0.0,14.4,14.4,22.0,3.1,8.6,9.0,1018.8,1016.2,16,2,Spring,1.7126875852660302,6,1
2018-04-23,52.0,24.0,2018,4,23,17.6,0.0,14.9,14.9,8.0,1.7,4.7,7.9,1019.7,1017.2,17,2,Spring,2.1018056749785043,0,0
2018-04-24,44.0,23.0,2018,4,24,19.6,0.0,14.9,14.9,1.0,1.7,4.4,11.1,1020.1,1016.8,17,2,Spring,2.0465457685664945,1,0
2018-04-25,45.0,21.0,2018,4,25,19.4,0.0,16.0,16.0,10.0,3.9,8.1,10.5,1017.7,1015.9,17,2,Spring,2.0976450315910395,2,0
2018-04-26,41.0,19.0,2018,4,26,18.7,0.0,16.0,16.0,23.0,3.3,8.1,9.5,1017.5,1013.6,17,2,Spring,2.1241863217516275,3,0
2018-04-27,41.0,14.0,2018,4,27,18.2,0.2,14.3,14.3,20.0,3.1,11.4,10.2,1013.7,1010.9,17,2,Spring,2.2069467175850157,4,0
2018-04-28,35.0,8.0,2018,4,28,17.9,1.7,15.4,15.4,11.0,3.1,6.4,8.8,1012.1,1007.3,17,2,Spring,1.754290959155576,5,1
2018-04-29,33.0,13.0,2018,4,29,16.0,0.8,13.6,13.6,26.0,5.8,18.6,6.0,1011.9,1003.8,17,2,Spring,1.5645661157024793,6,1
2018-04-30,22.0,13.0,2018,4,30,14.8,66.0,12.1,12.1,21.0,5.3,11.9,10.6,1012.9,1011.2,18,2,Spring,1.8993246426888644,0,0
2018-05-01,13.0,16.0,2018,5,1,12.0,5.3,8.5,8.5,34.0,2.5,10.0,4.6,1014.4,1012.0,18,2,Spring,1.5541616885702907,1,0
2018-05-02,10.0,23.0,2018,5,2,12.7,0.0,8.1,8.1,21.0,3.6,7.8,13.1,1012.6,1008.7,18,2,Spring,2.0843804457488764,2,0
2018-05-03,18.0,24.0,2018,5,3,17.6,0.8,12.3,12.3,6.0,3.1,13.6,5.7,1010.2,1006.7,18,2,Spring,2.1256495040151155,3,0
2018-05-04,13.0,17.0,2018,5,4,15.5,0.2,12.8,12.8,33.0,2.5,7.5,0.1,1014.0,1008.5,18,2,Spring,2.1415852505515285,4,0
2018-05-05,23.712691771269174,20.0,2018,5,5,18.2,3.4,15.3,15.3,99.0,2.2,6.9,0.2,1016.9,1012.5,18,2,Spring,1.8386007977907333,5,1
2018-05-06,23.712691771269174,33.0,2018,5,6,18.5,3.2,14.5,14.5,8.0,3.1,8.3,4.9,1018.6,1015.4,18,2,Spring,1.8371007371007368,6,1
2018-05-07,25.0,38.0,2018,5,7,18.0,0.0,15.5,15.5,21.0,2.8,8.3,6.0,1016.0,1011.7,19,2,Spring,2.0891104294478526,0,0
2018-05-08,38.0,25.0,2018,5,8,17.6,0.2,14.8,14.8,21.0,2.5,7.5,4.7,1011.9,1009.1,19,2,Spring,2.0881249454672366,1,0
2018-05-09,33.0,18.0,2018,5,9,17.8,0.0,14.5,14.5,21.0,2.5,7.5,3.9,1010.3,1008.2,19,2,Spring,2.091723906852069,2,0
2018-05-10,31.0,19.0,2018,5,10,17.6,0.0,15.4,15.4,14.0,2.5,6.1,6.5,1018.8,1009.4,19,2,Spring,2.1302711487468997,3,0
2018-05-11,29.0,15.0,2018,5,11,18.0,0.0,15.1,15.1,99.0,5.0,14.2,11.7,1018.3,1015.0,19,2,Spring,2.1987242394504416,4,0
2018-05-12,30.0,9.0,2018,5,12,15.8,12.0,13.0,13.0,21.0,3.1,14.7,1.4,1017.0,1010.8,19,2,Spring,1.8590768671633653,5,1
2018-05-13,20.0,12.0,2018,5,13,12.8,0.0,9.9,9.9,8.0,3.1,11.7,7.3,1016.7,1012.7,19,2,Spring,1.7041759053954175,6,1
2018-05-14,10.0,16.0,2018,5,14,13.6,0.0,10.4,10.4,8.0,4.4,10.0,9.8,1017.9,1013.6,20,2,Spring,2.0608520900321543,0,0
2018-05-15,15.0,19.0,2018,5,15,16.6,0.0,11.9,11.9,10.0,4.4,11.1,11.5,1017.4,1013.7,20,2,Spring,2.0666727471725648,1,0
2018-05-16,25.0,23.0,2018,5,16,16.8,0.0,13.2,13.2,22.0,1.4,5.6,11.6,1016.9,1014.5,20,2,Spring,2.1209478361033405,2,0
2018-05-17,33.0,16.0,2018,5,17,18.5,0.0,15.7,15.7,22.0,1.9,7.2,10.8,1016.6,1015.0,20,2,Spring,2.0994315697420203,3,0
2018-05-18,29.0,18.0,2018,5,18,18.9,0.0,16.6,16.6,9.0,1.4,5.3,10.7,1017.4,1015.3,20,2,Spring,2.141871675531915,4,0
2018-05-19,29.0,10.0,2018,5,19,19.8,0.0,15.3,15.3,19.0,1.9,5.3,10.6,1016.6,1014.6,20,2,Spring,1.809377664109122,5,1
2018-05-20,22.0,13.0,2018,5,20,19.4,0.0,16.0,16.0,13.0,3.1,6.9,11.7,1015.5,1012.4,20,2,Spring,1.6735869764038778,6,1
2018-05-21,21.0,19.0,2018,5,21,18.6,0.0,15.6,15.6,14.0,1.9,6.1,10.5,1012.7,1010.3,21,2,Spring,1.6505587911223043,0,0
2018-05-22,25.0,22.0,2018,5,22,19.4,0.0,16.8,16.8,19.0,3.1,5.6,8.4,1016.7,1010.7,21,2,Spring,2.1109447640059886,1,0
2018-05-23,39.0,15.0,2018,5,23,18.5,0.0,15.6,15.6,21.0,4.2,9.7,11.4,1018.4,1016.1,21,2,Spring,2.141532756489493,2,0
2018-05-24,49.0,16.0,2018,5,24,19.9,0.0,17.3,17.3,27.0,1.9,5.6,10.6,1017.6,1015.6,21,2,Spring,2.151433415536375,3,0
2018-05-25,40.0,4.0,2018,5,25,19.2,1.7,17.0,17.0,8.0,7.2,11.4,9.5,1015.9,1012.8,21,2,Spring,2.2007324330510416,4,0
2018-05-26,35.0,4.0,2018,5,26,19.3,0.0,17.7,17.7,6.0,7.2,12.5,4.0,1015.1,1012.5,21,2,Spring,1.8466127318787284,5,1
2018-05-27,37.0,8.0,2018,5,27,20.0,0.0,18.5,18.5,10.0,6.4,12.5,6.1,1013.5,1010.5,21,2,Spring,1.71997585998793,6,1
2018-05-28,41.0,15.0,2018,5,28,20.0,0.0,18.2,18.2,10.0,3.6,10.0,7.5,1015.3,1011.4,22,2,Spring,2.145029374496026,0,0
2018-05-29,40.0,15.0,2018,5,29,20.8,2.1,18.1,18.1,20.0,5.3,11.7,9.5,1015.0,1012.5,22,2,Spring,2.1572781655034894,1,0
2018-05-30,31.0,14.0,2018,5,30,19.7,0.2,18.4,18.4,20.0,4.7,7.8,8.8,1013.8,1011.8,22,2,Spring,2.102597402597403,2,0
2018-05-31,32.0,13.0,2018,5,31,19.6,0.0,16.7,16.7,20.0,2.2,5.3,12.7,1019.4,1013.8,22,2,Spring,2.1975995635570102,3,0
2018-06-01,33.0,12.0,2018,6,1,20.4,0.0,17.7,17.7,99.0,1.9,5.3,10.0,1019.6,1017.9,22,3,Summer,2.200420635902512,4,0
2018-06-02,24.0,15.0,2018,6,2,20.8,0.0,18.1,18.1,8.0,2.5,5.0,5.2,1018.8,1015.7,22,3,Summer,1.8555435774110625,5,1
2018-06-03,16.0,22.0,2018,6,3,18.3,6.8,16.7,16.7,9.0,4.7,13.9,0.0,1016.8,1011.4,22,3,Summer,1.735566963883635,6,1
2018-06-04,13.0,16.0,2018,6,4,18.5,0.0,15.8,15.8,20.0,3.3,8.1,11.9,1013.0,1010.1,23,3,Summer,2.111143781240812,0,0
2018-06-05,17.0,15.0,2018,6,5,20.2,0.0,17.8,17.8,22.0,2.8,7.8,3.5,1010.9,1008.9,23,3,Summer,2.036919938806731,1,0
2018-06-06,20.0,16.0,2018,6,6,19.2,0.2,16.4,16.4,26.0,2.2,10.3,2.7,1015.0,1010.6,23,3,Summer,2.1205209091644424,2,0
2018-06-07,11.0,23.0,2018,6,7,20.6,1.0,16.9,16.9,21.0,2.2,6.4,5.7,1015.5,1013.4,23,3,Summer,2.151744141668575,3,0
2018-06-08,15.0,18.0,2018,6,8,19.6,0.0,17.0,17.0,20.0,3.9,8.6,11.1,1015.4,1012.4,23,3,Summer,2.1334179535998867,4,0
2018-06-09,20.0,13.0,2018,6,9,21.5,0.0,19.1,19.1,22.0,2.5,8.6,8.9,1014.0,1011.1,23,3,Summer,1.860224457076228,5,1
2018-06-10,18.0,19.0,2018,6,10,22.3,0.1,19.8,19.8,10.0,3.9,10.0,6.7,1012.4,1008.9,23,3,Summer,1.7013765729245838,6,1
2018-06-11,19.0,10.0,2018,6,11,23.2,0.0,20.1,20.1,24.0,5.0,12.8,8.6,1011.4,1008.0,24,3,Summer,2.1103107635315905,0,0
2018-06-12,22.0,12.0,2018,6,12,22.3,0.0,18.9,18.9,26.0,5.3,12.5,6.6,1011.4,1008.3,24,3,Summer,2.0632148055728843,1,0
2018-06-13,25.0,16.0,2018,6,13,22.4,0.0,18.2,18.2,22.0,3.6,9.7,11.4,1013.1,1009.7,24,3,Summer,2.053856562922869,2,0
2018-06-14,25.0,18.0,2018,6,14,21.8,0.0,19.2,19.2,34.0,3.9,8.6,11.9,1014.8,1012.1,24,3,Summer,2.1568553930758654,3,0
2018-06-15,27.0,15.0,2018,6,15,21.6,0.0,19.2,19.2,21.0,3.1,6.4,8.3,1015.6,1013.2,24,3,Summer,2.1986375501368816,4,0
2018-06-16,24.0,11.0,2018,6,16,21.6,0.0,19.6,19.6,21.0,3.3,8.6,9.4,1017.3,1014.4,24,3,Summer,1.8326690286389136,5,1
2018-06-17,21.0,17.0,2018,6,17,22.2,0.0,19.6,19.6,18.0,3.1,6.7,10.1,1020.7,1016.9,24,3,Summer,1.7004756913649923,6,1
2018-06-18,20.0,20.0,2018,6,18,23.4,0.0,20.1,20.1,21.0,2.8,8.3,12.5,1020.5,1018.8,25,3,Summer,2.0834725656619657,0,0
2018-06-19,30.0,19.0,2018,6,19,22.6,0.0,19.7,19.7,12.0,4.2,7.8,12.7,1021.3,1018.6,25,3,Summer,2.1944349020955,1,0
2018-06-20,30.0,35.0,2018,6,20,23.4,0.0,20.0,20.0,3.0,1.7,3.9,12.6,1019.4,1017.4,25,3,Summer,2.1127247579529738,2,0
2018-06-21,34.0,26.0,2018,6,21,23.5,0.0,20.4,20.4,21.0,2.8,7.2,12.1,1018.1,1015.4,25,3,Summer,2.167645729778581,3,0
2018-06-22,41.0,14.0,2018,6,22,24.2,0.0,21.8,21.8,99.0,3.3,8.3,12.0,1017.7,1015.6,25,3,Summer,2.1934238643413524,4,0
2018-06-23,30.0,13.0,2018,6,23,23.0,0.0,21.1,21.1,13.0,3.6,6.4,10.0,1019.0,1017.2,25,3,Summer,1.6716465863453815,5,1
2018-06-24,64.0,12.0,2018,6,24,23.6,0.0,21.4,21.4,15.0,2.8,5.6,10.0,1017.8,1015.3,25,3,Summer,1.5715525470797536,6,1
2018-06-25,25.0,13.0,2018,6,25,23.8,0.0,21.7,21.7,11.0,3.9,8.9,12.2,1017.7,1014.9,26,3,Summer,2.0769428223063597,0,0
2018-06-26,22.0,25.0,2018,6,26,24.0,0.0,21.7,21.7,8.0,3.1,5.6,10.4,1018.2,1016.3,26,3,Summer,2.105843528654217,1,0
2018-06-27,32.0,20.0,2018,6,27,25.0,0.0,21.9,21.9,22.0,3.9,11.4,9.8,1017.2,1012.9,26,3,Summer,2.1414767810787425,2,0
2018-06-28,36.0,15.0,2018,6,28,23.6,0.9,21.1,21.1,20.0,3.1,8.3,6.5,1012.9,1009.3,26,3,Summer,2.158847844629617,3,0
2018-06-29,24.0,11.0,2018,6,29,24.0,0.0,20.9,20.9,18.0,2.8,7.2,11.4,1011.7,1010.2,26,3,Summer,2.2205366890765954,4,0
2018-06-30,20.0,11.0,2018,6,30,23.2,0.0,21.1,21.1,9.0,4.2,6.9,11.7,1011.2,1008.6,26,3,Summer,1.8312172232956117,5,1
2018-07-01,23.712691771269174,11.0,2018,7,1,24.1,0.0,21.4,21.4,9.0,3.1,5.8,10.5,1010.7,1008.5,26,3,Summer,1.7150040078699993,6,1
2018-07-02,23.0,15.0,2018,7,2,24.7,0.0,22.0,22.0,13.0,2.8,6.7,8.9,1014.6,1008.9,27,3,Summer,2.0722691402464353,0,0
2018-07-03,31.0,16.0,2018,7,3,25.1,0.0,22.9,22.9,20.0,3.9,8.6,12.2,1015.7,1013.9,27,3,Summer,2.1188845804801586,1,0
2018-07-04,35.0,18.0,2018,7,4,25.0,0.0,22.0,22.0,22.0,2.8,6.4,12.5,1015.4,1011.9,27,3,Summer,2.135559921414538,2,0
2018-07-05,32.0,14.0,2018,7,5,25.0,0.0,22.9,22.9,22.0,5.0,11.4,9.7,1019.5,1013.9,27,3,Summer,2.1363167207313483,3,0
2018-07-06,31.0,15.0,2018,7,6,25.2,0.0,23.0,23.0,18.0,3.9,8.1,11.5,1020.3,1018.3,27,3,Summer,2.1402786573780874,4,0
2018-07-07,32.0,18.0,2018,7,7,24.8,0.0,22.2,22.2,22.0,4.2,11.4,11.9,1019.8,1016.8,27,3,Summer,1.7656365518261126,5,1
2018-07-08,27.0,12.0,2018,7,8,26.8,0.0,23.3,23.3,20.0,3.3,7.2,12.1,1018.9,1016.3,27,3,Summer,1.6372072853425843,6,1
2018-07-09,34.0,21.0,2018,7,9,26.6,0.0,23.2,23.2,14.0,4.7,12.2,11.0,1017.8,1014.2,28,3,Summer,2.067730218645396,0,0
2018-07-10,34.0,21.0,2018,7,10,25.6,0.0,23.2,23.2,22.0,4.4,10.0,12.1,1016.4,1013.2,28,3,Summer,2.07817848410758,1,0
2018-07-11,30.0,15.0,2018,7,11,26.0,0.1,23.1,23.1,18.0,3.3,7.2,8.9,1015.2,1011.8,28,3,Summer,2.141687381196081,2,0
2018-07-12,26.0,13.0,2018,7,12,25.0,0.0,22.8,22.8,9.0,4.7,9.2,11.3,1016.8,1012.8,28,3,Summer,2.14843426679542,3,0
2018-07-13,23.0,20.0,2018,7,13,25.6,0.0,22.5,22.5,99.0,4.2,8.1,5.2,1017.7,1014.7,28,3,Summer,2.1426766790651977,4,0
2018-07-14,28.0,24.0,2018,7,14,26.2,0.0,22.9,22.9,20.0,2.5,6.7,11.9,1016.5,1013.9,28,3,Summer,1.7712916722904577,5,1
2018-07-15,32.0,16.0,2018,7,15,25.8,0.1,22.4,22.4,20.0,2.8,6.4,10.9,1015.3,1011.1,28,3,Summer,1.672079177298384,6,1
2018-07-16,32.0,15.0,2018,7,16,22.9,9.9,19.0,19.0,34.0,4.2,12.5,7.0,1016.1,1008.8,29,3,Summer,2.089270199826238,0,0
2018-07-17,24.0,15.0,2018,7,17,25.6,0.0,22.3,22.3,19.0,2.8,7.8,12.2,1017.7,1015.4,29,3,Summer,2.115606936416185,1,0
2018-07-18,23.0,17.0,2018,7,18,25.4,0.0,22.7,22.7,20.0,2.8,7.2,10.3,1016.3,1012.8,29,3,Summer,2.1411313892316683,2,0
2018-07-19,26.0,19.0,2018,7,19,25.6,0.0,23.1,23.1,23.0,5.0,7.8,11.3,1015.8,1013.2,29,3,Summer,2.1385561061280813,3,0
2018-07-20,28.0,22.0,2018,7,20,25.9,0.0,22.7,22.7,11.0,3.1,6.4,10.5,1014.2,1008.9,29,3,Summer,2.1612804504835355,4,0
2018-07-21,23.0,9.0,2018,7,21,25.1,0.1,22.8,22.8,20.0,4.4,10.3,6.0,1014.8,1011.6,29,3,Summer,1.7504403093651888,5,1
2018-07-22,16.0,9.0,2018,7,22,22.9,3.4,20.4,20.4,23.0,4.2,10.0,5.4,1016.6,1012.9,29,3,Summer,1.6312616366699175,6,1
2018-07-23,17.0,16.0,2018,7,23,24.2,0.0,20.5,20.5,24.0,5.0,10.6,12.5,1016.6,1013.4,30,3,Summer,2.093651744273094,0,0
2018-07-24,20.0,15.0,2018,7,24,25.7,0.0,23.6,23.6,20.0,4.7,10.0,10.9,1014.3,1012.1,30,3,Summer,2.0576820839978733,1,0
2018-07-25,20.0,19.0,2018,7,25,26.2,0.0,22.5,22.5,20.0,3.3,6.4,8.9,1014.9,1012.6,30,3,Summer,2.031392847539661,2,0
2018-07-26,23.712691771269174,12.0,2018,7,26,27.1,0.0,24.9,24.9,20.0,3.9,9.4,12.5,1013.3,1010.9,30,3,Summer,2.0078802206461783,3,0
2018-07-27,28.0,20.0,2018,7,27,26.1,0.0,23.4,23.4,20.0,4.7,10.8,11.5,1013.1,1010.2,30,3,Summer,2.155536282162475,4,0
2018-07-28,30.0,14.0,2018,7,28,26.1,0.0,23.6,23.6,99.0,3.3,7.8,10.2,1014.3,1010.3,30,3,Summer,1.7752449646162218,5,1
2018-07-29,24.0,9.0,2018,7,29,25.8,0.0,23.6,23.6,20.0,3.9,8.6,10.3,1014.2,1011.6,30,3,Summer,1.7410691448546338,6,1
2018-07-30,27.0,12.0,2018,7,30,27.0,0.0,24.3,24.3,20.0,2.2,5.6,12.1,1015.1,1013.6,31,3,Summer,2.0640426084697325,0,0
2018-07-31,28.0,18.0,2018,7,31,27.1,0.0,24.0,24.0,20.0,2.2,5.3,12.4,1015.6,1013.8,31,3,Summer,2.043592330978809,1,0
2018-08-01,35.0,29.0,2018,8,1,28.2,0.0,24.3,24.3,21.0,3.3,8.3,11.1,1016.7,1015.1,31,3,Summer,2.0448354908306365,2,0
2018-08-02,44.0,29.0,2018,8,2,28.8,0.0,26.8,26.8,20.0,3.1,6.4,11.0,1017.0,1015.5,31,3,Summer,1.957180017341426,3,0
2018-08-03,37.0,25.0,2018,8,3,29.7,0.0,27.0,27.0,21.0,1.9,5.0,10.7,1016.3,1014.8,31,3,Summer,1.9701981929466628,4,0
2018-08-04,32.0,23.0,2018,8,4,30.0,0.0,27.1,27.1,10.0,1.9,9.4,11.7,1015.9,1014.4,31,3,Summer,1.559972267159695,5,1
2018-08-05,34.0,14.0,2018,8,5,29.7,0.0,25.9,25.9,99.0,2.2,5.0,10.8,1015.5,1013.7,31,3,Summer,1.5834688114999569,6,1
2018-08-06,32.0,17.0,2018,8,6,28.4,0.0,25.8,25.8,9.0,2.8,5.3,9.4,1015.3,1012.4,32,3,Summer,1.8116457858769928,0,0
2018-08-07,39.0,17.0,2018,8,7,27.8,0.0,25.8,25.8,20.0,4.2,10.0,9.4,1014.6,1011.3,32,3,Summer,1.8085772421349195,1,0
2018-08-08,34.0,12.0,2018,8,8,28.0,0.5,25.8,25.8,10.0,4.4,7.8,7.5,1014.9,1012.2,32,3,Summer,1.8425562299178864,2,0
2018-08-09,24.0,18.0,2018,8,9,26.0,2.9,22.5,22.5,9.0,3.9,11.1,3.3,1020.2,1012.2,32,3,Summer,1.8317914831130693,3,0
2018-08-10,16.0,11.0,2018,8,10,24.6,0.0,21.5,21.5,13.0,4.2,7.2,9.6,1023.5,1020.0,32,3,Summer,1.8153086419753088,4,0
2018-08-11,12.0,15.0,2018,8,11,24.6,0.0,21.8,21.8,11.0,2.8,6.7,11.3,1023.2,1018.4,32,3,Summer,1.6248158200853045,5,1
2018-08-12,17.0,12.0,2018,8,12,26.6,0.0,24.5,24.5,21.0,4.7,11.7,6.3,1018.4,1012.5,32,3,Summer,1.5661694700095208,6,1
2018-08-13,19.0,12.0,2018,8,13,25.6,1.2,23.9,23.9,8.0,4.4,9.7,9.0,1014.4,1011.0,33,3,Summer,1.77379010331702,0,0
2018-08-14,15.0,10.0,2018,8,14,24.5,0.0,22.4,22.4,20.0,4.2,10.0,6.9,1018.0,1014.0,33,3,Summer,1.764763342509546,1,0
2018-08-15,14.0,8.0,2018,8,15,25.0,0.0,23.1,23.1,20.0,3.9,9.4,10.9,1017.9,1015.9,33,3,Summer,1.6025438457892245,2,0
2018-08-16,19.0,13.0,2018,8,16,26.1,0.0,23.8,23.8,21.0,3.9,10.6,10.4,1016.4,1012.8,33,3,Summer,1.7774592742781234,3,0
2018-08-17,17.0,16.0,2018,8,17,23.8,25.8,18.5,18.5,9.0,2.8,17.8,4.1,1018.4,1014.1,33,3,Summer,1.8074906367041201,4,0
2018-08-18,11.0,13.0,2018,8,18,23.6,0.0,19.9,19.9,34.0,3.3,7.2,9.9,1019.6,1017.6,33,3,Summer,1.655599259602036,5,1
2018-08-19,13.0,15.0,2018,8,19,25.7,0.0,22.3,22.3,20.0,3.1,7.8,12.1,1019.5,1017.8,33,3,Summer,1.5706859532150526,6,1
2018-08-20,17.0,18.0,2018,8,20,26.2,0.0,23.6,23.6,21.0,2.5,7.5,12.0,1017.9,1015.2,34,3,Summer,1.7390365448504983,0,0
2018-08-21,22.0,23.0,2018,8,21,26.0,0.0,22.7,22.7,21.0,3.6,8.9,10.1,1016.8,1014.1,34,3,Summer,1.730352863399719,1,0
2018-08-22,19.0,14.0,2018,8,22,27.0,0.0,22.9,22.9,3.0,1.9,5.0,11.6,1016.2,1014.5,34,3,Summer,1.7490353008432185,2,0
2018-08-23,24.0,21.0,2018,8,23,25.8,0.0,23.0,23.0,19.0,3.3,7.8,9.6,1015.9,1013.4,34,3,Summer,1.7472984871528057,3,0
2018-08-24,24.0,12.0,2018,8,24,26.0,0.0,22.9,22.9,10.0,3.1,7.8,10.4,1015.7,1013.6,34,3,Summer,1.7829342484985569,4,0
2018-08-25,19.0,5.0,2018,8,25,24.0,0.0,22.0,22.0,15.0,4.4,10.0,4.5,1015.6,1013.3,34,3,Summer,1.559752164318452,5,1
2018-08-26,18.0,8.0,2018,8,26,22.4,0.0,20.7,20.7,21.0,4.4,10.8,4.9,1016.9,1013.6,34,3,Summer,1.5147058823529411,6,1
2018-08-27,22.0,13.0,2018,8,27,24.8,0.0,21.9,21.9,13.0,3.9,6.9,7.7,1017.1,1014.5,35,3,Summer,1.8134744789102248,0,0
2018-08-28,24.0,15.0,2018,8,28,25.9,0.6,23.7,23.7,24.0,4.7,12.8,8.0,1017.0,1012.7,35,3,Summer,1.836681108047788,1,0
2018-08-29,22.0,11.0,2018,8,29,25.5,1.2,23.5,23.5,26.0,2.8,11.1,5.6,1018.6,1013.6,35,3,Summer,1.8626637698334318,2,0
2018-08-30,21.0,15.0,2018,8,30,25.4,29.6,22.9,22.9,22.0,4.2,10.8,8.5,1018.8,1017.2,35,3,Summer,1.8691483734461785,3,0
2018-08-31,19.0,9.0,2018,8,31,22.1,0.3,20.1,20.1,12.0,3.3,12.5,0.3,1019.5,1016.6,35,3,Summer,1.9404161819826808,4,0
2018-09-01,14.0,12.0,2018,9,1,23.8,1.4,22.3,22.3,12.0,2.5,8.9,0.8,1019.2,1017.3,35,4,Autumn,1.6841837845684835,5,1
2018-09-02,12.0,8.0,2018,9,2,24.2,0.0,21.5,21.5,8.0,4.4,8.6,5.6,1018.2,1013.8,35,4,Autumn,1.6640468895697351,6,1
2018-09-03,14.0,13.0,2018,9,3,24.8,0.0,22.6,22.6,8.0,4.2,9.4,5.2,1014.5,1009.8,36,4,Autumn,1.991883331133694,0,0
2018-09-04,18.0,12.0,2018,9,4,24.8,0.0,22.7,22.7,12.0,5.0,8.9,8.5,1013.8,1011.2,36,4,Autumn,2.000888296691095,1,0
2018-09-05,20.0,13.0,2018,9,5,23.8,83.9,21.4,21.4,8.0,3.6,7.5,5.5,1014.9,1011.8,36,4,Autumn,2.030267753201397,2,0
2018-09-06,17.0,15.0,2018,9,6,22.4,2.0,18.9,18.9,26.0,3.6,13.9,8.5,1014.8,1010.2,36,4,Autumn,2.0899213850366576,3,0
2018-09-07,8.0,18.0,2018,9,7,22.8,1.3,20.1,20.1,20.0,4.2,8.9,9.4,1017.7,1014.3,36,4,Autumn,2.078582030908932,4,0
2018-09-08,8.0,14.0,2018,9,8,23.6,0.0,20.4,20.4,13.0,3.1,6.1,6.3,1019.0,1017.1,36,4,Autumn,1.7117446808510641,5,1
2018-09-09,9.0,11.0,2018,9,9,24.4,0.0,21.9,21.9,12.0,3.1,6.9,3.4,1020.6,1017.8,36,4,Autumn,1.5758517367661746,6,1
2018-09-10,8.0,20.0,2018,9,10,23.0,0.0,21.3,21.3,99.0,1.9,4.4,0.0,1023.2,1018.9,37,4,Autumn,1.8998688954441167,0,0
2018-09-11,10.0,16.0,2018,9,11,24.6,0.0,20.6,20.6,11.0,2.8,5.8,9.0,1024.8,1021.7,37,4,Autumn,1.7807558295363173,1,0
2018-09-12,9.0,19.0,2018,9,12,22.8,16.7,19.0,19.0,27.0,2.2,16.1,4.9,1023.0,1017.9,37,4,Autumn,2.124364191251272,2,0
2018-09-13,28.0,20.0,2018,9,13,23.2,0.0,20.2,20.2,22.0,4.2,10.8,10.5,1018.6,1016.4,37,4,Autumn,2.16320933830251,3,0
2018-09-14,28.0,17.0,2018,9,14,23.8,0.0,20.9,20.9,23.0,3.3,8.6,9.5,1019.7,1016.7,37,4,Autumn,2.1705166224442016,4,0
2018-09-15,15.0,13.0,2018,9,15,24.1,0.6,21.5,21.5,99.0,2.8,5.8,0.3,1021.3,1019.3,37,4,Autumn,1.7332269786404324,5,1
2018-09-16,10.0,14.0,2018,9,16,23.9,0.1,21.3,21.3,20.0,2.2,6.4,7.0,1021.0,1019.1,37,4,Autumn,1.6855779879035693,6,1
2018-09-17,11.0,13.0,2018,9,17,24.4,2.9,21.4,21.4,35.0,3.9,6.9,9.7,1020.1,1016.8,38,4,Autumn,2.0787841191067,0,0
2018-09-18,10.0,20.0,2018,9,18,22.6,2.6,19.5,19.5,10.0,3.6,9.4,1.6,1018.3,1015.7,38,4,Autumn,2.168807595643675,1,0
2018-09-19,14.0,16.0,2018,9,19,23.4,0.0,20.4,20.4,14.0,2.2,5.8,10.4,1020.8,1017.9,38,4,Autumn,2.043129913889929,2,0
2018-09-20,24.0,31.0,2018,9,20,25.2,0.0,22.2,22.2,99.0,3.6,6.7,11.0,1020.1,1016.4,38,4,Autumn,2.117356485293017,3,0
2018-09-21,31.0,28.0,2018,9,21,25.0,0.0,21.6,21.6,9.0,3.3,8.6,10.4,1020.2,1015.1,38,4,Autumn,2.1600672268907557,4,0
2018-09-22,30.0,23.0,2018,9,22,24.8,0.0,21.9,21.9,23.0,3.3,9.2,9.5,1021.9,1019.6,38,4,Autumn,1.8207744215938304,5,1
2018-09-23,28.0,23.0,2018,9,23,24.8,0.0,21.9,21.9,24.0,3.9,9.2,9.8,1022.1,1018.4,38,4,Autumn,1.6638722202612073,6,1
2018-09-24,23.0,13.0,2018,9,24,23.8,0.0,21.8,21.8,13.0,3.9,8.1,1.9,1022.7,1018.9,39,4,Autumn,1.6310958118187031,0,0
2018-09-25,22.0,12.0,2018,9,25,21.5,0.0,18.5,18.5,9.0,7.2,15.8,9.0,1027.5,1022.7,39,4,Autumn,2.1094158953080115,1,0
2018-09-26,38.0,8.0,2018,9,26,20.4,0.0,18.3,18.3,8.0,9.2,14.4,7.7,1031.3,1027.5,39,4,Autumn,2.1002046384720328,2,0
2018-09-27,31.0,19.0,2018,9,27,19.7,0.0,16.2,16.2,13.0,3.6,6.1,10.4,1031.1,1022.8,39,4,Autumn,2.1356269018195366,3,0
2018-09-28,39.0,37.0,2018,9,28,22.0,0.0,16.7,16.7,23.0,3.3,8.9,10.9,1022.8,1015.4,39,4,Autumn,2.230963623063111,4,0
2018-09-29,39.0,18.0,2018,9,29,21.5,0.0,18.4,18.4,10.0,5.3,10.0,10.5,1017.7,1014.4,39,4,Autumn,1.9028207774337804,5,1
2018-09-30,27.0,20.0,2018,9,30,23.0,0.0,19.6,19.6,22.0,5.0,11.4,8.3,1017.5,1014.9,39,4,Autumn,1.7003312595944091,6,1
2018-10-01,27.0,15.0,2018,10,1,21.4,0.0,18.2,18.2,11.0,4.4,9.7,6.7,1018.1,1014.8,40,4,Autumn,2.0690977548459077,0,0
2018-10-02,40.0,21.0,2018,10,2,19.9,0.0,15.0,15.0,35.0,3.9,9.2,10.3,1020.8,1017.1,40,4,Autumn,2.1630291692648798,1,0
2018-10-03,56.0,30.0,2018,10,3,20.4,0.0,16.1,16.1,23.0,3.6,9.7,10.7,1021.8,1019.6,40,4,Autumn,2.1165826843792948,2,0
2018-10-04,43.0,19.0,2018,10,4,20.6,0.0,16.5,16.5,10.0,3.1,10.6,10.8,1021.5,1019.2,40,4,Autumn,2.1334872090786687,3,0
2018-10-05,32.0,22.0,2018,10,5,20.8,0.0,17.5,17.5,99.0,3.3,5.6,10.3,1020.4,1016.3,40,4,Autumn,2.183798242262132,4,0
2018-10-06,36.0,19.0,2018,10,6,20.8,0.0,17.5,17.5,24.0,3.9,10.6,5.8,1016.8,1011.2,40,4,Autumn,1.84998022933966,5,1
2018-10-07,29.0,12.0,2018,10,7,18.4,0.2,14.3,14.3,9.0,4.2,12.2,4.7,1017.0,1009.8,40,4,Autumn,1.7193737095664143,6,1
2018-10-08,17.0,15.0,2018,10,8,17.4,2.2,14.6,14.6,13.0,1.9,8.1,1.6,1017.6,1014.5,41,4,Autumn,2.1159690920798453,0,0
2018-10-09,18.0,16.0,2018,10,9,18.6,12.5,15.9,15.9,9.0,7.5,16.7,1.5,1015.5,1011.2,41,4,Autumn,2.1624574347332577,1,0
2018-10-10,13.0,25.0,2018,10,10,19.5,3.8,16.9,16.9,8.0,5.3,12.2,5.3,1011.6,1008.2,41,4,Autumn,2.176887801895445,2,0
2018-10-11,25.0,20.0,2018,10,11,20.6,0.0,17.0,17.0,21.0,3.3,10.3,7.6,1018.2,1010.7,41,4,Autumn,2.195494522450239,3,0
2018-10-12,32.0,21.0,2018,10,12,21.0,0.0,17.8,17.8,21.0,2.5,5.8,4.8,1022.5,1018.0,41,4,Autumn,1.6927382217499114,4,0
2018-10-13,26.0,11.0,2018,10,13,21.4,4.5,19.5,19.5,18.0,1.4,3.9,2.6,1021.4,1014.6,41,4,Autumn,1.7111600293509441,5,1
2018-10-14,24.0,17.0,2018,10,14,21.4,9.4,19.0,19.0,13.0,6.9,22.5,4.6,1014.6,1002.4,41,4,Autumn,1.6617012936103488,6,1
2018-10-15,30.0,16.0,2018,10,15,19.9,0.0,16.8,16.8,14.0,1.9,20.0,4.8,1011.7,1002.4,42,4,Autumn,2.0812789172018507,0,0
2018-10-16,17.0,17.0,2018,10,16,19.1,0.0,15.5,15.5,9.0,5.3,9.2,8.8,1017.1,1011.6,42,4,Autumn,2.095203854174157,1,0
2018-10-17,13.0,16.0,2018,10,17,19.5,0.0,16.4,16.4,10.0,5.3,12.5,5.4,1016.4,1010.0,42,4,Autumn,2.1056936143441334,2,0
2018-10-18,17.0,18.0,2018,10,18,19.7,4.8,16.6,16.6,8.0,4.2,14.2,1.4,1012.4,1009.7,42,4,Autumn,2.090700344431688,3,0
2018-10-19,22.0,17.0,2018,10,19,21.2,15.5,18.0,18.0,8.0,5.6,12.8,3.3,1019.5,1010.9,42,4,Autumn,2.205124835742444,4,0
2018-10-20,23.0,21.0,2018,10,20,19.5,0.0,17.1,17.1,12.0,4.2,8.9,5.1,1023.0,1017.8,42,4,Autumn,1.8969049694856144,5,1
2018-10-21,27.0,15.0,2018,10,21,19.6,0.0,16.0,16.0,24.0,3.6,8.3,8.9,1022.4,1017.0,42,4,Autumn,1.6666666666666667,6,1
2018-10-22,23.0,25.0,2018,10,22,18.7,0.0,16.0,16.0,11.0,3.6,8.1,6.8,1024.2,1016.8,43,4,Autumn,2.087860249133928,0,0
2018-10-23,25.0,13.0,2018,10,23,17.8,0.0,14.3,14.3,99.0,2.8,6.4,9.1,1026.4,1023.2,43,4,Autumn,2.105110466413747,1,0
2018-10-24,23.0,24.0,2018,10,24,21.0,0.0,16.3,16.3,35.0,1.4,7.8,9.5,1023.2,1016.7,43,4,Autumn,2.125072843822844,2,0
2018-10-25,26.0,31.0,2018,10,25,19.2,0.0,16.2,16.2,34.0,2.8,5.8,9.0,1018.0,1015.1,43,4,Autumn,2.0608006558272987,3,0
2018-10-26,33.0,18.0,2018,10,26,17.6,2.4,13.5,13.5,21.0,2.2,5.8,3.6,1015.1,1007.7,43,4,Autumn,2.148752694795196,4,0
2018-10-27,23.0,11.0,2018,10,27,14.3,20.5,10.5,10.5,10.0,1.4,10.3,0.0,1007.9,997.9,43,4,Autumn,1.8713504961886955,5,1
2018-10-28,5.0,9.0,2018,10,28,10.6,3.0,8.5,8.5,28.0,2.5,8.3,0.7,1000.7,996.4,43,4,Autumn,1.6072222222222223,6,1
2018-10-29,7.0,19.0,2018,10,29,10.6,0.0,7.7,7.7,30.0,4.4,13.1,0.8,1000.1,990.5,44,4,Autumn,2.0966771598461,0,0
2018-10-30,13.0,28.0,2018,10,30,12.0,23.1,6.9,6.9,30.0,1.4,10.0,6.3,1007.7,1000.1,44,4,Autumn,2.1546236688526563,1,0
2018-10-31,27.0,16.0,2018,10,31,13.4,29.9,10.1,10.1,20.0,7.5,21.4,0.9,1008.0,1002.2,44,4,Autumn,2.3203329837441005,2,0
2018-11-01,15.0,22.0,2018,11,1,13.6,0.0,9.4,9.4,27.0,2.8,10.3,6.3,1017.8,1007.3,44,4,Autumn,1.6907919957065092,3,0
2018-11-02,12.0,17.0,2018,11,2,14.3,0.0,10.3,10.3,35.0,2.8,5.8,2.7,1020.4,1016.6,44,4,Autumn,1.9424252603291905,4,0
2018-11-03,14.0,21.0,2018,11,3,14.8,0.0,10.7,10.7,35.0,2.8,7.2,8.0,1020.4,1015.7,44,4,Autumn,1.7458003952569168,5,1
2018-11-04,13.0,20.0,2018,11,4,17.1,0.0,12.6,12.6,34.0,2.2,7.5,3.8,1015.7,1007.5,44,4,Autumn,1.6163612163407393,6,1
2018-11-05,24.0,15.0,2018,11,5,16.0,7.1,13.7,13.7,18.0,5.3,15.0,1.8,1007.6,1001.6,45,4,Autumn,2.0172442799461643,0,0
2018-11-06,9.0,27.0,2018,11,6,13.6,0.0,11.7,11.7,27.0,3.9,10.3,5.0,1012.9,1003.9,45,4,Autumn,2.084234768650988,1,0
2018-11-07,13.0,25.0,2018,11,7,15.8,0.0,12.7,12.7,26.0,3.9,9.4,5.2,1018.5,1011.0,45,4,Autumn,2.1094171528954138,2,0
2018-11-08,21.0,21.0,2018,11,8,14.8,17.2,12.6,12.6,1.0,1.7,8.1,0.2,1020.4,1013.3,45,4,Autumn,2.0702822357498616,3,0
2018-11-09,21.0,21.0,2018,11,9,14.1,1.8,12.3,12.3,30.0,2.2,8.1,0.5,1014.7,1010.0,45,4,Autumn,2.2095622701377367,4,0
2018-11-10,10.0,22.0,2018,11,10,15.7,0.0,12.0,12.0,26.0,2.5,11.1,4.9,1014.2,1010.5,45,4,Autumn,1.8763379035824856,5,1
2018-11-11,14.0,17.0,2018,11,11,18.2,0.0,15.3,15.3,21.0,3.9,8.1,6.6,1016.4,1012.4,45,4,Autumn,1.7444180911098388,6,1
2018-11-12,24.0,16.0,2018,11,12,16.4,0.0,14.5,14.5,8.0,4.4,8.3,2.1,1020.7,1016.0,46,4,Autumn,2.0374931205283437,0,0
2018-11-13,29.0,15.0,2018,11,13,17.3,0.0,15.2,15.2,99.0,5.0,10.0,4.2,1025.9,1020.7,46,4,Autumn,2.061510491629422,1,0
2018-11-14,28.0,16.0,2018,11,14,16.8,26.4,15.0,15.0,9.0,3.9,7.5,1.8,1025.2,1021.0,46,4,Autumn,2.066897637795276,2,0
2018-11-15,21.0,20.0,2018,11,15,15.8,54.0,13.6,13.6,9.0,5.3,14.4,1.0,1021.0,1018.8,46,4,Autumn,2.187974596161812,3,0
2018-11-16,14.0,15.0,2018,11,16,15.2,1.1,13.7,13.7,9.0,3.6,9.2,1.0,1021.8,1019.7,46,4,Autumn,2.1240864315220844,4,0
2018-11-17,19.0,7.0,2018,11,17,14.1,2.1,12.2,12.2,10.0,3.6,10.0,0.0,1019.7,1013.8,46,4,Autumn,1.8142639851275983,5,1
2018-11-18,14.0,14.0,2018,11,18,13.2,7.9,11.2,11.2,9.0,9.7,16.1,1.4,1013.8,1007.3,46,4,Autumn,1.6513409961685823,6,1
2018-11-19,17.0,25.0,2018,11,19,13.0,4.1,11.1,11.1,9.0,5.3,12.2,2.7,1007.3,999.4,47,4,Autumn,2.0617223198594026,0,0
2018-11-20,18.0,26.0,2018,11,20,13.0,2.3,9.8,9.8,31.0,1.9,10.0,0.9,1003.8,999.8,47,4,Autumn,2.0978203083466243,1,0
2018-11-21,16.0,29.0,2018,11,21,14.6,0.0,10.6,10.6,21.0,1.9,7.5,5.2,1015.2,1003.8,47,4,Autumn,2.100465313028765,2,0
2018-11-22,23.0,24.0,2018,11,22,14.0,0.0,9.8,9.8,32.0,1.9,4.2,3.1,1017.4,1014.9,47,4,Autumn,2.0946991822429912,3,0
2018-11-23,31.0,16.0,2018,11,23,12.0,2.5,10.4,10.4,31.0,2.5,8.3,0.0,1015.3,1011.1,47,4,Autumn,2.2115047351806383,4,0
2018-11-24,17.0,14.0,2018,11,24,12.0,0.0,8.3,8.3,30.0,2.5,6.4,6.0,1016.5,1011.9,47,4,Autumn,1.9240918437285808,5,1
2018-11-25,10.0,18.0,2018,11,25,13.0,0.8,10.3,10.3,31.0,2.8,9.2,1.1,1011.9,1005.5,47,4,Autumn,1.6854048964218455,6,1
2018-11-26,12.0,22.0,2018,11,26,11.6,3.2,8.7,8.7,32.0,3.9,12.2,1.3,1014.9,1002.6,48,4,Autumn,2.0988457665194824,0,0
2018-11-27,23.712691771269174,25.0,2018,11,27,12.6,0.0,9.1,9.1,32.0,3.1,9.2,5.9,1020.9,1014.8,48,4,Autumn,2.0748003922117944,1,0
2018-11-28,25.0,28.0,2018,11,28,13.3,0.0,8.6,8.6,32.0,1.4,8.6,5.2,1022.4,1020.3,48,4,Autumn,2.110087751105954,2,0
2018-11-29,30.0,24.0,2018,11,29,11.8,0.0,7.7,7.7,23.0,1.9,6.4,2.7,1021.6,1015.9,48,4,Autumn,2.157151819322459,3,0
2018-11-30,28.0,18.0,2018,11,30,12.3,0.4,9.6,9.6,29.0,2.2,6.7,2.0,1019.3,1013.4,48,4,Autumn,2.178099480326652,4,0
2018-12-01,16.0,18.0,2018,12,1,12.0,0.0,9.1,9.1,30.0,1.4,7.5,4.9,1021.3,1019.1,48,1,Winter,1.9077764751856197,5,1
2018-12-02,16.0,16.0,2018,12,2,14.1,0.0,10.5,10.5,28.0,2.5,7.8,4.8,1021.0,1018.2,48,1,Winter,1.7224537876042043,6,1
2018-12-03,17.0,24.0,2018,12,3,15.3,0.0,11.5,11.5,30.0,1.9,10.8,2.0,1020.4,1018.0,49,1,Winter,2.0941504598221017,0,0
2018-12-04,23.0,24.0,2018,12,4,16.2,0.0,12.3,12.3,35.0,2.2,8.3,4.5,1024.0,1020.0,49,1,Winter,2.1051563931422588,1,0
2018-12-05,34.0,14.0,2018,12,5,13.8,0.0,9.4,9.4,26.0,3.1,6.7,4.7,1024.5,1021.8,49,1,Winter,2.1720544449170567,2,0
2018-12-06,20.0,12.0,2018,12,6,13.8,0.0,10.7,10.7,36.0,1.7,5.8,5.3,1026.4,1023.0,49,1,Winter,1.6579533272862208,3,0
2018-12-07,10.0,15.0,2018,12,7,11.7,0.0,9.7,9.7,32.0,2.5,9.2,5.4,1026.2,1022.0,49,1,Winter,1.940621452894438,4,0
2018-12-08,10.0,17.0,2018,12,8,12.4,0.0,9.4,9.4,99.0,2.2,6.9,2.3,1027.1,1022.2,49,1,Winter,1.7127106141781194,5,1
2018-12-09,14.0,23.0,2018,12,9,13.6,0.0,8.9,8.9,29.0,2.2,10.8,4.4,1027.0,1020.6,49,1,Winter,1.639973636513429,6,1
2018-12-10,21.0,27.0,2018,12,10,12.1,0.0,8.9,8.9,34.0,2.5,8.6,3.0,1029.3,1025.3,50,1,Winter,2.091964937910884,0,0
2018-12-11,31.0,26.0,2018,12,11,10.7,0.0,6.6,6.6,2.0,2.2,6.4,4.3,1025.3,1019.1,50,1,Winter,2.120158606528358,1,0
2018-12-12,32.0,26.0,2018,12,12,12.0,0.0,8.9,8.9,99.0,1.4,5.3,2.9,1020.0,1013.2,50,1,Winter,2.1027405753968256,2,0
2018-12-13,33.0,23.0,2018,12,13,11.4,5.6,9.8,9.8,34.0,1.4,5.8,0.0,1013.2,1002.9,50,1,Winter,2.202227266278905,3,0
2018-12-14,23.0,17.0,2018,12,14,11.4,0.0,9.1,9.1,36.0,1.4,5.8,2.3,1019.6,1006.2,50,1,Winter,2.1863535385591875,4,0
2018-12-15,14.0,15.0,2018,12,15,11.6,0.0,8.4,8.4,32.0,3.3,8.6,4.4,1022.2,1017.9,50,1,Winter,1.9467608654513344,5,1
2018-12-16,10.0,17.0,2018,12,16,13.4,0.0,11.9,11.9,29.0,2.5,13.6,0.1,1018.5,1014.0,50,1,Winter,1.7075258775001945,6,1
2018-12-17,11.0,26.0,2018,12,17,12.8,0.0,9.3,9.3,30.0,3.3,13.1,4.9,1029.4,1018.0,51,1,Winter,2.14247311827957,0,0
2018-12-18,19.0,23.0,2018,12,18,10.8,0.0,7.0,7.0,27.0,2.8,7.5,0.0,1028.2,1020.4,51,1,Winter,2.1296090843829543,1,0
2018-12-19,22.0,26.0,2018,12,19,13.4,0.0,9.7,9.7,30.0,3.3,15.0,3.5,1021.9,1016.8,51,1,Winter,2.2200960084171757,2,0
2018-12-20,20.0,24.0,2018,12,20,12.3,0.0,8.4,8.4,30.0,1.9,7.5,3.7,1028.7,1021.5,51,1,Winter,2.3331109763493028,3,0
2018-12-21,26.0,23.0,2018,12,21,12.3,0.0,7.5,7.5,26.0,2.5,7.8,4.0,1029.8,1027.4,51,1,Winter,1.9278959018042796,4,0
2018-12-22,17.0,21.0,2018,12,22,14.2,0.0,10.5,10.5,28.0,0.8,6.4,4.8,1029.4,1027.2,51,1,Winter,1.8900154798761608,5,1
2018-12-23,20.0,19.0,2018,12,23,13.8,0.0,8.9,8.9,36.0,3.1,6.4,5.1,1030.3,1026.7,51,1,Winter,1.7366048647729206,6,1
2018-12-24,18.0,18.0,2018,12,24,15.1,0.0,10.7,10.7,36.0,2.2,5.3,5.0,1027.1,1024.5,52,1,Winter,1.9348271718385524,0,0
2018-12-25,24.0,20.0,2018,12,25,12.7,0.0,8.9,8.9,35.0,1.9,5.3,3.1,1030.3,1026.8,52,1,Winter,1.7170918575271008,1,0
2018-12-26,24.0,16.0,2018,12,26,11.0,0.0,7.1,7.1,20.0,1.7,5.3,1.4,1030.9,1027.5,52,1,Winter,1.7276463745637844,2,0
2018-12-27,23.0,17.0,2018,12,27,12.0,0.0,8.6,8.6,33.0,2.2,5.3,3.1,1027.9,1025.7,52,1,Winter,1.8073043266893531,3,0
2018-12-28,20.0,14.0,2018,12,28,10.7,0.0,6.6,6.6,36.0,1.9,5.3,4.4,1028.6,1026.2,52,1,Winter,1.936193980812196,4,0
2018-12-29,19.0,16.0,2018,12,29,10.3,0.0,6.2,6.2,35.0,2.2,6.4,4.8,1029.8,1027.4,52,1,Winter,1.7192477126397832,5,1
2018-12-30,16.0,17.641379310344828,2018,12,30,11.4,0.0,5.1,5.1,35.0,2.5,6.7,5.4,1029.6,1026.1,52,1,Winter,1.6461387200572042,6,1
2018-12-31,23.712691771269174,19.0,2018,12,31,11.8,0.0,6.5,6.5,35.0,2.8,7.5,5.4,1029.5,1026.9,1,1,Winter,1.8081654214776244,0,0
2019-01-01,31.0,20.0,2019,1,1,11.4,0.0,6.6,6.6,1.0,3.1,6.4,5.2,1030.4,1026.5,1,1,Winter,1.5487457747731719,1,0
2019-01-02,16.0,23.0,2019,1,2,11.2,0.0,6.6,6.6,1.0,2.2,6.9,5.5,1027.2,1024.2,1,1,Winter,1.9199233151452588,2,0
2019-01-03,22.0,26.0,2019,1,3,9.2,0.0,5.0,5.0,36.0,3.3,6.1,5.4,1030.1,1027.2,1,1,Winter,1.9477143710785776,3,0
2019-01-04,26.0,19.0,2019,1,4,8.4,0.0,4.3,4.3,35.0,2.8,6.4,3.6,1032.8,1027.8,1,1,Winter,1.9773457943925237,4,0
2019-01-05,25.0,17.0,2019,1,5,11.4,0.0,6.6,6.6,26.0,1.9,5.0,5.3,1031.6,1025.0,1,1,Winter,1.7578288100208768,5,1
2019-01-06,18.0,22.0,2019,1,6,13.2,0.0,8.0,8.0,33.0,2.5,7.5,5.6,1026.4,1023.9,1,1,Winter,1.77329928871056,6,1
2019-01-07,22.0,18.0,2019,1,7,10.8,0.0,7.3,7.3,24.0,2.5,6.9,3.1,1029.9,1025.9,2,1,Winter,1.9725819698022615,0,0
2019-01-08,24.0,20.0,2019,1,8,9.7,0.0,4.9,4.9,30.0,3.3,10.3,5.1,1029.5,1019.9,2,1,Winter,1.9981875217845941,1,0
2019-01-09,24.0,23.0,2019,1,9,11.3,0.0,7.0,7.0,8.0,2.2,10.0,5.7,1020.1,1011.9,2,1,Winter,2.0119266730471908,2,0
2019-01-10,21.0,23.0,2019,1,10,8.4,0.0,5.0,5.0,35.0,2.8,10.6,5.7,1020.1,1014.5,2,1,Winter,2.0538128903836914,3,0
2019-01-11,24.0,18.0,2019,1,11,6.8,0.0,2.9,2.9,33.0,1.4,8.1,5.7,1026.4,1020.1,2,1,Winter,2.1260472488489697,4,0
2019-01-12,25.0,15.0,2019,1,12,8.4,0.0,4.2,4.2,29.0,2.5,8.9,5.7,1027.2,1024.3,2,1,Winter,1.8214936247723128,5,1
2019-01-13,23.712691771269174,20.0,2019,1,13,10.8,0.0,6.0,6.0,36.0,1.9,8.9,3.6,1024.7,1018.1,2,1,Winter,1.6506888633754306,6,1
2019-01-14,16.0,26.0,2019,1,14,13.5,0.0,9.7,9.7,31.0,1.9,7.5,0.5,1020.4,1015.9,3,1,Winter,2.006166028428636,0,0
2019-01-15,28.0,28.0,2019,1,15,10.6,0.0,6.9,6.9,27.0,2.2,8.6,5.9,1022.6,1019.7,3,1,Winter,2.033333333333333,1,0
2019-01-16,35.0,21.0,2019,1,16,11.2,0.0,7.5,7.5,23.0,2.5,10.0,0.4,1019.8,1015.9,3,1,Winter,2.0262119692410563,2,0
2019-01-17,31.0,16.0,2019,1,17,11.8,0.7,8.7,8.7,35.0,3.6,9.7,3.4,1017.7,1014.9,3,1,Winter,2.033910034602076,3,0
2019-01-18,19.0,16.0,2019,1,18,8.3,0.0,6.5,6.5,35.0,2.8,8.9,0.1,1018.7,1015.9,3,1,Winter,2.10665451230629,4,0
2019-01-19,17.0,20.0,2019,1,19,8.9,4.3,4.7,4.7,35.0,2.5,5.3,5.9,1016.0,1010.6,3,1,Winter,1.8666713820908192,5,1
2019-01-20,17.0,22.0,2019,1,20,8.2,13.9,6.4,6.4,10.0,4.2,13.6,0.0,1014.7,1007.3,3,1,Winter,1.6766693701000268,6,1
2019-01-21,17.0,17.0,2019,1,21,8.6,0.0,4.9,4.9,35.0,1.4,7.2,6.2,1017.1,1014.4,4,1,Winter,2.0897567409144195,0,0
2019-01-22,18.0,13.0,2019,1,22,7.4,0.0,4.2,4.2,25.0,2.5,8.3,4.9,1016.4,1004.8,4,1,Winter,2.1220247295208656,1,0
2019-01-23,10.0,13.0,2019,1,23,8.8,0.0,5.3,5.3,26.0,3.1,10.6,3.3,1004.8,994.4,4,1,Winter,2.098592765259432,2,0
2019-01-24,8.0,29.0,2019,1,24,9.0,0.0,4.5,4.5,33.0,5.8,15.8,6.6,1009.4,999.0,4,1,Winter,2.0131291028446388,3,0
2019-01-25,17.0,23.0,2019,1,25,8.8,0.0,3.6,3.6,36.0,2.8,6.1,6.5,1014.8,1009.1,4,1,Winter,2.080452690738317,4,0
2019-01-26,25.0,12.0,2019,1,26,10.8,0.0,5.7,5.7,22.0,4.2,8.9,6.3,1017.9,1011.0,4,1,Winter,1.8001503257056957,5,1
2019-01-27,16.0,14.0,2019,1,27,11.6,0.0,7.5,7.5,31.0,3.9,15.8,4.8,1011.0,1003.9,4,1,Winter,1.6100099556520953,6,1
2019-01-28,12.0,22.0,2019,1,28,10.4,0.0,6.4,6.4,32.0,4.7,17.2,5.8,1010.8,1003.9,5,1,Winter,2.0314601145513405,0,0
2019-01-29,18.0,16.0,2019,1,29,7.9,0.0,5.4,5.4,30.0,2.2,11.9,0.0,1012.3,1003.4,5,1,Winter,1.9998021956285237,1,0
2019-01-30,18.0,19.0,2019,1,30,9.8,0.0,6.3,6.3,27.0,4.7,11.7,6.4,1008.2,1003.5,5,1,Winter,2.012920973657886,2,0
2019-01-31,16.0,23.0,2019,1,31,12.8,0.0,8.8,8.8,27.0,2.8,10.3,2.5,1003.5,994.4,5,1,Winter,2.0410356619443086,3,0
2019-02-01,19.0,9.0,2019,2,1,12.2,0.9,8.6,8.6,26.0,4.2,15.8,2.2,994.5,988.7,5,1,Winter,2.078409513192122,4,0
2019-02-02,14.0,8.0,2019,2,2,10.2,0.2,7.4,7.4,31.0,3.3,15.3,2.2,1006.7,990.4,5,1,Winter,1.7713243546576882,5,1
2019-02-03,9.0,17.0,2019,2,3,9.8,0.0,5.6,5.6,99.0,2.8,13.3,7.7,1021.4,1006.6,5,1,Winter,1.6279306829765543,6,1
2019-02-04,11.0,28.0,2019,2,4,9.2,0.0,5.0,5.0,34.0,2.2,8.9,7.9,1026.6,1021.1,6,1,Winter,1.989929667519181,0,0
2019-02-05,25.0,26.0,2019,2,5,11.6,0.0,7.6,7.6,21.0,2.8,7.5,7.4,1026.6,1024.0,6,1,Winter,2.003846783434277,1,0
2019-02-06,32.0,19.0,2019,2,6,11.5,0.0,7.7,7.7,21.0,2.8,5.8,7.8,1025.7,1021.3,6,1,Winter,2.035037237643873,2,0
2019-02-07,29.0,23.0,2019,2,7,10.1,0.0,6.6,6.6,9.0,2.5,5.3,4.2,1023.6,1019.9,6,1,Winter,2.018253370174998,3,0
2019-02-08,23.0,23.0,2019,2,8,11.6,0.0,7.8,7.8,22.0,3.9,10.6,7.0,1023.4,1019.0,6,1,Winter,2.070527097253155,4,0
2019-02-09,23.0,16.0,2019,2,9,12.0,0.0,8.8,8.8,25.0,2.2,5.6,6.7,1022.8,1019.3,6,1,Winter,1.750564028517282,5,1
2019-02-10,24.0,18.0,2019,2,10,13.8,0.0,9.6,9.6,29.0,4.2,13.6,5.3,1019.5,1014.4,6,1,Winter,1.6754737123031758,6,1
2019-02-11,18.0,25.0,2019,2,11,13.2,0.0,10.4,10.4,4.0,2.2,7.8,7.3,1030.1,1019.3,7,1,Winter,1.983646053880412,0,0
2019-02-12,23.0,21.0,2019,2,12,11.2,0.0,7.6,7.6,20.0,3.9,8.6,8.9,1032.4,1029.7,7,1,Winter,2.0294566544566544,1,0
2019-02-13,27.0,26.0,2019,2,13,9.9,0.0,5.4,5.4,28.0,3.6,6.9,9.2,1034.5,1029.9,7,1,Winter,2.0057450099432863,2,0
2019-02-14,28.0,30.0,2019,2,14,9.1,0.0,4.9,4.9,21.0,4.2,7.8,9.3,1035.8,1031.7,7,1,Winter,2.101550574435607,3,0
2019-02-15,28.0,24.0,2019,2,15,9.2,0.0,4.1,4.1,20.0,3.3,7.8,9.5,1031.7,1028.5,7,1,Winter,2.065877469444231,4,0
2019-02-16,28.0,22.0,2019,2,16,9.4,0.0,4.3,4.3,36.0,2.2,5.3,9.7,1030.8,1028.1,7,1,Winter,1.8204081632653064,5,1
2019-02-17,26.0,18.0,2019,2,17,10.1,0.0,5.1,5.1,35.0,2.2,4.7,8.0,1028.3,1024.4,7,1,Winter,1.6007275587454528,6,1
2019-02-18,25.0,20.0,2019,2,18,10.6,0.0,6.4,6.4,99.0,3.3,5.8,8.9,1024.6,1020.8,8,1,Winter,1.9932028075360175,0,0
2019-02-19,29.0,22.0,2019,2,19,11.9,0.0,8.7,8.7,12.0,3.9,5.8,4.7,1023.3,1021.1,8,1,Winter,1.991589872058692,1,0
2019-02-20,29.0,27.0,2019,2,20,12.2,0.0,9.3,9.3,20.0,2.5,5.3,7.5,1027.5,1022.7,8,1,Winter,2.0357476635514016,2,0
2019-02-21,31.0,38.0,2019,2,21,10.4,0.0,6.0,6.0,21.0,3.9,8.1,9.3,1030.8,1027.4,8,1,Winter,1.9327003165084125,3,0
2019-02-22,37.0,21.0,2019,2,22,14.9,0.0,8.3,8.3,4.0,5.3,8.1,9.6,1030.3,1025.0,8,1,Winter,2.1162077164991953,4,0
2019-02-23,52.0,17.0,2019,2,23,14.4,0.0,9.5,9.5,17.0,3.3,7.8,9.5,1030.0,1024.7,8,1,Winter,1.801826406076641,5,1
2019-02-24,38.0,30.0,2019,2,24,12.2,0.0,8.9,8.9,12.0,2.8,5.8,9.5,1033.4,1030.0,8,1,Winter,1.6637362637362638,6,1
2019-02-25,43.0,28.0,2019,2,25,10.7,0.0,6.8,6.8,20.0,3.9,7.5,9.7,1034.0,1029.9,9,1,Winter,2.061398612550833,0,0
2019-02-26,41.0,35.0,2019,2,26,13.2,0.0,8.5,8.5,35.0,1.7,7.5,10.0,1030.6,1027.5,9,1,Winter,2.0767370627115906,1,0
2019-02-27,41.0,26.0,2019,2,27,13.2,0.0,8.4,8.4,21.0,1.9,7.5,9.6,1027.6,1023.1,9,1,Winter,2.0986035686578743,2,0
2019-02-28,45.0,27.0,2019,2,28,13.8,0.0,9.6,9.6,3.0,1.7,4.7,9.6,1025.7,1023.4,9,1,Winter,2.1062844542447627,3,0
2019-03-01,40.0,19.0,2019,3,1,12.0,0.0,8.6,8.6,20.0,2.8,7.8,9.1,1024.3,1019.8,9,2,Spring,2.072333152047238,4,0
2019-03-02,43.0,21.0,2019,3,2,14.0,0.0,11.4,11.4,27.0,3.1,10.8,8.6,1023.4,1020.4,9,2,Spring,1.7251810822326374,5,1
2019-03-03,36.0,22.0,2019,3,3,13.7,0.0,8.8,8.8,23.0,2.2,11.1,9.2,1023.2,1015.1,9,2,Spring,1.6099474106426597,6,1
2019-03-04,33.0,14.0,2019,3,4,16.8,0.0,11.2,11.2,7.0,4.2,18.1,5.6,1018.6,1012.9,10,2,Spring,1.9930421909696519,0,0
2019-03-05,35.0,19.0,2019,3,5,13.9,0.0,11.0,11.0,13.0,2.5,6.7,7.6,1018.8,1014.7,10,2,Spring,2.0203509928318364,1,0
2019-03-06,34.0,14.0,2019,3,6,13.6,0.1,11.5,11.5,28.0,2.5,9.7,0.0,1014.7,1005.3,10,2,Spring,2.011310511235108,2,0
2019-03-07,22.0,18.0,2019,3,7,14.8,0.0,11.8,11.8,22.0,4.2,11.1,10.5,1016.8,1007.6,10,2,Spring,2.1353510523890002,3,0
2019-03-08,24.0,22.0,2019,3,8,12.3,0.0,8.1,8.1,28.0,1.9,5.3,10.8,1027.7,1016.5,10,2,Spring,2.1563747358534866,4,0
2019-03-09,24.0,17.0,2019,3,9,12.7,0.0,8.2,8.2,29.0,2.8,9.2,10.2,1030.1,1027.2,10,2,Spring,1.8024967393329607,5,1
2019-03-10,24.0,16.0,2019,3,10,15.2,0.0,10.4,10.4,21.0,2.8,7.5,10.1,1028.3,1024.8,10,2,Spring,1.8177364527094584,6,1
2019-03-11,22.0,15.0,2019,3,11,13.7,0.0,12.2,12.2,21.0,4.7,11.4,4.9,1030.7,1025.2,11,2,Spring,2.0195326761591823,0,0
2019-03-12,27.0,17.0,2019,3,12,13.7,0.0,11.1,11.1,24.0,5.3,13.1,4.6,1030.2,1020.2,11,2,Spring,2.0482538643984625,1,0
2019-03-13,29.0,15.0,2019,3,13,12.0,1.7,10.5,10.5,21.0,3.6,10.0,3.7,1025.0,1018.8,11,2,Spring,2.0410867013248364,2,0
2019-03-14,17.0,12.0,2019,3,14,12.6,0.0,8.7,8.7,21.0,3.9,10.0,10.4,1026.9,1021.6,11,2,Spring,2.055331654072208,3,0
2019-03-15,21.0,22.0,2019,3,15,14.4,0.0,10.8,10.8,33.0,3.9,8.9,11.2,1024.4,1022.1,11,2,Spring,2.1432191612850486,4,0
2019-03-16,23.0,20.0,2019,3,16,13.5,0.0,9.6,9.6,21.0,4.7,10.0,10.8,1024.2,1015.3,11,2,Spring,1.8011235955056182,5,1
2019-03-17,31.0,11.0,2019,3,17,13.2,0.0,10.6,10.6,9.0,3.9,11.9,8.1,1018.4,1012.7,11,2,Spring,1.6416714367487122,6,1
2019-03-18,24.0,24.0,2019,3,18,12.6,0.0,9.6,9.6,23.0,2.2,9.7,9.8,1023.5,1018.4,12,2,Spring,2.0134205948140167,0,0
2019-03-19,23.0,17.0,2019,3,19,12.4,0.8,9.6,9.6,20.0,2.5,8.1,6.8,1026.3,1021.1,12,2,Spring,2.066231491800669,1,0
2019-03-20,23.0,22.0,2019,3,20,11.7,0.0,8.3,8.3,10.0,4.7,10.3,10.6,1028.7,1025.8,12,2,Spring,2.072662440570523,2,0
2019-03-21,21.0,26.0,2019,3,21,11.6,0.0,7.8,7.8,12.0,4.4,11.7,11.2,1028.3,1026.1,12,2,Spring,2.065009715025907,3,0
2019-03-22,27.0,31.0,2019,3,22,13.4,0.0,9.3,9.3,35.0,3.6,8.1,10.8,1027.6,1025.6,12,2,Spring,2.0759731763166505,4,0
2019-03-23,32.0,26.0,2019,3,23,15.2,0.0,8.9,8.9,24.0,3.3,8.6,11.4,1026.5,1022.8,12,2,Spring,1.7753757654481352,5,1
2019-03-24,29.0,24.0,2019,3,24,16.1,0.0,11.8,11.8,35.0,1.9,5.8,11.1,1023.5,1020.5,12,2,Spring,1.6693230659025788,6,1
2019-03-25,30.0,16.0,2019,3,25,16.6,0.0,10.9,10.9,23.0,5.8,12.8,11.1,1020.5,1015.3,13,2,Spring,2.006595881595881,0,0
2019-03-26,30.0,20.0,2019,3,26,15.0,0.0,11.2,11.2,17.0,5.3,12.5,11.4,1023.6,1018.2,13,2,Spring,1.9973610967941449,1,0
2019-03-27,36.0,21.0,2019,3,27,11.6,0.0,7.2,7.2,21.0,3.6,8.9,11.5,1026.9,1023.5,13,2,Spring,2.016128574268109,2,0
2019-03-28,30.0,18.0,2019,3,28,12.8,0.0,8.6,8.6,13.0,2.5,6.7,11.3,1028.2,1026.4,13,2,Spring,2.04096767025886,3,0
2019-03-29,25.0,16.0,2019,3,29,12.5,0.0,8.5,8.5,10.0,4.2,15.0,11.4,1028.3,1025.8,13,2,Spring,2.0989857899907296,4,0
2019-03-30,23.0,9.0,2019,3,30,12.5,0.0,8.8,8.8,9.0,4.2,6.9,10.3,1026.1,1019.9,13,2,Spring,1.8289900306051328,5,1
2019-03-31,19.0,17.0,2019,3,31,12.2,0.0,10.0,10.0,9.0,6.4,11.1,1.7,1019.9,1014.7,13,2,Spring,1.627220968954775,6,1
2019-04-01,21.0,24.0,2019,4,1,14.2,0.0,11.4,11.4,99.0,3.1,6.1,10.1,1015.8,1013.8,14,2,Spring,2.0118432233394703,0,0
2019-04-02,28.0,12.0,2019,4,2,14.0,1.2,11.4,11.4,21.0,4.7,10.8,7.1,1015.3,1011.2,14,2,Spring,2.0299990082972466,1,0
2019-04-03,24.0,12.0,2019,4,3,12.4,1.8,8.7,8.7,32.0,2.8,10.3,1.1,1011.6,1001.0,14,2,Spring,2.066722241816025,2,0
2019-04-04,12.0,20.0,2019,4,4,10.7,0.0,7.0,7.0,32.0,3.9,9.4,11.5,1004.1,1001.2,14,2,Spring,2.0928202126621787,3,0
2019-04-05,17.0,11.0,2019,4,5,11.0,3.6,7.2,7.2,21.0,4.7,11.9,3.4,1003.4,997.8,14,2,Spring,2.1001801280195567,4,0
2019-04-06,14.0,12.0,2019,4,6,12.5,0.0,8.6,8.6,29.0,4.2,12.2,9.6,1003.0,997.5,14,2,Spring,1.8968726259812607,5,1
2019-04-07,12.0,22.0,2019,4,7,13.0,2.0,10.2,10.2,20.0,2.2,8.6,8.2,1013.4,1001.5,14,2,Spring,1.7157479668117963,6,1
2019-04-08,12.0,20.0,2019,4,8,12.6,0.4,8.4,8.4,21.0,4.4,11.4,8.0,1012.8,1008.9,15,2,Spring,2.0544625683432534,0,0
2019-04-09,17.0,20.0,2019,4,9,13.3,2.9,10.6,10.6,8.0,2.2,8.6,5.2,1010.3,1008.2,15,2,Spring,2.0577628216320893,1,0
2019-04-10,13.0,15.0,2019,4,10,13.9,2.8,10.5,10.5,27.0,3.1,10.8,7.1,1012.3,1007.5,15,2,Spring,2.0418596418773416,2,0
2019-04-11,11.0,16.0,2019,4,11,14.8,0.0,11.7,11.7,31.0,2.2,8.1,8.2,1013.9,1011.0,15,2,Spring,2.0738800847584087,3,0
2019-04-12,14.0,15.0,2019,4,12,14.8,0.0,12.2,12.2,14.0,3.1,7.8,11.1,1016.9,1013.1,15,2,Spring,2.0936986849056867,4,0
2019-04-13,20.0,14.0,2019,4,13,14.0,0.0,10.8,10.8,21.0,3.1,6.9,11.7,1017.1,1015.0,15,2,Spring,1.7367167583523413,5,1
2019-04-14,20.0,12.0,2019,4,14,12.6,0.0,10.0,10.0,9.0,3.6,7.5,4.9,1017.4,1013.1,15,2,Spring,1.5735869695260558,6,1
2019-04-15,19.0,16.0,2019,4,15,13.7,0.2,11.4,11.4,99.0,4.2,7.5,7.8,1018.6,1015.9,16,2,Spring,1.917561097037764,0,0
2019-04-16,20.0,10.0,2019,4,16,14.1,0.0,10.8,10.8,12.0,3.6,6.7,5.6,1021.1,1016.4,16,2,Spring,1.9249805447470816,1,0
2019-04-17,17.0,5.0,2019,4,17,14.2,0.0,10.9,10.9,10.0,2.5,8.3,4.2,1020.4,1016.8,16,2,Spring,1.8919686316928068,2,0
2019-04-18,14.0,4.0,2019,4,18,14.4,0.0,12.9,12.9,8.0,10.8,18.3,1.1,1019.0,1014.8,16,2,Spring,1.7917441050063887,3,0
2019-04-19,20.0,10.0,2019,4,19,16.1,0.0,14.6,14.6,9.0,11.7,20.3,3.8,1022.4,1017.8,16,2,Spring,1.4464735402286355,4,0
2019-04-20,28.0,4.0,2019,4,20,15.8,0.1,14.2,14.2,8.0,7.5,16.7,0.0,1021.5,1016.1,16,2,Spring,1.5205949256342957,5,1
2019-04-21,25.0,5.0,2019,4,21,15.6,0.7,14.8,14.8,8.0,9.2,17.8,1.4,1016.1,1005.5,16,2,Spring,1.4780355734060102,6,1
2019-04-22,36.0,17.0,2019,4,22,15.4,1.3,14.1,14.1,8.0,6.7,15.8,0.1,1005.6,997.1,17,2,Spring,1.5525899668108916,0,0
2019-04-23,37.0,15.0,2019,4,23,15.7,0.1,13.9,13.9,21.0,4.2,9.4,5.5,1001.9,996.1,17,2,Spring,2.1071734701046863,1,0
2019-04-24,26.0,16.0,2019,4,24,14.6,0.0,12.7,12.7,24.0,6.4,15.3,10.6,1011.5,1001.2,17,2,Spring,2.0814115151428285,2,0
2019-04-25,22.0,8.0,2019,4,25,15.6,0.1,14.1,14.1,25.0,3.9,11.7,2.0,1014.7,1008.9,17,2,Spring,2.0709160504328503,3,0
2019-04-26,17.0,16.0,2019,4,26,17.0,0.0,12.8,12.8,8.0,3.9,13.1,11.9,1024.3,1014.7,17,2,Spring,2.151740748850449,4,0
2019-04-27,17.0,21.0,2019,4,27,14.6,0.0,11.3,11.3,22.0,3.3,6.7,12.2,1025.1,1022.9,17,2,Spring,1.8215247455461057,5,1
2019-04-28,18.0,17.0,2019,4,28,14.1,0.0,11.8,11.8,14.0,2.5,5.6,1.1,1023.9,1020.5,17,2,Spring,1.6344928956393925,6,1
2019-04-29,23.0,16.0,2019,4,29,15.1,0.7,13.3,13.3,21.0,3.9,9.4,5.4,1021.2,1017.0,18,2,Spring,2.1245421746023068,0,0
2019-04-30,22.0,9.0,2019,4,30,15.7,0.0,14.0,14.0,22.0,5.3,11.7,8.8,1018.1,1015.4,18,2,Spring,2.1548124486137508,1,0
2019-05-01,20.0,15.0,2019,5,1,16.0,0.0,13.8,13.8,22.0,5.8,11.1,10.0,1016.5,1013.3,18,2,Spring,1.6584147843942505,2,0
2019-05-02,19.0,20.0,2019,5,2,15.9,0.1,13.4,13.4,15.0,2.8,6.4,7.5,1016.4,1014.1,18,2,Spring,2.064861503521555,3,0
2019-05-03,17.0,11.0,2019,5,3,13.2,23.2,10.7,10.7,8.0,3.1,8.1,0.0,1014.8,1010.5,18,2,Spring,2.245357496507101,4,0
2019-05-04,11.0,10.0,2019,5,4,14.2,0.0,10.1,10.1,28.0,4.4,11.9,12.5,1011.7,1008.6,18,2,Spring,1.8506237307803888,5,1
2019-05-05,15.0,15.0,2019,5,5,15.6,0.0,11.8,11.8,14.0,7.8,13.6,13.0,1016.8,1009.9,18,2,Spring,1.7175610003894544,6,1
2019-05-06,24.0,22.0,2019,5,6,13.3,0.0,10.9,10.9,21.0,4.7,9.7,11.6,1019.5,1016.7,19,2,Spring,2.039596368963676,0,0
2019-05-07,31.0,20.0,2019,5,7,14.4,0.0,12.0,12.0,24.0,2.5,8.6,0.0,1019.0,1013.9,19,2,Spring,2.0152091831319088,1,0
2019-05-08,41.0,13.0,2019,5,8,17.8,0.0,14.6,14.6,24.0,4.4,11.7,2.5,1013.9,1004.1,19,2,Spring,2.022919422557083,2,0
2019-05-09,41.0,15.0,2019,5,9,16.7,0.0,13.6,13.6,22.0,3.1,10.8,11.9,1012.7,1008.0,19,2,Spring,2.08372073659816,3,0
2019-05-10,30.0,13.0,2019,5,10,17.6,0.3,15.0,15.0,8.0,2.2,5.6,9.1,1015.6,1009.9,19,2,Spring,2.1757786831383887,4,0
2019-05-11,24.0,10.0,2019,5,11,17.2,0.0,15.3,15.3,22.0,3.1,8.6,8.9,1022.8,1015.4,19,2,Spring,1.7943070789093192,5,1
2019-05-12,24.0,16.0,2019,5,12,16.7,0.0,13.5,13.5,99.0,3.9,6.7,12.9,1023.6,1019.8,19,2,Spring,1.6823253172910175,6,1
2019-05-13,28.0,19.0,2019,5,13,15.3,0.0,11.9,11.9,99.0,3.6,9.7,12.2,1020.9,1019.1,20,2,Spring,2.058345593595504,0,0
2019-05-14,44.0,15.0,2019,5,14,15.9,0.0,13.1,13.1,20.0,5.0,10.8,11.2,1020.4,1014.3,20,2,Spring,2.0639477167438782,1,0
2019-05-15,40.0,23.0,2019,5,15,15.4,0.0,13.1,13.1,10.0,6.4,14.4,12.5,1015.6,1012.0,20,2,Spring,2.1142019362045428,2,0
2019-05-16,38.0,15.0,2019,5,16,14.5,0.8,11.5,11.5,20.0,4.7,11.1,9.8,1014.8,1005.7,20,2,Spring,2.0861196307431973,3,0
2019-05-17,37.0,12.0,2019,5,17,13.8,12.9,11.8,11.8,99.0,4.4,11.7,1.9,1007.7,1001.3,20,2,Spring,2.182610654054556,4,0
2019-05-18,14.0,11.0,2019,5,18,15.1,0.9,12.2,12.2,9.0,6.1,12.8,6.1,1009.5,1005.7,20,2,Spring,1.847343325262548,5,1
2019-05-19,10.0,13.0,2019,5,19,14.0,1.3,11.4,11.4,11.0,1.4,8.1,5.1,1011.2,1007.2,20,2,Spring,1.6766638406104282,6,1
2019-05-20,12.0,20.0,2019,5,20,15.4,0.0,11.7,11.7,35.0,4.2,7.2,13.2,1014.8,1010.0,21,2,Spring,2.0787002310300338,0,0
2019-05-21,20.0,16.0,2019,5,21,15.6,0.0,12.5,12.5,99.0,3.1,9.7,4.5,1017.5,1014.0,21,2,Spring,2.0487534864996984,1,0
2019-05-22,26.0,23.0,2019,5,22,16.8,0.0,14.2,14.2,21.0,3.9,8.1,12.2,1018.3,1016.5,21,2,Spring,2.037003706471836,2,0
2019-05-23,33.0,30.0,2019,5,23,17.2,0.5,14.2,14.2,20.0,3.6,9.4,10.1,1017.9,1015.2,21,2,Spring,2.0856486923810973,3,0
2019-05-24,28.0,23.0,2019,5,24,15.3,17.9,13.4,13.4,99.0,1.9,5.8,0.0,1015.5,1014.0,21,2,Spring,2.2888805810724198,4,0
2019-05-25,14.0,19.0,2019,5,25,18.6,0.0,14.0,14.0,8.0,2.2,7.5,1.2,1016.0,1014.1,21,2,Spring,1.765070804414777,5,1
2019-05-26,16.0,15.0,2019,5,26,19.4,0.0,15.3,15.3,22.0,3.6,8.1,8.0,1015.3,1012.6,21,2,Spring,1.6447991194276281,6,1
2019-05-27,15.0,10.0,2019,5,27,19.4,0.0,15.7,15.7,21.0,4.2,10.0,12.0,1012.9,1009.7,22,2,Spring,2.030753315150945,0,0
2019-05-28,17.0,12.0,2019,5,28,18.0,0.0,16.2,16.2,12.0,3.6,7.8,5.5,1017.0,1011.1,22,2,Spring,2.0618429881458287,1,0
2019-05-29,22.0,17.0,2019,5,29,17.1,0.0,14.3,14.3,20.0,3.9,10.6,11.7,1023.7,1016.9,22,2,Spring,2.0889876305992554,2,0
2019-05-30,28.0,26.0,2019,5,30,17.0,0.0,13.9,13.9,20.0,3.9,7.5,12.6,1025.2,1023.0,22,2,Spring,2.1459662837694107,3,0
2019-05-31,31.0,25.0,2019,5,31,18.5,0.0,15.0,15.0,21.0,4.4,9.4,12.9,1024.8,1021.7,22,2,Spring,2.218683030069083,4,0
2019-06-01,35.0,21.0,2019,6,1,20.8,0.0,17.8,17.8,22.0,3.9,11.1,13.1,1022.0,1019.3,22,3,Summer,1.8107554495704543,5,1
2019-06-02,31.0,29.0,2019,6,2,20.0,0.0,16.1,16.1,23.0,5.6,11.9,12.9,1020.1,1017.4,22,3,Summer,1.639895291321385,6,1
2019-06-03,38.0,22.0,2019,6,3,21.0,0.0,17.2,17.2,24.0,5.0,10.6,11.8,1018.1,1014.9,23,3,Summer,2.0705904798244776,0,0
2019-06-04,47.0,13.0,2019,6,4,19.6,0.0,17.8,17.8,20.0,3.3,8.6,12.5,1014.9,1008.6,23,3,Summer,2.0894980962270684,1,0
2019-06-05,36.0,6.0,2019,6,5,20.4,0.0,16.3,16.3,30.0,4.4,14.4,6.2,1013.2,1005.3,23,3,Summer,2.08439172026158,2,0
2019-06-06,22.0,16.0,2019,6,6,18.2,0.0,16.2,16.2,18.0,3.3,7.8,10.0,1015.5,1011.5,23,3,Summer,2.113512847540692,3,0
2019-06-07,17.0,8.0,2019,6,7,21.9,0.0,17.2,17.2,6.0,3.3,14.7,11.8,1020.6,1010.6,23,3,Summer,2.2007921267402786,4,0
2019-06-08,23.0,14.0,2019,6,8,19.0,0.0,16.2,16.2,10.0,3.6,7.5,11.9,1023.2,1018.9,23,3,Summer,1.7716257783779727,5,1
2019-06-09,21.0,21.0,2019,6,9,22.2,0.0,18.2,18.2,6.0,3.6,11.4,1.1,1018.9,1011.5,23,3,Summer,1.5423471074380166,6,1
2019-06-10,33.0,13.0,2019,6,10,21.8,5.9,17.2,17.2,22.0,5.0,10.3,11.0,1012.8,1009.8,24,3,Summer,1.5888175985334556,0,0
2019-06-11,23.0,14.0,2019,6,11,15.8,24.0,13.2,13.2,19.0,3.3,17.8,0.0,1014.8,1010.4,24,3,Summer,2.201358375692829,1,0
2019-06-12,10.0,13.0,2019,6,12,15.5,0.0,12.6,12.6,21.0,4.2,9.2,12.9,1015.6,1013.6,24,3,Summer,2.131328542176898,2,0
2019-06-13,11.0,22.0,2019,6,13,17.3,0.0,13.8,13.8,8.0,4.7,8.9,9.8,1015.1,1010.9,24,3,Summer,2.1149697587315868,3,0
2019-06-14,19.0,13.0,2019,6,14,21.4,0.0,18.3,18.3,23.0,5.6,15.3,7.9,1013.5,1006.5,24,3,Summer,2.150674445001716,4,0
2019-06-15,35.0,14.0,2019,6,15,20.2,0.0,17.2,17.2,11.0,3.1,6.7,9.9,1020.3,1012.9,24,3,Summer,1.807599807599808,5,1
2019-06-16,21.0,23.0,2019,6,16,20.2,0.0,16.1,16.1,22.0,4.4,10.0,10.4,1020.2,1016.9,24,3,Summer,1.6686679402043725,6,1
2019-06-17,21.0,28.0,2019,6,17,21.0,0.0,17.6,17.6,22.0,4.4,10.0,12.5,1017.1,1014.7,25,3,Summer,2.0729796032802974,0,0
2019-06-18,42.0,21.0,2019,6,18,21.5,0.0,18.2,18.2,21.0,4.7,10.0,11.1,1015.8,1013.3,25,3,Summer,2.0986441691120534,1,0
2019-06-19,48.0,9.0,2019,6,19,20.5,0.0,18.6,18.6,20.0,4.2,8.6,9.8,1013.5,1011.5,25,3,Summer,2.1279154569097187,2,0
2019-06-20,40.0,9.0,2019,6,20,21.4,0.0,18.9,18.9,9.0,3.9,7.5,7.2,1014.1,1012.2,25,3,Summer,2.135948358884926,3,0
2019-06-21,27.0,18.0,2019,6,21,22.8,0.0,19.1,19.1,21.0,1.9,6.4,9.9,1015.9,1013.1,25,3,Summer,2.1539521043672605,4,0
2019-06-22,36.0,15.0,2019,6,22,23.0,0.0,19.8,19.8,22.0,5.0,13.6,11.4,1016.1,1013.7,25,3,Summer,1.7350546374319695,5,1
2019-06-23,38.0,10.0,2019,6,23,22.9,0.0,19.4,19.4,21.0,5.0,10.3,11.1,1016.1,1013.1,25,3,Summer,1.4973754981693292,6,1
2019-06-24,64.0,6.0,2019,6,24,22.0,0.0,19.8,19.8,7.0,5.3,9.7,11.2,1016.5,1013.9,26,3,Summer,1.51151147854155,0,0
2019-06-25,34.0,16.0,2019,6,25,23.0,0.0,21.0,21.0,8.0,5.8,10.0,9.3,1018.9,1014.8,26,3,Summer,2.0996530606880963,1,0
2019-06-26,31.0,24.0,2019,6,26,25.4,0.0,23.0,23.0,8.0,4.7,9.4,11.6,1020.6,1017.8,26,3,Summer,2.114484000847637,2,0
2019-06-27,34.0,47.0,2019,6,27,25.8,0.0,22.7,22.7,26.0,1.4,4.7,12.1,1020.5,1017.1,26,3,Summer,2.1888463483348986,3,0
2019-06-28,53.0,26.0,2019,6,28,28.8,0.0,22.3,22.3,22.0,3.3,10.3,12.0,1017.1,1012.6,26,3,Summer,2.1924012279232947,4,0
2019-06-29,58.0,7.0,2019,6,29,27.8,0.0,24.3,24.3,8.0,1.4,7.8,12.0,1015.5,1012.2,26,3,Summer,1.7757845563577257,5,1
2019-06-30,42.0,9.0,2019,6,30,24.7,0.0,21.7,21.7,20.0,1.7,5.0,10.5,1017.9,1015.4,26,3,Summer,1.632772539594503,6,1
2019-07-01,39.0,16.0,2019,7,1,24.6,0.0,22.3,22.3,12.0,3.3,5.8,11.7,1017.5,1015.2,27,3,Summer,2.099637220385269,0,0
2019-07-02,38.0,23.0,2019,7,2,24.8,0.0,21.9,21.9,99.0,2.5,5.8,11.9,1016.6,1013.2,27,3,Summer,2.0747269441315908,1,0
2019-07-03,36.0,16.0,2019,7,3,25.7,0.0,22.2,22.2,99.0,2.5,5.0,12.0,1014.8,1013.3,27,3,Summer,2.1050121526637326,2,0
2019-07-04,43.0,23.0,2019,7,4,25.6,0.0,22.4,22.4,9.0,3.1,5.8,11.3,1017.2,1014.5,27,3,Summer,2.1344733723186726,3,0
2019-07-05,39.0,18.0,2019,7,5,25.4,0.0,23.0,23.0,20.0,4.2,9.7,11.7,1017.2,1013.5,27,3,Summer,2.149499303493048,4,0
2019-07-06,49.0,13.0,2019,7,6,26.5,0.2,24.3,24.3,20.0,4.4,10.8,9.0,1014.3,1009.3,27,3,Summer,1.7180436367715517,5,1
2019-07-07,52.0,25.0,2019,7,7,27.0,1.2,24.2,24.2,25.0,3.3,13.6,4.6,1014.6,1010.1,27,3,Summer,1.609633181637702,6,1
2019-07-08,38.0,17.0,2019,7,8,26.6,3.9,23.8,23.8,12.0,2.2,11.9,0.5,1016.3,1009.9,28,3,Summer,2.0510626813305444,0,0
2019-07-09,30.0,22.0,2019,7,9,25.6,0.0,22.5,22.5,32.0,3.9,13.1,7.8,1013.9,1008.5,28,3,Summer,2.06147939661993,1,0
2019-07-10,28.0,28.0,2019,7,10,25.0,0.0,22.1,22.1,21.0,3.9,10.0,12.5,1014.3,1012.2,28,3,Summer,2.085976573211977,2,0
2019-07-11,39.0,17.0,2019,7,11,26.0,0.0,22.0,22.0,23.0,4.7,14.7,12.6,1014.8,1011.7,28,3,Summer,2.0941844333078508,3,0
2019-07-12,41.0,20.0,2019,7,12,24.8,0.0,23.0,23.0,21.0,3.9,8.9,11.4,1015.5,1013.4,28,3,Summer,2.1428145420599525,4,0
2019-07-13,31.0,13.0,2019,7,13,26.2,0.0,22.6,22.6,21.0,2.8,9.7,11.1,1015.2,1011.7,28,3,Summer,1.7320013729584394,5,1
2019-07-14,26.0,14.0,2019,7,14,24.9,2.8,22.6,22.6,9.0,4.4,10.0,4.9,1011.8,1009.3,28,3,Summer,1.6690296034889276,6,1
2019-07-15,22.0,17.0,2019,7,15,24.8,0.0,22.1,22.1,20.0,3.6,10.0,11.3,1014.8,1008.9,29,3,Summer,2.057010035030421,0,0
2019-07-16,30.0,14.0,2019,7,16,24.6,0.0,22.4,22.4,22.0,5.3,11.1,12.5,1016.0,1014.3,29,3,Summer,2.060604469874933,1,0
2019-07-17,31.0,15.0,2019,7,17,22.5,9.1,18.2,18.2,34.0,4.7,23.1,6.6,1015.0,1012.1,29,3,Summer,2.119101639521378,2,0
2019-07-18,24.0,15.0,2019,7,18,24.4,0.0,21.1,21.1,19.0,3.6,7.2,9.5,1016.1,1013.1,29,3,Summer,2.094295372359939,3,0
2019-07-19,22.0,12.0,2019,7,19,25.2,0.0,22.4,22.4,16.0,3.1,6.4,10.9,1016.7,1014.4,29,3,Summer,2.111225809823727,4,0
2019-07-20,22.0,8.0,2019,7,20,26.0,0.0,23.0,23.0,18.0,2.8,6.7,11.9,1019.0,1014.5,29,3,Summer,1.6880052042963127,5,1
2019-07-21,20.0,16.0,2019,7,21,25.4,0.0,22.6,22.6,10.0,2.2,6.1,10.5,1021.3,1018.7,29,3,Summer,1.5598144416850197,6,1
2019-07-22,23.0,23.0,2019,7,22,26.4,0.0,23.1,23.1,14.0,1.9,5.3,11.7,1021.4,1018.6,30,3,Summer,1.9855605002789916,0,0
2019-07-23,29.0,14.0,2019,7,23,26.8,0.0,23.5,23.5,20.0,3.9,9.4,11.8,1018.6,1015.3,30,3,Summer,2.0034517629609656,1,0
2019-07-24,28.0,12.0,2019,7,24,26.4,0.0,23.3,23.3,15.0,2.8,6.1,11.9,1016.4,1014.3,30,3,Summer,2.0276587510021287,2,0
2019-07-25,24.0,20.0,2019,7,25,26.4,0.0,23.4,23.4,14.0,2.2,5.8,11.8,1015.0,1012.4,30,3,Summer,2.0736582911911885,3,0
2019-07-26,27.0,9.0,2019,7,26,27.1,0.0,24.2,24.2,9.0,2.2,8.9,8.5,1012.6,1006.7,30,3,Summer,2.0559356242300333,4,0
2019-07-27,25.0,6.0,2019,7,27,22.3,38.5,18.7,18.7,14.0,1.9,14.7,3.6,1007.3,1002.0,30,3,Summer,1.7017575457397152,5,1
2019-07-28,12.0,17.0,2019,7,28,23.0,0.0,19.4,19.4,12.0,3.3,10.0,13.0,1010.8,1005.4,30,3,Summer,1.5738832165926686,6,1
2019-07-29,17.0,15.0,2019,7,29,24.0,0.0,20.9,20.9,21.0,4.7,10.6,11.7,1011.8,1008.9,31,3,Summer,1.9641168400442213,0,0
2019-07-30,26.0,7.0,2019,7,30,25.9,0.0,24.1,24.1,99.0,3.9,8.9,8.9,1016.8,1011.6,31,3,Summer,1.978917184406363,1,0
2019-07-31,25.0,12.0,2019,7,31,24.5,0.0,23.0,23.0,99.0,3.9,7.5,10.1,1018.0,1015.2,31,3,Summer,1.9910616363237552,2,0
2019-08-01,24.0,22.0,2019,8,1,24.9,0.0,22.1,22.1,9.0,5.8,10.8,9.7,1015.6,1010.8,31,3,Summer,1.9720234565460892,3,0
2019-08-02,28.0,15.0,2019,8,2,26.3,0.0,22.7,22.7,21.0,3.9,9.2,12.4,1015.2,1013.0,31,3,Summer,1.941691537055784,4,0
2019-08-03,30.0,15.0,2019,8,3,26.8,0.0,23.6,23.6,21.0,4.7,10.8,11.9,1015.0,1012.2,31,3,Summer,1.6296791820409542,5,1
2019-08-04,28.0,19.0,2019,8,4,26.4,0.0,23.6,23.6,21.0,3.9,8.9,11.3,1014.7,1012.8,31,3,Summer,1.5690314796882194,6,1
2019-08-05,29.0,13.0,2019,8,5,27.4,0.0,24.0,24.0,21.0,2.5,6.4,11.8,1014.8,1011.8,32,3,Summer,1.7948673347873212,0,0
2019-08-06,27.0,6.0,2019,8,6,26.4,0.0,23.8,23.8,7.0,3.3,6.7,8.5,1013.3,1008.8,32,3,Summer,1.7907654921020657,1,0
2019-08-07,30.0,17.0,2019,8,7,26.4,0.0,24.5,24.5,9.0,3.3,6.7,3.3,1012.0,1008.7,32,3,Summer,1.8128273150884524,2,0
2019-08-08,32.0,20.0,2019,8,8,27.0,0.0,25.2,25.2,21.0,3.6,10.0,11.8,1011.9,1010.1,32,3,Summer,1.7866456955422918,3,0
2019-08-09,48.0,6.0,2019,8,9,27.2,0.0,25.1,25.1,20.0,5.0,8.6,11.8,1011.8,1009.6,32,3,Summer,1.771863679055414,4,0
2019-08-10,36.0,8.0,2019,8,10,27.2,0.0,25.0,25.0,12.0,3.9,10.3,10.6,1016.5,1011.6,32,3,Summer,1.561243171415916,5,1
2019-08-11,26.0,10.0,2019,8,11,26.4,17.4,24.1,24.1,8.0,2.8,12.2,10.1,1015.4,1010.9,32,3,Summer,1.4740617373524174,6,1
2019-08-12,23.0,11.0,2019,8,12,24.1,0.0,20.8,20.8,10.0,3.9,9.4,6.6,1018.1,1010.7,33,3,Summer,1.7047081359007965,0,0
2019-08-13,16.0,14.0,2019,8,13,23.4,0.0,20.6,20.6,22.0,5.3,15.0,7.2,1019.0,1016.0,33,3,Summer,1.6889671526189507,1,0
2019-08-14,21.0,14.0,2019,8,14,23.6,0.0,20.7,20.7,99.0,4.2,8.6,11.5,1018.6,1016.5,33,3,Summer,1.7002052818464268,2,0
2019-08-15,26.0,8.0,2019,8,15,25.2,5.3,22.2,22.2,6.0,4.2,12.5,7.9,1019.1,1016.5,33,3,Summer,1.5296260467366003,3,0
2019-08-16,21.0,13.0,2019,8,16,25.1,0.1,22.5,22.5,24.0,3.6,11.4,5.4,1019.3,1014.5,33,3,Summer,1.6522439681635714,4,0
2019-08-17,20.0,11.0,2019,8,17,25.7,0.0,23.4,23.4,22.0,4.2,10.0,11.9,1016.3,1013.4,33,3,Summer,1.5696638315107332,5,1
2019-08-18,21.0,6.0,2019,8,18,25.6,0.0,22.6,22.6,21.0,3.9,9.4,10.2,1013.8,1010.7,33,3,Summer,1.5274110150060878,6,1
2019-08-19,22.0,5.0,2019,8,19,25.1,0.0,23.7,23.7,10.0,6.7,12.5,6.3,1016.9,1013.4,34,3,Summer,1.6863450855912028,0,0
2019-08-20,16.0,10.0,2019,8,20,25.3,0.0,23.2,23.2,10.0,4.7,11.4,2.8,1020.6,1016.0,34,3,Summer,1.7017661337574286,1,0
2019-08-21,18.0,13.0,2019,8,21,24.1,0.0,21.1,21.1,19.0,3.6,7.5,10.2,1020.5,1017.7,34,3,Summer,1.6996589869416951,2,0
2019-08-22,23.0,12.0,2019,8,22,25.2,0.0,23.2,23.2,20.0,3.3,8.9,11.3,1020.1,1017.6,34,3,Summer,1.6922515022878881,3,0
2019-08-23,24.0,18.0,2019,8,23,24.6,0.0,21.5,21.5,14.0,2.2,12.2,11.4,1020.3,1018.0,34,3,Summer,1.7089729104086864,4,0
2019-08-24,25.0,12.0,2019,8,24,25.0,0.0,21.8,21.8,20.0,2.5,6.1,11.6,1019.0,1017.0,34,3,Summer,1.5233414466704114,5,1
2019-08-25,26.0,19.0,2019,8,25,25.6,0.0,23.1,23.1,20.0,3.1,7.8,11.7,1017.6,1016.1,34,3,Summer,1.4878843412746894,6,1
2019-08-26,31.0,19.0,2019,8,26,24.9,0.1,21.6,21.6,20.0,3.1,6.4,6.9,1016.9,1014.5,35,3,Summer,1.7651979845555616,0,0
2019-08-27,25.0,15.0,2019,8,27,22.5,17.9,19.9,19.9,14.0,1.4,15.6,0.0,1016.9,1014.1,35,3,Summer,1.8036078965282505,1,0
2019-08-28,22.0,17.0,2019,8,28,24.8,0.0,21.7,21.7,27.0,2.5,8.6,11.2,1017.7,1015.2,35,3,Summer,1.8169419402354032,2,0
2019-08-29,23.0,20.0,2019,8,29,26.4,0.0,22.6,22.6,21.0,3.9,8.3,10.3,1019.2,1017.2,35,3,Summer,1.8025667896467077,3,0
2019-08-30,24.0,17.0,2019,8,30,27.0,0.0,23.7,23.7,15.0,2.2,5.3,11.0,1019.6,1016.2,35,3,Summer,1.8515237564706999,4,0
2019-08-31,26.0,10.0,2019,8,31,26.6,0.0,23.9,23.9,12.0,2.5,6.1,8.3,1016.2,1013.0,35,3,Summer,1.5936891665534882,5,1
2019-09-01,21.0,13.0,2019,9,1,25.5,1.2,22.2,22.2,13.0,2.5,6.7,6.4,1015.7,1012.5,35,4,Autumn,1.5182217070949582,6,1
2019-09-02,19.0,12.0,2019,9,2,23.6,24.9,20.4,20.4,12.0,3.3,12.2,8.7,1020.1,1015.3,36,4,Autumn,1.9496597523981307,0,0
2019-09-03,17.0,18.0,2019,9,3,23.8,0.0,20.8,20.8,18.0,3.3,7.8,11.7,1020.7,1019.2,36,4,Autumn,1.958654824055868,1,0
2019-09-04,19.0,15.0,2019,9,4,24.0,0.0,20.4,20.4,21.0,4.4,8.1,11.7,1019.9,1015.6,36,4,Autumn,1.9700508103493384,2,0
2019-09-05,24.0,15.0,2019,9,5,23.2,2.4,19.6,19.6,11.0,5.0,10.6,6.6,1018.3,1015.3,36,4,Autumn,2.0122661122661123,3,0
2019-09-06,22.0,11.0,2019,9,6,22.1,0.0,19.2,19.2,9.0,3.3,9.4,11.6,1019.9,1017.3,36,4,Autumn,2.0551967116852614,4,0
2019-09-07,22.0,10.0,2019,9,7,21.8,0.0,19.1,19.1,8.0,4.2,12.5,10.4,1020.6,1016.9,36,4,Autumn,1.6692439364047813,5,1
2019-09-08,22.0,13.0,2019,9,8,22.0,42.0,18.9,18.9,9.0,6.1,15.6,7.8,1018.3,1015.0,36,4,Autumn,1.5851724911111822,6,1
2019-09-09,17.0,17.0,2019,9,9,21.8,34.4,19.3,19.3,9.0,5.0,9.4,6.1,1017.5,1008.1,37,4,Autumn,2.00757923128793,0,0
2019-09-10,14.0,6.0,2019,9,10,18.6,29.6,14.6,14.6,7.0,1.7,26.1,0.1,1012.8,1006.6,37,4,Autumn,2.1287381179090747,1,0
2019-09-11,11.0,16.0,2019,9,11,20.4,2.6,16.5,16.5,3.0,6.7,18.6,5.1,1023.2,1010.9,37,4,Autumn,1.6410686671272992,2,0
2019-09-12,19.0,19.0,2019,9,12,22.7,0.0,18.3,18.3,10.0,3.1,12.5,10.8,1028.0,1023.1,37,4,Autumn,2.078552006372051,3,0
2019-09-13,27.0,12.0,2019,9,13,22.1,0.1,19.2,19.2,18.0,4.7,11.1,1.6,1030.3,1023.6,37,4,Autumn,2.081181479214202,4,0
2019-09-14,23.0,10.0,2019,9,14,23.8,0.0,21.2,21.2,11.0,4.4,12.2,7.0,1025.7,1022.3,37,4,Autumn,1.7299648316945382,5,1
2019-09-15,23.0,22.0,2019,9,15,22.9,0.0,20.9,20.9,9.0,5.6,11.9,9.7,1023.3,1019.8,37,4,Autumn,1.5859332760868874,6,1
2019-09-16,25.0,25.0,2019,9,16,23.2,0.0,20.8,20.8,10.0,2.2,6.1,6.8,1020.0,1016.6,38,4,Autumn,2.0284294558488107,0,0
2019-09-17,33.0,26.0,2019,9,17,23.0,0.0,19.4,19.4,20.0,2.5,5.6,10.8,1017.0,1013.3,38,4,Autumn,2.0556520345186886,1,0
2019-09-18,38.0,16.0,2019,9,18,23.6,0.0,20.0,20.0,8.0,2.2,6.1,9.7,1016.4,1012.5,38,4,Autumn,2.0669387433730515,2,0
2019-09-19,34.0,15.0,2019,9,19,23.7,0.0,20.8,20.8,14.0,3.6,6.1,8.1,1018.8,1015.9,38,4,Autumn,2.0855882391443794,3,0
2019-09-20,26.0,10.0,2019,9,20,22.0,0.9,19.3,19.3,10.0,4.7,8.9,9.0,1019.8,1016.1,38,4,Autumn,2.157401380028642,4,0
2019-09-21,25.0,14.0,2019,9,21,21.0,11.1,19.7,19.7,9.0,5.0,15.3,0.7,1016.1,1011.7,38,4,Autumn,1.7438256454847625,5,1
2019-09-22,20.0,12.0,2019,9,22,22.4,2.2,19.2,19.2,9.0,3.9,12.2,8.1,1015.8,1010.0,38,4,Autumn,1.6709522598690485,6,1
2019-09-23,18.0,17.0,2019,9,23,21.3,0.0,19.4,19.4,22.0,3.6,11.4,6.3,1019.4,1015.7,39,4,Autumn,1.9430928819674742,0,0
2019-09-24,21.0,11.0,2019,9,24,24.0,0.0,19.8,19.8,26.0,3.3,11.7,11.0,1017.0,1011.9,39,4,Autumn,1.5972175143324543,1,0
2019-09-25,23.0,15.0,2019,9,25,22.5,0.0,20.4,20.4,11.0,2.2,6.9,8.1,1017.2,1012.9,39,4,Autumn,2.1126025038461,2,0
2019-09-26,18.0,22.0,2019,9,26,22.4,0.0,19.5,19.5,24.0,2.2,10.3,10.3,1019.2,1016.6,39,4,Autumn,2.110708059885152,3,0
2019-09-27,26.0,12.0,2019,9,27,22.0,0.0,19.7,19.7,22.0,3.1,8.6,3.2,1018.8,1016.1,39,4,Autumn,2.155563539314309,4,0
2019-09-28,27.0,14.0,2019,9,28,23.2,0.0,21.0,21.0,99.0,2.5,6.1,5.5,1021.4,1018.0,39,4,Autumn,1.7906332131726723,5,1
2019-09-29,23.0,15.0,2019,9,29,23.1,0.0,19.4,19.4,24.0,3.9,12.8,10.3,1018.0,1013.6,39,4,Autumn,1.6666114757059425,6,1
2019-09-30,30.0,18.0,2019,9,30,22.6,0.0,20.1,20.1,20.0,3.3,7.5,9.3,1018.1,1013.7,40,4,Autumn,2.0823826832857484,0,0
2019-10-01,30.0,12.0,2019,10,1,22.3,0.0,19.1,19.1,10.0,3.9,12.8,8.6,1013.8,1007.1,40,4,Autumn,2.060431495277924,1,0
2019-10-02,34.0,17.0,2019,10,2,22.2,0.0,19.6,19.6,99.0,2.8,9.4,8.9,1015.5,1010.1,40,4,Autumn,2.1188370988175675,2,0
2019-10-03,29.0,22.0,2019,10,3,20.5,0.0,17.2,17.2,35.0,3.9,8.9,9.2,1016.5,1013.9,40,4,Autumn,2.1170632043761946,3,0
2019-10-04,36.0,15.0,2019,10,4,21.1,0.0,17.2,17.2,9.0,2.8,9.2,9.9,1016.7,1013.3,40,4,Autumn,2.170209977193488,4,0
2019-10-05,32.0,11.0,2019,10,5,20.4,0.0,18.4,18.4,13.0,4.4,8.9,1.8,1016.7,1013.9,40,4,Autumn,1.8216284733596344,5,1
2019-10-06,29.0,19.0,2019,10,6,20.4,0.0,18.5,18.5,14.0,3.6,7.5,2.3,1018.1,1014.6,40,4,Autumn,1.7628003411463695,6,1
2019-10-07,26.0,19.0,2019,10,7,20.3,0.0,17.3,17.3,21.0,2.5,8.6,7.8,1018.7,1012.9,41,4,Autumn,2.04810369403333,0,0
2019-10-08,52.0,19.0,2019,10,8,20.9,0.0,17.6,17.6,24.0,4.4,12.5,8.6,1019.8,1016.2,41,4,Autumn,2.0609445886764743,1,0
2019-10-09,47.0,16.0,2019,10,9,21.2,0.2,18.4,18.4,9.0,4.4,14.2,2.5,1020.8,1016.2,41,4,Autumn,2.098395304380604,2,0
2019-10-10,24.0,21.0,2019,10,10,19.5,0.1,18.0,18.0,20.0,3.3,7.5,0.0,1022.8,1020.0,41,4,Autumn,2.08570161016728,3,0
2019-10-11,29.0,14.0,2019,10,11,21.0,0.0,19.0,19.0,23.0,2.5,8.9,0.3,1021.9,1019.1,41,4,Autumn,2.1009642950221528,4,0
2019-10-12,30.0,7.0,2019,10,12,21.9,0.0,19.0,19.0,8.0,2.5,5.8,5.1,1020.7,1017.9,41,4,Autumn,1.7494231788933634,5,1
2019-10-13,21.0,11.0,2019,10,13,21.7,0.0,20.0,20.0,8.0,4.2,7.5,5.9,1018.4,1016.3,41,4,Autumn,1.623301961843863,6,1
2019-10-14,26.0,12.0,2019,10,14,21.6,14.6,20.0,20.0,8.0,4.4,8.1,4.6,1016.5,1009.1,42,4,Autumn,2.209259158898764,0,0
2019-10-15,21.0,21.0,2019,10,15,18.2,0.0,14.7,14.7,31.0,3.9,16.4,10.2,1019.4,1009.8,42,4,Autumn,2.0062560279435915,1,0
2019-10-16,18.0,27.0,2019,10,16,18.2,0.0,14.0,14.0,24.0,3.6,11.7,8.8,1019.2,1014.8,42,4,Autumn,2.04477166874929,2,0
2019-10-17,34.0,27.0,2019,10,17,18.7,0.0,14.2,14.2,22.0,3.1,8.3,9.1,1016.4,1013.9,42,4,Autumn,1.9883900516589448,3,0
2019-10-18,34.0,24.0,2019,10,18,20.4,0.0,18.1,18.1,22.0,2.8,6.7,1.3,1015.5,1011.7,42,4,Autumn,2.013612944902236,4,0
2019-10-19,33.0,15.0,2019,10,19,20.6,0.1,16.4,16.4,22.0,3.3,9.7,6.2,1011.7,1006.7,42,4,Autumn,1.6904007627718145,5,1
2019-10-20,28.0,15.0,2019,10,20,20.8,0.0,16.7,16.7,22.0,5.0,12.2,3.5,1013.4,1004.4,42,4,Autumn,1.5963222146864788,6,1
2019-10-21,18.0,12.0,2019,10,21,16.8,6.3,15.2,15.2,18.0,2.5,9.7,0.0,1019.0,1013.3,43,4,Autumn,2.0330472293214754,0,0
2019-10-22,12.0,16.0,2019,10,22,17.5,42.2,14.4,14.4,8.0,12.8,21.4,0.6,1017.9,1002.6,43,4,Autumn,2.0992042580101185,1,0
2019-10-23,21.0,17.0,2019,10,23,17.7,0.0,15.0,15.0,34.0,4.4,11.4,2.5,1010.1,1001.9,43,4,Autumn,2.0463608960842308,2,0
2019-10-24,23.0,22.0,2019,10,24,16.7,0.0,13.4,13.4,32.0,3.1,8.1,9.1,1020.3,1009.7,43,4,Autumn,2.088882169666215,3,0
2019-10-25,18.0,19.0,2019,10,25,17.4,0.0,13.9,13.9,33.0,2.2,7.2,9.3,1022.2,1019.2,43,4,Autumn,2.1517363092315653,4,0
2019-10-26,22.0,19.0,2019,10,26,18.6,0.0,13.6,13.6,35.0,2.8,5.6,8.9,1022.0,1019.9,43,4,Autumn,1.8488793298618973,5,1
2019-10-27,21.0,24.0,2019,10,27,17.6,0.0,13.6,13.6,35.0,3.1,8.9,4.6,1021.7,1019.2,43,4,Autumn,1.7355483423903133,6,1
2019-10-28,28.0,23.0,2019,10,28,17.6,0.0,14.5,14.5,22.0,1.4,6.4,0.3,1019.3,1015.4,44,4,Autumn,2.0440559755895924,0,0
2019-10-29,30.0,28.0,2019,10,29,18.4,0.0,14.9,14.9,21.0,2.2,4.4,5.0,1018.2,1014.4,44,4,Autumn,2.093545729195276,1,0
2019-10-30,37.0,24.0,2019,10,30,18.2,0.0,14.3,14.3,26.0,2.2,6.4,7.6,1019.9,1017.8,44,4,Autumn,2.1219369338691005,2,0
2019-10-31,32.0,20.0,2019,10,31,19.8,0.0,16.5,16.5,26.0,1.9,5.6,2.6,1019.1,1016.9,44,4,Autumn,2.2105970460831896,3,0
2019-11-01,29.0,18.0,2019,11,1,17.6,0.0,14.3,14.3,33.0,2.2,5.8,4.1,1018.4,1009.8,44,4,Autumn,1.5823742090991262,4,0
2019-11-02,23.0,6.0,2019,11,2,20.2,0.2,16.2,16.2,26.0,3.6,10.3,7.3,1009.8,998.4,44,4,Autumn,1.7182196886647665,5,1
2019-11-03,16.0,17.0,2019,11,3,18.8,0.0,16.5,16.5,28.0,6.1,17.8,6.1,1005.7,993.9,44,4,Autumn,1.6618005986645177,6,1
2019-11-04,19.0,7.0,2019,11,4,19.6,0.0,15.7,15.7,27.0,3.6,14.2,5.2,1005.9,1001.2,45,4,Autumn,2.088632676400968,0,0
2019-11-05,22.0,9.0,2019,11,5,15.8,0.0,12.7,12.7,29.0,3.9,16.7,7.3,1006.7,1001.6,45,4,Autumn,2.12974314068885,1,0
2019-11-06,19.0,17.0,2019,11,6,15.0,0.0,10.7,10.7,33.0,2.8,11.7,7.6,1010.7,1006.2,45,4,Autumn,2.1066116801915657,2,0
2019-11-07,21.0,10.0,2019,11,7,15.4,0.0,12.3,12.3,26.0,2.2,8.6,3.3,1009.4,1005.4,45,4,Autumn,2.1080157170923384,3,0
2019-11-08,26.0,9.0,2019,11,8,11.7,0.0,8.7,8.7,30.0,4.4,13.3,6.3,1011.4,1005.1,45,4,Autumn,2.131020461699895,4,0
2019-11-09,20.0,8.0,2019,11,9,12.2,6.1,8.4,8.4,30.0,3.1,10.0,5.3,1014.7,1008.4,45,4,Autumn,1.8772628065220185,5,1
2019-11-10,17.0,11.0,2019,11,10,12.2,0.0,8.7,8.7,30.0,1.7,9.2,3.5,1011.4,1007.0,45,4,Autumn,1.7133518472291562,6,1
2019-11-11,9.0,16.0,2019,11,11,12.0,0.0,6.8,6.8,34.0,2.8,11.7,3.6,1011.2,1008.6,46,4,Autumn,2.0707881983058063,0,0
2019-11-12,15.0,21.0,2019,11,12,13.2,0.0,9.5,9.5,33.0,3.1,8.9,6.6,1010.0,1005.1,46,4,Autumn,2.1233888714240803,1,0
2019-11-13,19.0,23.0,2019,11,13,11.9,39.1,9.0,9.0,22.0,1.9,6.4,0.6,1008.9,1003.7,46,4,Autumn,2.095366306776877,2,0
2019-11-14,20.0,17.0,2019,11,14,9.8,0.9,6.3,6.3,27.0,2.2,11.1,0.0,1006.4,995.7,46,4,Autumn,2.173245673612432,3,0
2019-11-15,16.0,11.0,2019,11,15,9.2,0.0,5.9,5.9,29.0,3.1,11.4,4.0,1005.7,998.8,46,4,Autumn,2.16932059447983,4,0
2019-11-16,12.0,10.0,2019,11,16,10.4,0.0,6.7,6.7,30.0,3.1,10.0,4.3,1011.2,1005.6,46,4,Autumn,1.8199008203179312,5,1
2019-11-17,9.0,18.0,2019,11,17,9.8,0.0,6.6,6.6,30.0,1.7,10.3,3.7,1009.8,1006.9,46,4,Autumn,1.7004414578656342,6,1
2019-11-18,17.0,19.0,2019,11,18,11.4,0.0,8.1,8.1,10.0,1.7,13.1,3.0,1014.4,1006.8,47,4,Autumn,2.045470725501312,0,0
2019-11-19,18.0,25.0,2019,11,19,10.2,0.0,6.4,6.4,35.0,2.2,7.2,6.2,1016.1,1013.6,47,4,Autumn,2.084464730076458,1,0
2019-11-20,27.0,23.0,2019,11,20,9.2,0.0,4.3,4.3,34.0,3.1,5.8,1.8,1014.7,1007.9,47,4,Autumn,2.006365618625589,2,0
2019-11-21,29.0,23.0,2019,11,21,11.6,2.4,7.7,7.7,27.0,1.9,8.3,4.3,1008.2,1006.0,47,4,Autumn,2.0456087921909263,3,0
2019-11-22,21.0,8.0,2019,11,22,12.4,17.3,8.5,8.5,22.0,3.3,15.6,3.2,1007.6,990.4,47,4,Autumn,2.1726053714448903,4,0
2019-11-23,13.0,8.0,2019,11,23,13.6,0.0,11.5,11.5,99.0,3.1,14.2,4.5,999.7,988.6,47,4,Autumn,1.818492868332097,5,1
2019-11-24,8.0,22.0,2019,11,24,13.4,0.0,10.1,10.1,34.0,2.8,13.3,6.0,1010.3,999.6,47,4,Autumn,1.6252831763443425,6,1
2019-11-25,15.0,26.0,2019,11,25,14.0,0.0,9.5,9.5,31.0,0.6,8.6,5.5,1013.4,1008.8,48,4,Autumn,2.0444307028392497,0,0
2019-11-26,29.0,22.0,2019,11,26,13.8,0.0,8.4,8.4,25.0,1.9,7.8,5.0,1013.1,1004.3,48,4,Autumn,2.041148260722729,1,0
2019-11-27,23.0,24.0,2019,11,27,16.2,0.0,13.2,13.2,26.0,2.5,11.4,4.5,1009.3,1003.1,48,4,Autumn,2.053212294193821,2,0
2019-11-28,18.0,16.0,2019,11,28,16.6,0.0,13.5,13.5,29.0,2.8,11.4,5.3,1013.1,1008.5,48,4,Autumn,2.075071421013649,3,0
2019-11-29,18.0,24.0,2019,11,29,15.4,0.0,13.4,13.4,27.0,4.4,8.9,2.7,1020.7,1012.1,48,4,Autumn,2.178414463821227,4,0
2019-11-30,19.0,16.0,2019,11,30,13.6,0.0,10.6,10.6,20.0,3.6,8.1,5.4,1020.6,1012.3,48,4,Autumn,1.9011336998094508,5,1
2019-12-01,19.0,27.0,2019,12,1,14.0,0.0,11.3,11.3,11.0,3.3,7.2,2.5,1013.8,1010.3,48,1,Winter,1.7145779973629571,6,1
2019-12-02,20.0,19.0,2019,12,2,12.0,0.0,8.7,8.7,1.0,2.2,5.6,2.0,1018.1,1013.2,49,1,Winter,2.02893485974426,0,0
2019-12-03,31.0,10.0,2019,12,3,10.9,0.7,7.8,7.8,7.0,3.9,13.9,1.9,1018.7,1014.0,49,1,Winter,2.0485610571398727,1,0
2019-12-04,21.0,18.0,2019,12,4,11.8,80.9,9.9,9.9,6.0,10.8,20.8,0.0,1014.0,1006.4,49,1,Winter,2.2386608647928186,2,0
2019-12-05,12.0,24.0,2019,12,5,12.2,2.2,11.2,11.2,2.0,3.1,13.3,0.0,1022.3,1012.0,49,1,Winter,2.220855165275891,3,0
2019-12-06,14.0,19.0,2019,12,6,13.7,0.0,10.5,10.5,22.0,0.0,5.6,2.2,1024.2,1021.3,49,1,Winter,1.6447768650904442,4,0
2019-12-07,16.0,12.0,2019,12,7,13.0,0.0,9.2,9.2,34.0,0.0,5.8,4.6,1023.4,1020.9,49,1,Winter,1.7201104146299384,5,1
2019-12-08,16.0,16.0,2019,12,8,11.2,0.0,7.6,7.6,30.0,1.4,8.1,5.2,1023.3,1018.8,49,1,Winter,1.6374708993077505,6,1
2019-12-09,12.0,23.0,2019,12,9,13.4,0.0,9.9,9.9,30.0,3.6,11.7,5.4,1022.9,1017.8,50,1,Winter,2.0493336450783257,0,0
2019-12-10,20.0,23.0,2019,12,10,10.6,0.0,6.9,6.9,27.0,2.5,8.1,4.0,1024.4,1021.3,50,1,Winter,2.0809277142931517,1,0
2019-12-11,27.0,13.0,2019,12,11,12.3,1.1,8.0,8.0,29.0,2.5,11.7,2.8,1021.9,1012.7,50,1,Winter,2.1204276338047228,2,0
2019-12-12,17.0,7.0,2019,12,12,10.8,0.0,8.7,8.7,11.0,3.6,13.1,2.1,1015.7,1002.7,50,1,Winter,2.1301201406147388,3,0
2019-12-13,11.0,10.0,2019,12,13,16.0,0.0,12.1,12.1,30.0,8.6,20.0,0.5,1006.7,997.6,50,1,Winter,2.1536260029641743,4,0
2019-12-14,13.0,16.0,2019,12,14,15.7,0.0,13.2,13.2,32.0,2.5,19.2,4.7,1014.4,1006.6,50,1,Winter,1.8588922329292876,5,1
2019-12-15,11.0,23.0,2019,12,15,14.4,0.0,10.9,10.9,26.0,3.1,9.7,5.2,1013.7,1011.6,50,1,Winter,1.7313588190764573,6,1
2019-12-16,16.0,22.0,2019,12,16,11.8,0.0,9.1,9.1,8.0,3.1,6.1,0.0,1012.1,1004.9,51,1,Winter,2.0565971727328094,0,0
2019-12-17,47.0,20.0,2019,12,17,14.5,0.0,13.0,13.0,10.0,3.3,8.6,0.5,1012.3,1003.6,51,1,Winter,2.14904767991819,1,0
2019-12-18,85.0,23.0,2019,12,18,15.4,0.0,12.3,12.3,36.0,1.7,5.6,0.1,1017.8,1012.1,51,1,Winter,2.1050292119464227,2,0
2019-12-19,63.0,26.0,2019,12,19,13.0,5.8,10.4,10.4,22.0,1.7,9.2,0.0,1017.1,1007.0,51,1,Winter,2.177789391168017,3,0
2019-12-20,40.0,22.0,2019,12,20,15.5,3.4,13.5,13.5,26.0,3.6,12.8,0.4,1007.0,996.5,51,1,Winter,2.2112463079945166,4,0
2019-12-21,20.0,5.0,2019,12,21,15.6,0.4,12.2,12.2,29.0,2.8,22.8,4.5,1002.9,993.8,51,1,Winter,1.8492557547587427,5,1
2019-12-22,13.0,15.0,2019,12,22,15.8,0.0,13.2,13.2,29.0,5.3,20.6,5.3,1015.1,998.7,51,1,Winter,1.6790980820946246,6,1
2019-12-23,11.0,19.0,2019,12,23,13.0,0.0,10.2,10.2,32.0,3.3,15.0,4.9,1025.0,1015.1,52,1,Winter,2.078877217060811,0,0
2019-12-24,20.0,18.0,2019,12,24,13.3,0.0,8.8,8.8,27.0,2.5,8.3,5.0,1026.7,1023.8,52,1,Winter,1.8953483686380916,1,0
2019-12-25,19.0,15.0,2019,12,25,14.0,0.0,9.7,9.7,20.0,2.5,5.6,5.3,1024.8,1021.1,52,1,Winter,1.6800704529593566,2,0
2019-12-26,18.0,15.0,2019,12,26,13.4,0.0,9.2,9.2,34.0,1.7,5.8,2.3,1028.8,1020.1,52,1,Winter,1.6908300506913163,3,0
2019-12-27,16.0,18.0,2019,12,27,12.0,0.0,8.5,8.5,35.0,1.9,8.1,5.1,1030.0,1026.3,52,1,Winter,1.8792447865272024,4,0
2019-12-28,19.0,16.0,2019,12,28,11.0,0.0,6.6,6.6,13.0,2.5,5.8,5.2,1032.1,1028.0,52,1,Winter,1.6775680799724233,5,1
2019-12-29,23.0,17.641379310344828,2019,12,29,12.3,0.0,10.2,10.2,36.0,1.9,4.2,0.1,1033.1,1030.3,52,1,Winter,1.567479674796748,6,1
2019-12-30,23.712691771269174,17.641379310344828,2019,12,30,11.6,0.0,8.8,8.8,35.0,1.9,6.1,0.7,1033.9,1031.2,1,1,Winter,1.8951038538849043,0,0
2019-12-31,23.712691771269174,15.0,2019,12,31,10.8,0.0,7.6,7.6,26.0,2.5,6.7,1.8,1033.8,1030.8,1,1,Winter,1.8043715410813117,1,0
