fecha,pm10,no2,intensidad,tmed,tmin,tmax,sol,prec,dir,velmedia,racha,presmax,presmin,season,season_name,year,month,weekday,weekday-type,weekday-type-bool,month-year
2018-01-01,8.0,15.0,131.0,6.9,1.7,11.6,5.9,0.0,26.0,3.1,10.0,953.25,950.0,1,Winter,2018,1,0,working day,0,1-2018
2018-01-02,8.5,18.0,256.5,10.4,6.3,13.4,7.0,0.0,29.0,2.8,11.9,953.25,950.9,1,Winter,2018,1,1,working day,0,1-2018
2018-01-03,8.0,16.0,272.5,10.9,7.2,14.6,4.6,0.0,23.0,1.7,8.6,954.15,951.05,1,Winter,2018,1,2,working day,0,1-2018
2018-01-04,5.0,16.5,284.0,11.3,7.9,14.3,5.8,0.0,25.0,2.2,7.8,951.55,942.35,1,Winter,2018,1,3,working day,0,1-2018
2018-01-05,3.0,14.5,272.0,8.2,5.2,11.4,1.6,13.6,22.0,3.1,11.7,942.35,925.0,1,Winter,2018,1,4,working day,0,1-2018
2018-01-06,3.0,14.0,156.0,3.3,1.4,5.3,0.0,21.1,4.0,1.7,8.6,925.0,918.6,1,Winter,2018,1,5,weekend,1,1-2018
2018-01-07,9.5,24.0,145.5,2.2,0.9,3.8,0.0,3.3,12.0,2.8,7.5,928.4,918.45,1,Winter,2018,1,6,weekend,1,1-2018
2018-01-08,16.0,30.0,303.25,3.9,-0.5,8.5,8.5,0.0,26.0,1.4,6.1,936.6,928.25,1,Winter,2018,1,0,working day,0,1-2018
2018-01-09,10.0,24.5,307.0,1.5,-1.5,4.5,0.0,2.2,21.0,1.1,4.7,940.2,935.9,1,Winter,2018,1,1,working day,0,1-2018
2018-01-10,5.5,19.0,308.0,5.0,2.0,7.0,0.3,0.6,24.0,2.2,10.0,942.15,938.1,1,Winter,2018,1,2,working day,0,1-2018
2018-01-11,13.0,30.0,312.75,5.7,2.0,9.0,8.6,0.0,29.0,3.3,13.6,945.7,941.35,1,Winter,2018,1,3,working day,0,1-2018
2018-01-12,16.5,31.0,324.75,3.8,-0.3,9.0,6.7,0.0,28.0,1.4,6.4,946.8,942.95,1,Winter,2018,1,4,working day,0,1-2018
2018-01-13,7.0,15.0,208.0,3.2,1.5,4.9,1.1,6.0,26.0,1.1,7.2,943.15,937.45,1,Winter,2018,1,5,weekend,1,1-2018
2018-01-14,12.5,25.0,154.0,4.6,1.5,7.4,5.2,0.0,23.0,1.9,6.1,943.3,938.45,1,Winter,2018,1,6,weekend,1,1-2018
2018-01-15,16.0,28.0,302.0,3.8,-1.1,8.7,8.1,0.0,23.0,1.1,6.4,948.8,943.1,1,Winter,2018,1,0,working day,0,1-2018
2018-01-16,14.0,25.5,304.0,7.6,1.8,13.5,9.3,0.0,25.0,1.25,7.65,949.95,946.65,1,Winter,2018,1,1,working day,0,1-2018
2018-01-17,16.0,35.0,312.0,9.1,4.15,14.1,9.3,0.0,28.0,1.9500000000000002,10.25,947.5999999999999,944.8499999999999,1,Winter,2018,1,2,working day,0,1-2018
2018-01-18,20.5,40.0,313.25,7.8,2.2,15.0,9.4,0.0,10.0,1.4,4.7,947.3,942.0,1,Winter,2018,1,3,working day,0,1-2018
2018-01-19,17.5,31.5,322.0,8.9,2.8,15.4,8.8,0.0,12.0,1.1,5.3,946.45,940.9,1,Winter,2018,1,4,working day,0,1-2018
2018-01-20,9.5,22.0,208.0,8.1,3.6,13.4,2.0,0.0,33.0,1.9,7.8,948.6,945.95,1,Winter,2018,1,5,weekend,1,1-2018
2018-01-21,14.5,26.0,158.5,11.4,5.8,18.3,9.4,0.0,33.0,1.1,8.3,950.7,948.25,1,Winter,2018,1,6,weekend,1,1-2018
2018-01-22,16.0,32.5,299.0,9.75,4.5,14.95,9.2,0.0,52.5,0.8500000000000001,5.55,950.2,947.55,1,Winter,2018,1,0,working day,0,1-2018
2018-01-23,23.5,32.0,304.0,10.3,3.75,16.799999999999997,8.7,0.0,2.5,1.25,5.15,949.9,947.6,1,Winter,2018,1,1,working day,0,1-2018
2018-01-24,24.5,28.5,306.0,9.1,3.4,15.0,8.8,0.0,24.0,1.1,3.9,948.9,945.2,1,Winter,2018,1,2,working day,0,1-2018
2018-01-25,4.5,18.5,308.25,5.8,3.0,8.5,0.4,3.1,36.0,1.9,9.2,945.35,937.2,1,Winter,2018,1,3,working day,0,1-2018
2018-01-26,4.0,12.5,319.0,5.9,2.6,9.2,8.9,0.0,19.0,3.9,13.9,947.9,938.35,1,Winter,2018,1,4,working day,0,1-2018
2018-01-27,5.0,11.5,202.0,6.8,2.2,10.5,8.1,0.0,4.0,3.3,13.3,952.3,947.4,1,Winter,2018,1,5,weekend,1,1-2018
2018-01-28,15.0,24.5,155.5,8.4,3.5,14.0,8.2,0.0,5.0,4.7,15.0,956.7,951.15,1,Winter,2018,1,6,weekend,1,1-2018
2018-01-29,17.5,33.5,301.5,9.0,4.0,14.0,9.4,0.0,6.0,1.1,6.1,956.5,951.1,1,Winter,2018,1,0,working day,0,1-2018
2018-01-30,20.0,38.5,303.0,7.9,2.4,13.4,9.2,0.0,5.0,1.4,5.6,952.15,946.45,1,Winter,2018,1,1,working day,0,1-2018
2018-01-31,20.0,36.0,308.0,7.6,1.7,13.9,9.2,0.0,27.0,0.8,4.2,947.55,938.75,1,Winter,2018,1,2,working day,0,1-2018
2018-02-01,5.0,20.0,311.5,6.3,0.6,11.7,4.0,0.1,32.0,2.8,13.3,938.75,928.6,1,Winter,2018,2,3,working day,0,2-2018
2018-02-02,7.0,18.5,321.5,3.6,-1.0,8.2,9.4,0.0,99.0,2.8,13.3,939.2,930.2,1,Winter,2018,2,4,working day,0,2-2018
2018-02-03,5.0,15.0,205.0,5.2,0.2,10.6,6.1,2.3,28.0,3.1,11.1,940.8,933.75,1,Winter,2018,2,5,weekend,1,2-2018
2018-02-04,4.5,19.5,157.5,3.0,0.8,5.3,0.0,17.3,4.0,2.2,10.6,933.75,928.6,1,Winter,2018,2,6,weekend,1,2-2018
2018-02-05,7.0,19.5,274.5,1.6,0.6,2.6,0.0,13.9,4.0,2.2,9.4,929.8,926.2,1,Winter,2018,2,0,working day,0,2-2018
2018-02-06,8.0,23.0,302.75,4.0,0.5,7.5,6.9,0.0,1.0,2.8,9.2,933.65,929.2,1,Winter,2018,2,1,working day,0,2-2018
2018-02-07,9.5,26.0,308.5,2.2,-2.3,6.8,9.3,0.0,6.0,2.8,9.2,939.6,933.6,1,Winter,2018,2,2,working day,0,2-2018
2018-02-08,18.0,35.5,311.0,2.1,-2.9,7.1,8.5,0.0,5.0,1.7,7.5,941.2,939.15,1,Winter,2018,2,3,working day,0,2-2018
2018-02-09,6.5,19.0,320.5,3.1,-3.0,9.0,6.3,0.0,7.0,0.8,7.5,942.95,939.75,1,Winter,2018,2,4,working day,0,2-2018
2018-02-10,13.0,24.5,205.5,5.3,0.4,10.2,10.0,0.0,5.0,1.9,9.2,943.8,941.2,1,Winter,2018,2,5,weekend,1,2-2018
2018-02-11,6.5,21.0,158.0,7.5,0.7,15.2,9.1,0.1,28.0,3.1,11.7,943.4,939.55,1,Winter,2018,2,6,weekend,1,2-2018
2018-02-12,11.0,24.0,300.25,6.6,2.5,10.5,7.0,0.0,31.0,1.7,9.7,942.3,938.85,1,Winter,2018,2,0,working day,0,2-2018
2018-02-13,7.5,17.5,308.0,4.2,-0.8,9.3,5.7,0.0,24.0,3.6,13.6,942.2,938.7,1,Winter,2018,2,1,working day,0,2-2018
2018-02-14,15.0,24.0,314.0,8.2,5.6,10.5,0.9,0.0,25.0,3.1,11.4,943.75,939.7,1,Winter,2018,2,2,working day,0,2-2018
2018-02-15,20.5,23.5,295.0,8.4,5.6,10.9,0.0,0.0,25.0,1.4,7.2,947.35,943.6,1,Winter,2018,2,3,working day,0,2-2018
2018-02-16,21.0,19.0,298.5,11.0,6.8,15.1,6.4,0.0,24.0,1.7,5.0,946.9,942.4,1,Winter,2018,2,4,working day,0,2-2018
2018-02-17,7.5,13.0,192.0,10.0,5.6,14.7,3.6,0.0,7.0,1.7,10.8,945.6,942.75,1,Winter,2018,2,5,weekend,1,2-2018
2018-02-18,6.5,19.0,156.0,7.6,1.5,13.6,10.2,0.0,7.0,1.7,8.3,945.35,941.35,1,Winter,2018,2,6,weekend,1,2-2018
2018-02-19,8.0,20.5,308.5,10.8,6.3,15.6,8.1,0.0,3.0,1.9,10.0,941.75,938.9,1,Winter,2018,2,0,working day,0,2-2018
2018-02-20,7.0,18.0,305.0,10.1,4.4,15.4,9.6,0.0,4.0,3.3,12.8,940.05,936.45,1,Winter,2018,2,1,working day,0,2-2018
2018-02-21,12.0,24.0,308.0,7.0,2.2,12.0,10.4,0.0,4.0,3.6,12.5,936.5,930.3,1,Winter,2018,2,2,working day,0,2-2018
2018-02-22,14.0,26.5,307.5,4.5,-2.5,11.5,10.5,0.0,5.0,2.2,7.5,932.5,928.35,1,Winter,2018,2,3,working day,0,2-2018
2018-02-23,19.0,30.5,317.5,4.0,-2.6,10.6,10.7,0.0,8.0,1.4,8.3,929.85,926.35,1,Winter,2018,2,4,working day,0,2-2018
2018-02-24,23.0,31.0,209.0,4.8,-2.1,11.8,10.7,0.0,17.0,1.4,5.8,930.6,927.0,1,Winter,2018,2,5,weekend,1,2-2018
2018-02-25,24.5,41.0,160.0,6.7,-1.0,14.4,10.6,0.0,22.0,1.4,5.8,934.25,930.5,1,Winter,2018,2,6,weekend,1,2-2018
2018-02-26,19.0,30.5,301.5,8.8,1.1,16.8,8.4,0.0,7.0,1.1,8.9,933.5,924.4,1,Winter,2018,2,0,working day,0,2-2018
2018-02-27,13.0,30.5,309.0,3.6,1.5,5.6,0.0,17.5,4.0,1.7,8.9,926.55,923.05,1,Winter,2018,2,1,working day,0,2-2018
2018-02-28,6.0,19.0,313.5,7.8,3.5,12.0,0.0,18.8,21.0,1.9,14.2,923.05,913.5,1,Winter,2018,2,2,working day,0,2-2018
2018-03-01,7.0,24.5,318.5,8.4,4.9,11.5,0.6,17.3,25.0,4.2,25.8,919.2,905.0,2,Spring,2018,3,3,working day,0,3-2018
2018-03-02,6.0,15.5,329.5,6.0,3.2,8.5,0.1,15.3,23.0,1.9,14.7,921.1,915.8,2,Spring,2018,3,4,working day,0,3-2018
2018-03-03,5.5,14.0,211.5,9.2,5.3,13.0,3.8,12.9,26.0,3.6,15.8,923.3,918.3,2,Spring,2018,3,5,weekend,1,3-2018
2018-03-04,5.5,16.5,162.25,9.3,5.4,13.0,5.2,5.5,19.0,2.5,11.1,921.2,917.3,2,Spring,2018,3,6,weekend,1,3-2018
2018-03-05,5.5,17.5,308.25,7.0,5.1,8.9,1.2,1.9,24.0,3.6,11.4,921.4,913.0,2,Spring,2018,3,0,working day,0,3-2018
2018-03-06,6.0,16.0,308.0,7.4,3.5,10.7,3.6,1.3,24.0,3.1,12.5,926.2,921.1,2,Spring,2018,3,1,working day,0,3-2018
2018-03-07,10.0,24.0,312.75,6.8,2.5,11.1,8.4,2.6,25.0,2.2,8.9,932.6,926.2,2,Spring,2018,3,2,working day,0,3-2018
2018-03-08,12.0,26.0,308.5,7.7,4.5,11.0,0.6,1.0,17.0,1.1,5.8,933.9,928.2,2,Spring,2018,3,3,working day,0,3-2018
2018-03-09,7.0,21.0,324.0,10.2,9.0,11.5,0.0,9.4,15.0,3.1,11.1,934.2,928.3,2,Spring,2018,3,4,working day,0,3-2018
2018-03-10,6.5,10.5,171.0,9.7,7.0,12.3,0.9,24.4,23.0,2.8,12.8,928.3,923.8,2,Spring,2018,3,5,weekend,1,3-2018
2018-03-11,6.5,12.0,161.0,8.4,5.8,11.1,6.3,1.3,24.0,6.4,17.5,929.4,922.8,2,Spring,2018,3,6,weekend,1,3-2018
2018-03-12,9.5,19.5,316.0,9.8,6.2,13.2,8.5,1.2,24.0,4.2,13.3,937.9,929.4,2,Spring,2018,3,0,working day,0,3-2018
2018-03-13,9.5,22.0,297.0,10.3,6.4,14.0,3.2,0.3,23.0,2.2,10.0,937.3,934.7,2,Spring,2018,3,1,working day,0,3-2018
2018-03-14,6.0,16.5,312.0,9.2,5.8,13.1,0.0,22.9,23.0,3.1,16.7,936.1,920.8,2,Spring,2018,3,2,working day,0,3-2018
2018-03-15,6.0,14.5,320.5,9.1,5.8,12.5,8.3,0.05,24.0,5.3,15.8,926.7,920.7,2,Spring,2018,3,3,working day,0,3-2018
2018-03-16,5.5,12.5,326.5,8.2,4.6,11.7,7.5,3.2,25.0,3.3,11.9,928.0,925.4,2,Spring,2018,3,4,working day,0,3-2018
2018-03-17,5.0,11.0,204.5,6.2,2.0,10.2,2.3,7.3,26.0,2.8,11.7,927.3,920.8,2,Spring,2018,3,5,weekend,1,3-2018
2018-03-18,6.0,15.5,163.0,8.4,3.0,13.2,8.9,0.0,29.0,3.9,11.4,931.5,922.0,2,Spring,2018,3,6,weekend,1,3-2018
2018-03-19,5.5,14.0,316.5,6.5,3.4,9.6,2.5,4.4,30.0,3.9,20.0,931.5,924.4,2,Spring,2018,3,0,working day,0,3-2018
2018-03-20,7.5,15.0,312.5,6.1,1.9,10.0,9.2,0.0,5.0,5.3,15.6,941.6,929.8,2,Spring,2018,3,1,working day,0,3-2018
2018-03-21,10.0,23.0,313.25,7.1,1.1,12.3,10.8,0.0,34.0,4.2,12.8,945.1,940.9,2,Spring,2018,3,2,working day,0,3-2018
2018-03-22,15.0,26.5,320.0,6.0,-2.0,13.5,10.8,0.0,27.0,2.2,6.4,944.8,939.0,2,Spring,2018,3,3,working day,0,3-2018
2018-03-23,7.0,7.0,308.0,8.4,3.5,14.2,0.7,3.5,27.0,3.1,18.6,939.1,921.9,2,Spring,2018,3,4,working day,0,3-2018
2018-03-24,4.5,8.5,184.0,7.6,3.4,11.3,5.0,0.0,30.0,6.1,22.5,928.8,921.8,2,Spring,2018,3,5,weekend,1,3-2018
2018-03-25,7.0,19.5,148.0,8.6,4.4,13.4,7.2,0.0,29.0,2.5,10.8,937.8,928.0,2,Spring,2018,3,6,weekend,1,3-2018
2018-03-26,9.0,18.0,263.5,9.2,3.5,15.5,10.5,0.0,31.0,1.9,8.6,944.5,937.8,2,Spring,2018,3,0,working day,0,3-2018
2018-03-27,13.5,21.0,262.0,14.3,8.1,20.6,10.7,0.0,27.0,2.5,12.5,945.6,943.2,2,Spring,2018,3,1,working day,0,3-2018
2018-03-28,8.5,7.0,248.0,14.7,8.4,21.0,10.6,0.0,24.0,3.3,12.2,943.3,934.0,2,Spring,2018,3,2,working day,0,3-2018
2018-03-29,6.0,6.0,122.0,11.3,7.4,15.3,9.0,0.8,24.0,4.2,14.7,934.2,928.3,2,Spring,2018,3,3,working day,0,3-2018
2018-03-30,4.0,7.5,111.5,7.8,4.0,11.7,8.2,1.9,24.0,4.2,17.5,928.5,925.1,2,Spring,2018,3,4,working day,0,3-2018
2018-03-31,7.5,15.0,137.0,8.8,2.5,14.5,10.5,0.0,26.0,3.9,13.3,938.5,926.9,2,Spring,2018,3,5,weekend,1,3-2018
2018-04-01,9.0,20.0,138.5,10.7,3.9,17.5,7.6,0.0,12.0,1.4,6.7,939.6,932.35,2,Spring,2018,4,6,weekend,1,4-2018
2018-04-02,8.0,12.0,283.5,13.8,8.0,19.4,9.1,2.4,24.0,3.3,11.7,932.4,927.65,2,Spring,2018,4,0,working day,0,4-2018
2018-04-03,7.0,9.0,307.0,12.3,8.0,16.2,6.7,0.0,21.0,4.4,15.3,931.55,928.8,2,Spring,2018,4,1,working day,0,4-2018
2018-04-04,11.0,23.0,314.5,11.2,6.4,16.0,7.8,0.0,25.0,5.0,15.3,941.2,931.5,2,Spring,2018,4,2,working day,0,4-2018
2018-04-05,14.0,31.0,320.5,11.6,4.7,18.5,10.0,0.0,11.0,1.1,6.7,942.0,935.6,2,Spring,2018,4,3,working day,0,4-2018
2018-04-06,10.0,18.0,325.5,13.1,8.7,17.5,2.9,3.3,13.0,1.9,8.9,935.6,928.1,2,Spring,2018,4,4,working day,0,4-2018
2018-04-07,6.0,9.0,213.0,9.4,7.0,11.4,0.3,3.0,23.5,2.25,7.9,930.05,927.8,2,Spring,2018,4,5,weekend,1,4-2018
2018-04-08,5.0,12.0,170.0,10.4,5.0,15.5,8.4,2.5,26.5,3.6,12.9,930.55,928.35,2,Spring,2018,4,6,weekend,1,4-2018
2018-04-09,4.0,20.0,306.25,6.1,3.6,8.6,2.5,2.0,23.0,5.55,15.4,930.6,927.7,2,Spring,2018,4,0,working day,0,4-2018
2018-04-10,5.0,16.0,313.0,5.0,2.9,7.1,0.0,15.2,24.0,6.4,13.6,929.6,916.45,2,Spring,2018,4,1,working day,0,4-2018
2018-04-11,6.0,17.0,298.5,6.8,2.5,11.1,0.6,0.1,28.0,5.800000000000002,17.2,925.9,918.45,2,Spring,2018,4,2,working day,0,4-2018
2018-04-12,6.0,20.0,320.0,8.1,4.5,11.7,1.7,7.0,25.5,2.6,9.85,932.4,923.25,2,Spring,2018,4,3,working day,0,4-2018
2018-04-13,8.0,19.0,323.5,9.8,4.6,14.3,7.7,0.3,23.5,2.05,8.75,934.55,923.55,2,Spring,2018,4,4,working day,0,4-2018
2018-04-14,8.0,12.0,211.0,10.8,4.5,17.4,11.0,0.1,24.5,1.1,6.800000000000002,939.05,934.55,2,Spring,2018,4,5,weekend,1,4-2018
2018-04-15,7.0,13.0,160.0,12.6,8.2,17.1,6.9,11.2,62.0,4.75,12.75,939.35,934.2,2,Spring,2018,4,6,weekend,1,4-2018
2018-04-16,12.0,25.0,305.75,12.3,5.6,18.3,11.8,0.0,30.5,3.6,10.8,943.65,935.3,2,Spring,2018,4,0,working day,0,4-2018
2018-04-17,15.0,27.0,310.5,14.5,7.0,21.6,12.1,0.0,25.5,1.4,5.699999999999998,946.25,943.65,2,Spring,2018,4,1,working day,0,4-2018
2018-04-18,19.0,17.0,312.0,17.1,10.0,24.5,12.5,0.0,14.5,1.9,7.75,946.1,943.45,2,Spring,2018,4,2,working day,0,4-2018
2018-04-19,26.0,12.0,317.5,17.4,12.0,22.9,12.1,0.0,11.0,2.8,9.2,945.65,941.3,2,Spring,2018,4,3,working day,0,4-2018
2018-04-20,27.0,13.0,326.0,16.9,11.6,22.2,10.5,0.0,12.0,3.3,12.2,943.15,939.55,2,Spring,2018,4,4,working day,0,4-2018
2018-04-21,25.0,18.0,206.25,15.7,10.4,19.9,2.9,0.0,4.0,2.8,9.2,942.05,938.5,2,Spring,2018,4,5,weekend,1,4-2018
2018-04-22,23.0,21.0,166.0,17.6,12.1,23.0,7.8,0.0,9.0,1.9,8.9,940.3,936.0,2,Spring,2018,4,6,weekend,1,4-2018
2018-04-23,24.0,19.0,307.0,19.4,14.2,24.3,6.6,0.0,6.0,2.8,8.3,940.95,938.8,2,Spring,2018,4,0,working day,0,4-2018
2018-04-24,23.0,23.0,312.25,19.3,13.3,25.6,6.9,0.0,13.0,1.4,7.8,940.4,937.95,2,Spring,2018,4,1,working day,0,4-2018
2018-04-25,24.0,22.0,313.5,20.4,12.4,28.5,11.3,0.0,16.0,2.8,10.8,940.6,936.1,2,Spring,2018,4,2,working day,0,4-2018
2018-04-26,22.0,15.0,320.0,18.8,12.0,26.4,12.2,0.0,25.0,2.5,8.3,940.5,936.05,2,Spring,2018,4,3,working day,0,4-2018
2018-04-27,14.0,8.0,320.5,18.6,13.0,24.4,12.0,0.0,23.0,3.1,10.8,936.2,932.95,2,Spring,2018,4,4,working day,0,4-2018
2018-04-28,9.0,7.0,178.75,14.4,9.2,18.7,10.9,6.2,24.0,3.6,11.9,933.75,929.15,2,Spring,2018,4,5,weekend,1,4-2018
2018-04-29,6.0,12.0,131.0,8.2,3.4,12.6,6.4,3.8,24.0,4.4,14.4,936.1,927.8,2,Spring,2018,4,6,weekend,1,4-2018
2018-04-30,5.0,10.0,230.0,7.4,2.9,12.2,9.0,2.5,27.0,1.9,12.5,937.1,934.9,2,Spring,2018,4,0,working day,0,4-2018
2018-05-01,7.0,13.0,124.0,10.5,4.6,16.4,11.8,0.0,10.0,1.7,7.2,937.6,935.0,2,Spring,2018,5,1,working day,0,5-2018
2018-05-02,8.0,20.0,142.5,11.6,5.6,17.8,9.8,0.0,26.0,1.9,8.6,937.6,935.6,2,Spring,2018,5,2,working day,0,5-2018
2018-05-03,8.0,11.0,311.0,14.4,9.3,19.5,10.0,0.0,6.0,2.5,9.7,937.55,934.6,2,Spring,2018,5,3,working day,0,5-2018
2018-05-04,11.0,10.0,321.5,13.4,5.9,20.7,12.6,0.0,5.0,2.8,11.7,937.8,935.05,2,Spring,2018,5,4,working day,0,5-2018
2018-05-05,12.0,8.0,217.0,16.4,8.6,24.3,12.8,0.1,12.0,1.7,13.3,939.85,936.05,2,Spring,2018,5,5,weekend,1,5-2018
2018-05-06,13.0,20.0,176.0,18.4,12.4,24.4,12.4,1.5,8.0,1.7,12.5,940.85,936.45,2,Spring,2018,5,6,weekend,1,5-2018
2018-05-07,14.0,28.0,306.25,17.6,12.0,23.0,5.2,1.2,9.0,1.4,10.6,939.4,935.25,2,Spring,2018,5,0,working day,0,5-2018
2018-05-08,16.0,21.0,313.5,18.8,11.9,26.3,8.3,0.0,5.0,1.4,7.8,936.15,932.9,2,Spring,2018,5,1,working day,0,5-2018
2018-05-09,12.0,14.0,307.0,19.1,12.4,26.4,11.5,0.0,30.0,1.9,9.7,934.7,931.6,2,Spring,2018,5,2,working day,0,5-2018
2018-05-10,14.0,20.0,321.0,19.0,13.4,24.9,11.1,0.0,5.0,2.5,10.3,938.6,933.7,2,Spring,2018,5,3,working day,0,5-2018
2018-05-11,13.0,9.0,324.0,18.8,12.6,25.1,11.9,0.0,26.0,2.2,9.4,940.15,937.0,2,Spring,2018,5,4,working day,0,5-2018
2018-05-12,7.0,7.0,196.0,14.6,9.5,20.2,8.7,0.0,25.0,3.9,12.5,940.5,936.35,2,Spring,2018,5,5,weekend,1,5-2018
2018-05-13,6.0,14.0,155.75,11.3,5.0,17.6,12.7,0.0,26.0,3.9,10.3,943.05,940.45,2,Spring,2018,5,6,weekend,1,5-2018
2018-05-14,7.0,7.0,293.0,14.6,9.9,19.4,10.4,0.0,7.0,1.9,10.8,942.3,939.45,2,Spring,2018,5,0,working day,0,5-2018
2018-05-15,11.0,12.0,161.5,15.7,7.7,23.7,12.8,0.0,4.0,2.2,12.2,941.3,936.95,2,Spring,2018,5,1,working day,0,5-2018
2018-05-16,12.0,16.0,306.5,18.4,11.5,25.3,12.8,0.0,4.0,2.5,11.4,939.15,935.05,2,Spring,2018,5,2,working day,0,5-2018
2018-05-17,14.0,17.0,315.5,20.0,14.5,25.9,9.7,0.0,5.0,1.4,9.4,937.9,934.45,2,Spring,2018,5,3,working day,0,5-2018
2018-05-18,13.0,13.0,318.0,18.2,13.6,22.9,8.0,0.7,17.0,1.7,9.2,939.2,936.45,2,Spring,2018,5,4,working day,0,5-2018
2018-05-19,10.0,8.0,199.25,18.8,12.4,25.2,8.7,0.05,4.0,0.6,11.1,939.95,936.6,2,Spring,2018,5,5,weekend,1,5-2018
2018-05-20,12.0,19.0,164.0,17.8,12.7,22.5,8.7,0.0,8.0,1.4,11.9,938.6,933.5,2,Spring,2018,5,6,weekend,1,5-2018
2018-05-21,12.0,25.0,307.0,18.7,13.0,24.3,7.0,0.0,8.0,0.8,9.4,935.8,932.4,2,Spring,2018,5,0,working day,0,5-2018
2018-05-22,14.0,24.0,305.75,17.8,11.7,24.1,6.2,0.05,33.0,1.7,7.8,938.1,935.2,2,Spring,2018,5,1,working day,0,5-2018
2018-05-23,14.0,20.0,305.0,20.4,13.5,27.2,10.3,0.35,23.0,1.7,16.4,939.05,936.0,2,Spring,2018,5,2,working day,0,5-2018
2018-05-24,13.0,24.0,312.5,20.5,13.8,27.7,6.1,28.9,12.0,4.05,12.6,938.4,932.1,2,Spring,2018,5,3,working day,0,5-2018
2018-05-25,11.0,17.0,322.0,16.0,12.0,20.0,4.1,6.1,26.0,1.7999999999999998,10.3,937.4,933.7,2,Spring,2018,5,4,working day,0,5-2018
2018-05-26,12.0,16.0,188.75,16.9,11.5,22.0,9.4,0.0,22.0,1.8,7.050000000000002,936.35,934.85,2,Spring,2018,5,5,weekend,1,5-2018
2018-05-27,12.0,21.0,168.5,19.3,13.1,25.5,10.5,2.1,25.0,2.65,11.7,937.1,933.65,2,Spring,2018,5,6,weekend,1,5-2018
2018-05-28,14.0,23.0,300.0,17.0,13.2,21.7,1.6,9.7,25.0,1.65,6.699999999999998,937.15,934.4,2,Spring,2018,5,0,working day,0,5-2018
2018-05-29,12.0,20.0,307.75,16.2,12.6,19.9,6.5,1.0,25.5,2.1,13.45,936.75,934.6,2,Spring,2018,5,1,working day,0,5-2018
2018-05-30,13.0,17.0,316.5,15.8,11.0,20.5,4.7,0.15000000000000002,26.0,3.9,10.7,938.2,934.9,2,Spring,2018,5,2,working day,0,5-2018
2018-05-31,18.0,23.0,336.0,17.8,12.5,23.6,11.7,0.0,29.5,2.75,8.75,940.3,938.1,2,Spring,2018,5,3,working day,0,5-2018
2018-06-01,13.0,10.0,325.25,18.6,11.8,25.0,11.7,2.3,6.5,1.95,11.55,940.7,936.95,3,Summer,2018,6,4,working day,0,6-2018
2018-06-02,14.0,12.0,203.0,18.2,12.8,23.9,5.6,9.5,18.0,1.9,11.7,940.2,937.5,3,Summer,2018,6,5,weekend,1,6-2018
2018-06-03,11.0,11.0,168.25,18.0,11.0,24.9,11.2,0.0,24.0,2.5,11.4,939.0,935.3,3,Summer,2018,6,6,weekend,1,6-2018
2018-06-04,11.0,12.0,307.5,16.1,11.2,20.0,12.0,0.0,24.0,3.1,10.8,936.85,934.95,3,Summer,2018,6,0,working day,0,6-2018
2018-06-05,9.0,16.0,310.0,15.7,10.8,20.3,6.1,1.4,27.0,2.2,9.7,935.9,933.95,3,Summer,2018,6,1,working day,0,6-2018
2018-06-06,15.0,20.0,317.0,15.5,10.5,20.5,8.2,3.5,33.0,1.7,8.6,939.0,934.45,3,Summer,2018,6,2,working day,0,6-2018
2018-06-07,15.0,19.0,316.0,17.7,11.0,24.8,7.9,2.6,24.0,2.5,8.9,939.65,937.65,3,Summer,2018,6,3,working day,0,6-2018
2018-06-08,12.0,14.0,324.5,16.4,13.0,19.6,1.9,2.8,23.0,2.5,10.6,937.85,932.5,3,Summer,2018,6,4,working day,0,6-2018
2018-06-09,12.0,12.0,205.0,15.9,10.7,21.1,8.4,0.25,24.0,2.8,10.6,936.95,935.0,3,Summer,2018,6,5,weekend,1,6-2018
2018-06-10,10.0,12.0,165.75,15.3,10.0,21.0,4.7,0.0,24.0,2.5,10.6,936.75,933.8,3,Summer,2018,6,6,weekend,1,6-2018
2018-06-11,11.0,18.0,305.0,16.8,11.6,21.9,7.7,0.0,26.0,2.8,8.3,937.1,934.85,3,Summer,2018,6,0,working day,0,6-2018
2018-06-12,12.0,12.0,311.0,18.6,12.6,25.2,12.5,0.0,29.0,1.9,8.1,940.55,936.55,3,Summer,2018,6,1,working day,0,6-2018
2018-06-13,14.0,13.0,315.25,19.4,12.7,25.7,13.1,0.0,29.0,2.5,8.6,941.4,938.4,3,Summer,2018,6,2,working day,0,6-2018
2018-06-14,17.0,20.0,315.5,19.8,12.7,27.5,13.3,0.0,7.0,2.2,8.1,940.2,937.5,3,Summer,2018,6,3,working day,0,6-2018
2018-06-15,15.0,11.0,309.5,22.4,14.3,30.7,13.3,0.0,6.0,1.1,9.4,939.65,935.95,3,Summer,2018,6,4,working day,0,6-2018
2018-06-16,14.0,7.0,194.0,24.4,16.9,31.3,13.0,0.0,5.0,1.9,7.8,940.35,937.2,3,Summer,2018,6,5,weekend,1,6-2018
2018-06-17,13.0,11.0,165.0,23.6,15.6,32.3,13.4,0.0,8.0,2.8,8.3,944.85,940.35,3,Summer,2018,6,6,weekend,1,6-2018
2018-06-18,15.0,13.0,304.0,24.5,17.0,32.1,13.1,0.0,7.0,2.5,11.4,944.95,941.05,3,Summer,2018,6,0,working day,0,6-2018
2018-06-19,20.0,15.0,313.0,24.9,16.2,32.5,13.5,0.0,5.0,1.9,8.3,943.25,939.3,3,Summer,2018,6,1,working day,0,6-2018
2018-06-20,23.0,17.0,303.0,26.6,20.2,33.2,13.1,0.0,13.0,1.7,8.9,942.0,938.05,3,Summer,2018,6,2,working day,0,6-2018
2018-06-21,23.0,20.0,320.0,26.8,20.2,33.3,13.3,0.0,10.0,1.7,7.2,941.95,938.75,3,Summer,2018,6,3,working day,0,6-2018
2018-06-22,23.0,12.0,317.0,27.3,20.4,34.2,13.2,0.0,8.0,1.7,8.3,941.5,937.85,3,Summer,2018,6,4,working day,0,6-2018
2018-06-23,34.0,12.0,188.75,28.6,21.2,36.0,13.0,0.0,6.0,1.7,8.6,940.45,937.25,3,Summer,2018,6,5,weekend,1,6-2018
2018-06-24,47.5,21.5,160.0,29.3,21.6,37.0,11.8,0.0,8.0,1.4,8.3,939.85,936.3,3,Summer,2018,6,6,weekend,1,6-2018
2018-06-25,49.5,19.5,289.0,29.4,22.0,36.8,11.0,0.0,17.0,1.9,8.3,939.25,936.2,3,Summer,2018,6,0,working day,0,6-2018
2018-06-26,43.0,19.5,302.0,28.2,21.5,35.0,12.9,0.0,25.0,1.9,8.1,939.6,936.75,3,Summer,2018,6,1,working day,0,6-2018
2018-06-27,31.0,18.0,305.0,26.8,20.3,31.9,10.6,0.0,26.0,2.5,9.7,939.95,936.55,3,Summer,2018,6,2,working day,0,6-2018
2018-06-28,26.5,14.5,311.25,25.6,19.1,31.6,10.8,0.1,24.0,2.2,8.3,937.1,931.55,3,Summer,2018,6,3,working day,0,6-2018
2018-06-29,25.0,9.0,306.5,26.0,19.2,32.5,11.9,0.0,6.0,1.7,9.7,933.3,929.2,3,Summer,2018,6,4,working day,0,6-2018
2018-06-30,17.0,6.5,183.5,24.4,19.5,29.4,9.6,0.35,16.0,2.8,9.7,933.35,930.8,3,Summer,2018,6,5,weekend,1,6-2018
2018-07-01,17.0,13.5,144.0,22.6,16.2,28.0,12.3,0.0,26.0,2.8,10.3,936.25,933.25,3,Summer,2018,7,6,weekend,1,7-2018
2018-07-02,19.5,19.5,290.0,22.0,15.3,27.6,13.2,0.0,24.0,2.8,10.0,939.75,935.6,3,Summer,2018,7,0,working day,0,7-2018
2018-07-03,20.5,19.5,291.0,22.6,14.8,30.7,13.4,0.0,27.0,1.1,8.6,940.75,937.5,3,Summer,2018,7,1,working day,0,7-2018
2018-07-04,17.5,16.5,297.0,22.2,16.5,28.0,13.2,0.0,23.0,3.1,13.3,941.3,936.8,3,Summer,2018,7,2,working day,0,7-2018
2018-07-05,19.0,17.5,300.5,22.5,15.5,28.6,12.1,0.0,8.0,1.1,6.9,942.7,940.7,3,Summer,2018,7,3,working day,0,7-2018
2018-07-06,22.5,15.0,280.5,25.1,16.8,31.7,11.2,0.0,6.0,1.9,8.9,943.0,939.45,3,Summer,2018,7,4,working day,0,7-2018
2018-07-07,22.5,10.0,163.5,26.8,20.2,33.6,12.1,0.0,10.0,1.9,9.7,941.9,937.9,3,Summer,2018,7,5,weekend,1,7-2018
2018-07-08,22.0,17.0,147.0,28.2,20.8,34.6,13.1,0.0,7.0,2.2,9.4,942.5,939.15,3,Summer,2018,7,6,weekend,1,7-2018
2018-07-09,23.5,15.5,284.0,28.2,21.0,34.8,12.9,0.0,7.0,2.2,10.8,942.35,938.6,3,Summer,2018,7,0,working day,0,7-2018
2018-07-10,25.5,17.5,281.0,28.1,20.9,35.2,12.2,0.0,6.0,1.9,11.1,941.35,937.1,3,Summer,2018,7,1,working day,0,7-2018
2018-07-11,24.0,17.0,279.5,26.6,19.7,33.2,11.9,0.0,23.0,2.8,10.8,939.0,934.25,3,Summer,2018,7,2,working day,0,7-2018
2018-07-12,30.5,15.5,288.0,26.5,19.6,33.0,13.3,0.0,4.0,1.9,9.2,938.05,935.5,3,Summer,2018,7,3,working day,0,7-2018
2018-07-13,30.0,14.5,278.25,27.2,21.0,33.5,12.9,0.0,7.0,2.5,9.4,939.05,936.05,3,Summer,2018,7,4,working day,0,7-2018
2018-07-14,23.5,9.0,164.25,26.0,18.6,33.2,12.9,0.0,23.0,1.7,9.7,940.45,937.75,3,Summer,2018,7,5,weekend,1,7-2018
2018-07-15,18.5,12.5,138.0,23.2,16.7,29.6,13.2,0.0,24.0,2.5,13.3,940.6,937.6,3,Summer,2018,7,6,weekend,1,7-2018
2018-07-16,21.0,18.0,275.5,23.3,15.5,30.2,13.1,0.0,29.0,2.8,10.6,941.7,939.4,3,Summer,2018,7,0,working day,0,7-2018
2018-07-17,30.0,19.0,275.75,26.4,17.7,34.1,13.2,0.0,12.0,1.9,8.6,941.65,935.5,3,Summer,2018,7,1,working day,0,7-2018
2018-07-18,28.5,24.0,276.0,27.1,20.8,33.4,13.1,0.0,25.0,3.1,11.1,938.05,935.7,3,Summer,2018,7,2,working day,0,7-2018
2018-07-19,27.5,20.0,274.0,25.6,18.1,33.0,13.1,0.0,25.0,2.8,10.3,939.25,936.4,3,Summer,2018,7,3,working day,0,7-2018
2018-07-20,18.0,6.5,260.75,24.8,18.0,32.0,12.9,0.0,21.0,1.9,12.5,937.85,935.45,3,Summer,2018,7,4,working day,0,7-2018
2018-07-21,16.0,9.0,153.0,24.0,16.7,31.0,11.6,0.0,3.0,2.2,10.0,939.1,935.2,3,Summer,2018,7,5,weekend,1,7-2018
2018-07-22,23.0,17.5,132.0,24.9,17.4,32.4,10.9,0.0,8.0,1.7,8.1,938.15,935.65,3,Summer,2018,7,6,weekend,1,7-2018
2018-07-23,23.5,19.0,264.0,27.6,20.4,34.7,13.2,0.0,23.0,1.9,10.0,939.9,935.95,3,Summer,2018,7,0,working day,0,7-2018
2018-07-24,26.0,23.5,265.0,26.2,18.5,33.2,13.1,0.0,24.0,1.9,10.6,938.1,935.8,3,Summer,2018,7,1,working day,0,7-2018
2018-07-25,31.0,26.0,268.25,26.1,17.6,34.6,13.1,0.0,23.0,1.1,8.9,938.8,935.25,3,Summer,2018,7,2,working day,0,7-2018
2018-07-26,28.5,24.5,271.25,27.0,19.5,34.5,13.1,0.0,24.0,1.7,8.9,937.25,934.8,3,Summer,2018,7,3,working day,0,7-2018
2018-07-27,21.0,11.0,257.0,26.8,19.0,34.5,12.2,0.0,25.0,2.8,11.1,937.05,934.55,3,Summer,2018,7,4,working day,0,7-2018
2018-07-28,18.5,8.0,141.75,25.8,18.4,33.2,13.1,0.0,25.0,2.2,10.8,937.65,935.85,3,Summer,2018,7,5,weekend,1,7-2018
2018-07-29,20.5,19.5,125.5,26.0,18.3,32.6,12.8,0.0,22.0,2.2,8.9,939.1,936.45,3,Summer,2018,7,6,weekend,1,7-2018
2018-07-30,21.5,20.0,241.5,26.6,18.8,34.3,13.1,0.0,24.0,1.4,8.3,940.3,937.65,3,Summer,2018,7,0,working day,0,7-2018
2018-07-31,27.0,27.5,245.0,28.1,21.0,35.3,13.2,0.0,22.0,1.1,8.3,940.5,937.55,3,Summer,2018,7,1,working day,0,7-2018
2018-08-01,35.0,31.0,232.0,29.5,21.5,37.5,13.1,0.0,8.0,1.1,6.4,940.25,937.8,3,Summer,2018,8,2,working day,0,8-2018
2018-08-02,49.5,19.0,236.5,31.5,22.6,39.2,12.4,0.0,7.0,1.4,7.5,942.35,938.7,3,Summer,2018,8,3,working day,0,8-2018
2018-08-03,54.0,10.0,223.0,32.9,25.1,40.8,11.4,0.0,4.0,1.7,9.2,941.55,938.75,3,Summer,2018,8,4,working day,0,8-2018
2018-08-04,46.5,8.0,133.0,31.0,23.2,39.4,11.9,0.0,20.0,1.7999999999999998,9.3,942.6,939.1,3,Summer,2018,8,5,weekend,1,8-2018
2018-08-05,49.5,19.5,116.0,31.0,23.4,38.0,12.6,0.0,6.0,1.9,9.2,941.05,937.5,3,Summer,2018,8,6,weekend,1,8-2018
2018-08-06,66.0,17.5,201.0,30.6,23.2,39.5,9.3,0.0,17.0,1.7,11.9,939.9,935.55,3,Summer,2018,8,0,working day,0,8-2018
2018-08-07,52.0,13.0,205.0,29.8,22.8,36.8,11.8,0.0,24.0,3.3,12.2,936.65,932.55,3,Summer,2018,8,1,working day,0,8-2018
2018-08-08,31.5,11.5,204.0,27.6,20.2,35.0,12.1,0.0,24.0,3.1,14.2,936.3,932.6,3,Summer,2018,8,2,working day,0,8-2018
2018-08-09,25.5,9.5,203.0,24.9,18.5,31.3,12.9,0.0,6.0,2.2,12.5,942.25,935.15,3,Summer,2018,8,3,working day,0,8-2018
2018-08-10,32.0,10.5,192.0,24.6,17.2,32.0,10.9,0.0,4.0,1.9,12.2,944.65,941.15,3,Summer,2018,8,4,working day,0,8-2018
2018-08-11,39.0,14.0,121.5,28.4,22.1,34.4,11.2,0.0,16.0,1.7,6.7,944.95,940.05,3,Summer,2018,8,5,weekend,1,8-2018
2018-08-12,31.0,13.5,107.5,29.2,22.6,35.3,11.6,0.0,26.0,3.3,11.9,940.9,935.25,3,Summer,2018,8,6,weekend,1,8-2018
2018-08-13,19.5,10.5,184.0,27.1,20.4,33.8,12.8,0.0,28.0,2.2,9.2,938.05,935.05,3,Summer,2018,8,0,working day,0,8-2018
2018-08-14,20.0,7.0,186.5,26.3,18.6,33.6,12.7,0.0,4.0,1.4,9.7,941.0,938.0,3,Summer,2018,8,1,working day,0,8-2018
2018-08-15,27.5,12.5,110.5,26.8,19.4,34.3,12.2,0.0,9.0,2.2,7.8,940.8,936.5,3,Summer,2018,8,2,working day,0,8-2018
2018-08-16,22.5,10.5,180.5,27.5,22.1,32.7,8.7,0.0,19.0,2.2,8.6,939.6,936.55,3,Summer,2018,8,3,working day,0,8-2018
2018-08-17,15.5,4.5,176.0,26.2,19.5,32.8,11.9,0.0,6.0,2.5,11.9,941.95,937.25,3,Summer,2018,8,4,working day,0,8-2018
2018-08-18,17.0,11.0,114.0,24.0,16.8,31.4,11.2,0.0,5.0,1.7,10.8,942.2,939.0,3,Summer,2018,8,5,weekend,1,8-2018
2018-08-19,20.5,14.5,105.5,26.1,19.7,32.5,10.8,0.0,6.0,1.9,7.8,943.85,940.6,3,Summer,2018,8,6,weekend,1,8-2018
2018-08-20,21.0,20.0,187.5,26.4,20.0,32.8,12.5,0.0,11.0,1.4,6.1,943.35,938.9,3,Summer,2018,8,0,working day,0,8-2018
2018-08-21,23.5,16.0,188.5,27.6,20.8,34.5,12.1,0.0,8.0,1.7,8.3,940.95,937.15,3,Summer,2018,8,1,working day,0,8-2018
2018-08-22,28.0,23.0,192.5,27.8,21.8,34.1,9.4,0.0,14.0,1.1,10.0,941.45,938.0,3,Summer,2018,8,2,working day,0,8-2018
2018-08-23,25.5,15.5,194.75,27.0,20.2,34.2,9.9,0.0,25.0,1.4,9.4,941.65,938.5,3,Summer,2018,8,3,working day,0,8-2018
2018-08-24,21.0,9.5,186.0,26.8,19.6,34.1,11.5,0.0,26.0,1.4,10.8,941.9,938.45,3,Summer,2018,8,4,working day,0,8-2018
2018-08-25,20.5,10.0,124.0,25.6,17.4,33.6,11.9,0.0,7.0,2.2,9.4,939.65,935.45,3,Summer,2018,8,5,weekend,1,8-2018
2018-08-26,23.0,24.5,113.0,24.8,16.6,33.0,12.0,0.0,8.0,1.7,7.2,939.75,936.45,3,Summer,2018,8,6,weekend,1,8-2018
2018-08-27,39.0,22.0,217.0,27.8,20.0,35.6,10.0,0.0,21.0,1.4,8.1,939.55,937.05,3,Summer,2018,8,0,working day,0,8-2018
2018-08-28,38.0,21.0,228.0,27.4,21.2,33.8,11.1,0.3,24.0,2.5,12.2,939.5,936.35,3,Summer,2018,8,1,working day,0,8-2018
2018-08-29,33.0,17.0,227.0,25.8,20.0,32.2,11.9,0.0,6.0,1.4,9.7,941.3,938.5,3,Summer,2018,8,2,working day,0,8-2018
2018-08-30,30.5,17.0,235.5,26.3,19.5,32.8,11.7,0.0,4.0,1.4,8.9,943.05,939.2,3,Summer,2018,8,3,working day,0,8-2018
2018-08-31,27.0,14.0,241.75,27.6,20.7,34.6,11.7,0.0,5.0,1.9,8.9,941.7,938.35,3,Summer,2018,8,4,working day,0,8-2018
2018-09-01,35.0,15.0,156.0,27.6,20.6,34.7,10.5,0.0,6.0,1.1,7.8,942.15,938.05,4,Autumn,2018,9,5,weekend,1,9-2018
2018-09-02,49.0,18.0,141.0,29.0,22.0,35.6,9.8,1.2,25.0,1.7,9.7,940.75,935.7,4,Autumn,2018,9,6,weekend,1,9-2018
2018-09-03,48.5,20.0,278.5,27.2,21.7,32.7,6.6,0.0,11.0,1.7,8.6,936.3,932.55,4,Autumn,2018,9,0,working day,0,9-2018
2018-09-04,42.5,16.5,285.25,24.2,18.2,30.3,10.0,0.0,20.0,1.4,6.9,936.95,933.65,4,Autumn,2018,9,1,working day,0,9-2018
2018-09-05,34.0,19.0,254.0,22.8,16.2,28.2,9.9,0.0,25.0,2.8,10.6,938.45,935.4,4,Autumn,2018,9,2,working day,0,9-2018
2018-09-06,26.0,14.0,299.5,22.5,17.0,28.0,6.5,0.0,4.0,1.4,8.9,938.25,936.15,4,Autumn,2018,9,3,working day,0,9-2018
2018-09-07,21.5,15.0,301.0,22.6,16.4,28.6,9.3,0.5,7.0,2.8,11.9,939.45,936.3,4,Autumn,2018,9,4,working day,0,9-2018
2018-09-08,19.5,20.0,171.5,19.0,15.1,23.2,0.7,1.8,5.0,1.7,8.1,942.0,939.2,4,Autumn,2018,9,5,weekend,1,9-2018
2018-09-09,15.0,14.0,147.5,21.2,14.5,28.2,7.9,0.0,11.0,0.8,7.5,944.1,940.5,4,Autumn,2018,9,6,weekend,1,9-2018
2018-09-10,17.5,17.0,302.0,22.4,16.0,28.8,8.3,0.0,10.0,1.9,10.0,946.45,943.45,4,Autumn,2018,9,0,working day,0,9-2018
2018-09-11,23.5,23.5,300.0,23.0,16.9,29.6,9.5,0.0,6.0,1.9,8.3,947.0,942.75,4,Autumn,2018,9,1,working day,0,9-2018
2018-09-12,26.0,31.0,302.5,23.6,16.7,30.4,9.8,0.0,4.0,0.6,6.4,945.8,942.45,4,Autumn,2018,9,2,working day,0,9-2018
2018-09-13,24.0,23.0,307.0,25.4,17.9,32.9,10.4,0.0,15.0,0.8,6.1,943.3,939.55,4,Autumn,2018,9,3,working day,0,9-2018
2018-09-14,22.0,12.0,306.25,25.7,18.7,33.0,9.5,0.0,8.0,1.4,6.9,942.2,938.85,4,Autumn,2018,9,4,working day,0,9-2018
2018-09-15,15.0,15.5,177.5,25.0,19.5,30.4,10.0,0.0,11.0,0.8,11.9,944.05,940.25,4,Autumn,2018,9,5,weekend,1,9-2018
2018-09-16,25.5,21.5,149.5,24.1,17.3,30.9,10.0,0.0,19.0,0.6,5.6,944.3,941.0,4,Autumn,2018,9,6,weekend,1,9-2018
2018-09-17,26.5,25.0,302.0,24.7,18.2,30.8,9.7,1.2,15.0,1.9,9.2,942.0,936.85,4,Autumn,2018,9,0,working day,0,9-2018
2018-09-18,26.5,31.0,299.0,23.4,17.5,29.5,6.9,0.0,26.0,1.4,6.7,942.05,938.8,4,Autumn,2018,9,1,working day,0,9-2018
2018-09-19,31.0,31.5,300.75,24.2,17.1,31.2,10.3,0.0,23.0,0.8,4.7,944.35,941.7,4,Autumn,2018,9,2,working day,0,9-2018
2018-09-20,30.0,30.0,308.0,25.2,18.5,32.0,9.6,0.0,20.0,1.1,6.1,944.0,939.9,4,Autumn,2018,9,3,working day,0,9-2018
2018-09-21,26.0,21.5,314.25,25.0,18.5,31.6,9.2,0.0,7.0,1.4,7.8,943.8,940.6,4,Autumn,2018,9,4,working day,0,9-2018
2018-09-22,24.5,21.5,189.5,26.2,19.3,33.4,9.4,0.0,23.0,1.7,7.8,945.9,943.7,4,Autumn,2018,9,5,weekend,1,9-2018
2018-09-23,17.5,15.5,159.0,26.6,19.3,34.0,10.3,0.0,5.0,1.4,8.6,947.0,943.25,4,Autumn,2018,9,6,weekend,1,9-2018
2018-09-24,21.5,23.0,302.0,26.3,19.4,33.4,10.3,0.0,24.0,1.9,8.9,946.8,942.35,4,Autumn,2018,9,0,working day,0,9-2018
2018-09-25,24.0,12.5,304.0,24.0,16.4,31.5,10.3,0.0,13.0,1.7,10.0,946.35,942.2,4,Autumn,2018,9,1,working day,0,9-2018
2018-09-26,28.0,26.5,307.5,22.8,19.0,27.3,1.7,0.5,14.0,2.2,8.3,951.9,946.35,4,Autumn,2018,9,2,working day,0,9-2018
2018-09-27,30.5,30.5,309.5,21.4,15.5,27.5,10.1,0.0,11.0,1.1,5.3,951.9,946.2,4,Autumn,2018,9,3,working day,0,9-2018
2018-09-28,28.5,26.0,319.0,21.9,15.0,29.0,10.2,0.0,9.0,1.4,7.8,946.2,939.8,4,Autumn,2018,9,4,working day,0,9-2018
2018-09-29,26.5,23.0,194.5,22.4,15.4,29.5,10.5,0.0,6.0,0.8,5.8,941.4,937.2,4,Autumn,2018,9,5,weekend,1,9-2018
2018-09-30,19.0,15.5,158.5,22.6,15.1,30.1,9.2,0.0,6.0,1.7,8.6,941.3,938.45,4,Autumn,2018,9,6,weekend,1,9-2018
2018-10-01,19.0,23.0,307.5,20.2,14.5,26.5,9.9,0.0,5.0,3.1,10.0,944.05,940.5,4,Autumn,2018,10,0,working day,0,10-2018
2018-10-02,21.5,26.0,307.25,17.3,9.3,26.6,10.5,0.0,36.0,1.1,8.3,945.85,942.75,4,Autumn,2018,10,1,working day,0,10-2018
2018-10-03,24.0,32.0,308.25,20.4,13.4,27.5,10.4,0.0,6.0,1.4,7.2,946.65,942.5,4,Autumn,2018,10,2,working day,0,10-2018
2018-10-04,33.0,37.0,316.0,20.2,14.0,28.3,10.2,0.0,10.0,1.1,5.3,943.25,939.3,4,Autumn,2018,10,3,working day,0,10-2018
2018-10-05,31.5,29.5,316.5,20.4,14.0,28.0,10.4,0.0,23.0,1.1,6.1,941.25,937.3,4,Autumn,2018,10,4,working day,0,10-2018
2018-10-06,21.0,6.5,200.0,20.4,13.0,28.0,9.9,0.0,23.0,2.5,11.9,940.25,936.15,4,Autumn,2018,10,5,weekend,1,10-2018
2018-10-07,16.0,17.0,162.0,15.4,11.2,20.2,10.2,0.0,3.0,3.9,11.4,941.25,938.3,4,Autumn,2018,10,6,weekend,1,10-2018
2018-10-08,16.0,15.0,300.0,13.8,8.0,20.1,9.5,0.0,11.0,1.1,7.2,941.05,936.95,4,Autumn,2018,10,0,working day,0,10-2018
2018-10-09,17.0,24.0,309.0,15.1,9.8,20.0,7.8,2.6,10.0,2.5,11.4,937.85,933.1,4,Autumn,2018,10,1,working day,0,10-2018
2018-10-10,25.0,24.0,312.5,15.8,11.8,19.8,5.6,2.7,6.0,0.8,5.6,933.5,930.9,4,Autumn,2018,10,2,working day,0,10-2018
2018-10-11,19.0,18.0,319.0,17.2,13.0,21.6,2.1,3.4,23.0,2.8,8.9,941.2,933.0,4,Autumn,2018,10,3,working day,0,10-2018
2018-10-12,21.0,27.0,147.0,18.3,15.0,21.8,3.8,0.5,23.0,0.8,6.7,945.8,941.25,4,Autumn,2018,10,4,working day,0,10-2018
2018-10-13,17.0,11.0,162.0,19.6,14.2,26.2,8.6,1.6,99.0,0.6,7.2,943.8,932.0,4,Autumn,2018,10,5,weekend,1,10-2018
2018-10-14,12.0,18.0,144.5,14.6,11.2,18.5,6.2,0.0,27.0,3.9,12.2,933.25,928.1,4,Autumn,2018,10,6,weekend,1,10-2018
2018-10-15,20.0,27.0,300.5,12.1,8.2,15.4,2.8,0.1,27.0,1.4,10.0,935.25,931.95,4,Autumn,2018,10,0,working day,0,10-2018
2018-10-16,20.0,24.0,303.75,15.4,10.3,21.9,10.3,0.0,5.0,0.8,5.8,939.95,934.9,4,Autumn,2018,10,1,working day,0,10-2018
2018-10-17,19.0,25.0,304.0,16.4,10.5,22.2,10.6,0.0,25.0,1.4,7.2,940.3,934.75,4,Autumn,2018,10,2,working day,0,10-2018
2018-10-18,13.0,21.0,312.0,17.0,13.2,20.8,1.1,8.8,4.0,2.8,11.4,934.65,932.35,4,Autumn,2018,10,3,working day,0,10-2018
2018-10-19,13.0,15.0,322.0,15.1,12.2,18.0,1.7,5.3,99.0,3.6,11.4,939.35,933.15,4,Autumn,2018,10,4,working day,0,10-2018
2018-10-20,20.0,16.0,202.0,17.2,13.3,21.0,5.3,3.3,8.0,3.1,9.7,943.8,938.85,4,Autumn,2018,10,5,weekend,1,10-2018
2018-10-21,31.0,32.0,161.0,17.8,14.3,21.8,7.9,0.0,6.0,2.8,7.8,944.4,941.6,4,Autumn,2018,10,6,weekend,1,10-2018
2018-10-22,31.0,31.0,302.0,17.0,11.7,23.6,9.5,0.0,5.0,0.8,9.2,946.0,942.9,4,Autumn,2018,10,0,working day,0,10-2018
2018-10-23,42.0,44.0,306.0,17.0,12.2,22.6,8.5,0.0,4.0,1.4,7.5,948.65,945.95,4,Autumn,2018,10,1,working day,0,10-2018
2018-10-24,43.0,42.0,307.0,16.2,10.5,24.7,10.3,0.0,21.0,0.6,5.0,947.95,943.75,4,Autumn,2018,10,2,working day,0,10-2018
2018-10-25,39.0,42.0,309.25,16.6,10.1,23.8,9.9,0.0,23.0,0.8,6.1,943.65,939.25,4,Autumn,2018,10,3,working day,0,10-2018
2018-10-26,26.0,22.0,322.0,14.2,11.2,16.5,0.4,1.2,23.0,1.1,4.7,939.6,934.3,4,Autumn,2018,10,4,working day,0,10-2018
2018-10-27,12.0,13.0,206.25,8.8,4.3,13.4,0.9,4.2,4.0,1.9,11.1,934.3,924.7,4,Autumn,2018,10,5,weekend,1,10-2018
2018-10-28,9.0,14.0,162.0,6.4,2.3,10.4,7.8,0.0,7.0,2.5,11.1,927.2,923.45,4,Autumn,2018,10,6,weekend,1,10-2018
2018-10-29,11.0,20.0,312.5,7.0,3.5,10.4,8.0,0.7,31.0,4.7,13.3,927.7,925.6,4,Autumn,2018,10,0,working day,0,10-2018
2018-10-30,12.0,18.0,321.5,7.5,5.5,9.0,0.0,14.0,17.0,3.1,10.3,927.0,922.2,4,Autumn,2018,10,1,working day,0,10-2018
2018-10-31,19.0,22.0,332.5,8.9,5.8,12.2,3.1,0.3,24.0,2.8,10.3,930.35,923.35,4,Autumn,2018,10,2,working day,0,10-2018
2018-11-01,14.0,15.0,157.75,9.2,4.0,15.6,9.6,0.0,23.0,0.8,5.8,941.7,930.35,4,Autumn,2018,11,3,working day,0,11-2018
2018-11-02,16.0,27.0,242.0,13.8,8.7,19.0,8.9,0.0,29.0,2.2,10.8,945.7,939.85,4,Autumn,2018,11,4,working day,0,11-2018
2018-11-03,22.0,22.0,180.0,10.6,5.2,16.7,9.8,0.0,13.0,0.8,5.3,945.55,939.95,4,Autumn,2018,11,5,weekend,1,11-2018
2018-11-04,14.0,18.0,150.0,10.0,4.0,16.4,8.8,16.2,24.0,0.8,9.7,939.9,928.7,4,Autumn,2018,11,6,weekend,1,11-2018
2018-11-05,12.0,16.0,304.0,8.2,6.3,10.2,2.5,2.5,28.0,3.1,11.1,930.5,923.5,4,Autumn,2018,11,0,working day,0,11-2018
2018-11-06,14.0,23.0,309.0,8.8,5.3,11.8,5.5,0.7,26.0,3.1,11.7,936.0,930.2,4,Autumn,2018,11,1,working day,0,11-2018
2018-11-07,19.0,27.0,312.25,11.2,7.5,14.2,3.5,4.2,23.0,1.9,8.3,940.35,933.9,4,Autumn,2018,11,2,working day,0,11-2018
2018-11-08,13.0,11.0,323.0,9.1,5.6,12.6,1.5,3.5,23.0,1.1,12.2,940.25,934.7,4,Autumn,2018,11,3,working day,0,11-2018
2018-11-09,10.0,12.0,168.5,9.1,5.4,12.8,8.2,0.0,28.0,4.4,11.4,941.9,936.85,4,Autumn,2018,11,4,working day,0,11-2018
2018-11-10,12.0,14.0,143.75,11.6,9.4,13.5,0.8,0.9,23.0,3.6,15.6,939.2,935.25,4,Autumn,2018,11,5,weekend,1,11-2018
2018-11-11,17.0,28.0,138.0,14.2,11.5,16.7,3.9,0.0,24.0,2.8,9.2,937.9,933.75,4,Autumn,2018,11,6,weekend,1,11-2018
2018-11-12,22.0,25.0,303.0,11.7,9.7,13.7,0.1,2.0,22.0,0.8,7.5,942.3,934.5,4,Autumn,2018,11,0,working day,0,11-2018
2018-11-13,33.0,23.0,305.5,13.0,9.0,17.6,8.4,0.0,11.0,1.4,5.8,946.45,942.05,4,Autumn,2018,11,1,working day,0,11-2018
2018-11-14,25.0,22.0,325.5,13.0,9.2,16.5,5.6,0.1,7.0,1.9,7.2,946.6,940.8,4,Autumn,2018,11,2,working day,0,11-2018
2018-11-15,24.0,22.0,300.0,14.2,11.8,17.1,4.0,0.9,12.0,1.7,8.3,941.3,938.95,4,Autumn,2018,11,3,working day,0,11-2018
2018-11-16,20.0,15.0,318.75,14.0,12.0,16.0,1.9,1.2,11.0,1.4,7.2,941.6,939.05,4,Autumn,2018,11,4,working day,0,11-2018
2018-11-17,17.0,13.0,207.0,14.0,11.0,17.0,5.6,0.0,12.0,2.2,6.7,939.5,933.05,4,Autumn,2018,11,5,weekend,1,11-2018
2018-11-18,13.0,17.0,159.0,11.0,9.3,12.8,0.1,12.1,11.0,2.8,9.7,932.95,926.35,4,Autumn,2018,11,6,weekend,1,11-2018
2018-11-19,11.0,17.0,298.0,11.2,8.5,13.9,1.8,2.1,5.0,2.2,8.9,926.15,923.9,4,Autumn,2018,11,0,working day,0,11-2018
2018-11-20,13.0,20.0,303.0,10.1,7.8,12.5,1.9,5.3,24.0,2.8,13.9,928.3,922.55,4,Autumn,2018,11,1,working day,0,11-2018
2018-11-21,18.0,25.0,309.0,9.2,6.7,12.1,5.5,0.3,23.0,2.2,11.7,937.0,928.4,4,Autumn,2018,11,2,working day,0,11-2018
2018-11-22,15.0,22.0,311.75,8.4,4.8,11.9,1.4,3.3,20.0,1.1,5.3,938.45,934.9,4,Autumn,2018,11,3,working day,0,11-2018
2018-11-23,21.0,26.0,322.25,8.4,4.3,12.5,7.7,0.0,24.0,1.7,9.7,938.8,934.35,4,Autumn,2018,11,4,working day,0,11-2018
2018-11-24,18.0,15.0,208.0,5.8,2.0,9.2,1.8,1.6,24.0,1.1,4.4,939.85,935.05,4,Autumn,2018,11,5,weekend,1,11-2018
2018-11-25,11.0,15.0,162.0,10.3,6.6,14.0,2.3,4.9,26.0,3.3,12.5,934.75,928.1,4,Autumn,2018,11,6,weekend,1,11-2018
2018-11-26,19.0,29.0,300.0,9.5,7.0,12.5,8.3,0.0,30.0,3.1,17.2,943.9,928.2,4,Autumn,2018,11,0,working day,0,11-2018
2018-11-27,37.0,37.0,307.0,8.1,3.8,12.5,7.9,0.0,23.0,0.8,6.1,945.2,943.5,4,Autumn,2018,11,1,working day,0,11-2018
2018-11-28,41.0,33.0,307.0,6.8,1.0,12.1,6.5,0.0,20.0,0.3,4.2,946.6,944.05,4,Autumn,2018,11,2,working day,0,11-2018
2018-11-29,30.0,28.0,318.0,6.6,1.2,12.0,5.5,3.3,27.0,0.8,5.6,943.9,939.9,4,Autumn,2018,11,3,working day,0,11-2018
2018-11-30,24.0,30.0,326.5,7.8,3.9,12.5,6.6,0.0,27.0,0.6,4.4,945.85,939.3,4,Autumn,2018,11,4,working day,0,11-2018
2018-12-01,29.0,25.0,215.5,6.6,1.8,11.5,3.7,0.0,24.0,0.6,4.7,945.8,943.4,1,Winter,2018,12,5,weekend,1,12-2018
2018-12-02,38.0,26.0,157.0,6.5,3.0,10.0,2.3,0.0,23.0,0.3,3.6,946.85,944.7,1,Winter,2018,12,6,weekend,1,12-2018
2018-12-03,41.0,35.0,304.5,7.2,5.4,9.0,1.0,0.0,33.0,0.8,3.1,946.95,945.35,1,Winter,2018,12,0,working day,0,12-2018
2018-12-04,43.0,39.0,312.75,9.7,2.3,16.8,8.7,0.0,35.0,0.6,3.3,947.2,945.15,1,Winter,2018,12,1,working day,0,12-2018
2018-12-05,44.0,31.0,321.5,11.4,5.6,18.2,8.9,0.0,18.0,0.8,4.2,948.15,946.05,1,Winter,2018,12,2,working day,0,12-2018
2018-12-06,31.0,25.0,152.5,10.5,5.0,17.3,8.8,0.0,16.0,0.6,4.2,950.85,948.55,1,Winter,2018,12,3,working day,0,12-2018
2018-12-07,25.0,26.0,240.0,7.4,2.8,12.8,8.4,0.0,29.0,1.1,12.2,950.0,947.1,1,Winter,2018,12,4,working day,0,12-2018
2018-12-08,37.0,35.0,153.5,9.8,4.8,15.0,6.9,0.0,31.0,0.8,10.3,951.3,948.0,1,Winter,2018,12,5,weekend,1,12-2018
2018-12-09,44.5,46.5,145.0,9.5,3.0,17.3,8.6,0.0,24.0,0.6,3.1,952.55,950.25,1,Winter,2018,12,6,weekend,1,12-2018
2018-12-10,41.5,34.5,305.25,9.0,3.8,16.5,7.4,0.0,29.0,1.1,3.6,952.0,946.95,1,Winter,2018,12,0,working day,0,12-2018
2018-12-11,36.0,27.0,309.0,8.2,3.0,13.7,5.9,0.0,24.0,0.8,4.2,946.85,942.75,1,Winter,2018,12,1,working day,0,12-2018
2018-12-12,23.0,16.5,305.25,5.6,2.6,8.6,0.0,3.8,23.0,0.8,7.2,944.1,938.0,1,Winter,2018,12,2,working day,0,12-2018
2018-12-13,11.0,20.0,320.0,6.2,4.0,9.0,2.2,5.2,31.0,3.1,15.6,938.25,929.65,1,Winter,2018,12,3,working day,0,12-2018
2018-12-14,20.0,26.5,335.25,6.8,3.0,10.5,8.7,0.0,30.0,2.5,9.7,946.25,936.7,1,Winter,2018,12,4,working day,0,12-2018
2018-12-15,14.0,14.0,265.0,5.2,1.2,9.0,2.6,0.15000000000000002,24.0,1.4,7.2,948.35,944.4,1,Winter,2018,12,5,weekend,1,12-2018
2018-12-16,20.5,29.0,214.5,8.7,3.9,13.0,3.0,0.2,24.0,3.9,12.5,947.6,940.5,1,Winter,2018,12,6,weekend,1,12-2018
2018-12-17,27.0,31.5,338.0,5.8,2.0,9.5,7.4,0.0,31.0,1.7,7.2,951.15,948.15,1,Winter,2018,12,0,working day,0,12-2018
2018-12-18,25.0,24.5,318.0,4.6,1.2,8.0,1.4,0.9,6.0,0.6,4.2,948.8,942.5,1,Winter,2018,12,1,working day,0,12-2018
2018-12-19,17.5,22.5,327.5,7.2,4.3,9.5,6.0,0.0,24.0,1.9,6.4,945.85,941.7,1,Winter,2018,12,2,working day,0,12-2018
2018-12-20,19.0,22.5,334.0,8.1,4.9,11.3,2.8,0.0,24.0,1.4,5.0,950.8,944.3,1,Winter,2018,12,3,working day,0,12-2018
2018-12-21,26.0,21.5,332.75,6.8,5.3,8.6,0.0,0.0,29.0,1.1,4.2,953.85,950.7,1,Winter,2018,12,4,working day,0,12-2018
2018-12-22,25.5,18.5,199.5,7.3,6.1,8.7,0.0,0.0,6.0,0.8,4.2,954.45,952.5,1,Winter,2018,12,5,weekend,1,12-2018
2018-12-23,30.5,29.5,160.0,7.0,2.7,11.2,4.5,0.0,12.0,0.6,4.2,953.4,950.7,1,Winter,2018,12,6,weekend,1,12-2018
2018-12-24,22.0,25.0,187.25,8.2,1.5,15.0,6.4,0.0,6.0,0.6,3.6,956.1,948.4,1,Winter,2018,12,0,working day,0,12-2018
2018-12-25,24.5,32.0,131.5,9.3,3.8,15.2,6.9,0.0,26.0,1.1,4.2,949.9,947.4,1,Winter,2018,12,1,working day,0,12-2018
2018-12-26,38.5,34.0,257.0,8.4,3.5,13.7,8.8,0.0,11.0,0.6,3.1,950.4,948.0,1,Winter,2018,12,2,working day,0,12-2018
2018-12-27,39.5,27.5,262.0,6.2,1.5,12.5,8.5,0.0,25.0,0.6,3.3,948.9,946.7,1,Winter,2018,12,3,working day,0,12-2018
2018-12-28,23.5,19.5,261.0,7.1,1.5,13.8,8.7,0.0,10.0,1.4,6.7,949.7,947.1,1,Winter,2018,12,4,working day,0,12-2018
2018-12-29,18.0,23.5,174.5,7.8,2.5,13.2,8.7,0.0,4.0,1.7,7.8,950.2,948.7,1,Winter,2018,12,5,weekend,1,12-2018
2018-12-30,11.0,17.0,148.5,8.3,1.2,15.4,9.0,0.0,5.0,1.1,7.5,951.4,948.75,1,Winter,2018,12,6,weekend,1,12-2018
2018-12-31,30.0,32.0,176.5,7.0,0.4,16.0,9.0,0.0,24.0,0.6,4.2,952.8,950.35,1,Winter,2018,12,0,working day,0,12-2018
2019-01-01,35.0,39.0,123.5,6.6,0.0,14.8,9.0,0.0,9.0,0.3,3.6,952.55,950.4,1,Winter,2019,1,1,working day,0,1-2019
2019-01-02,23.0,30.0,244.0,6.0,-0.5,14.2,9.1,0.0,7.0,0.6,7.8,951.15,946.95,1,Winter,2019,1,2,working day,0,1-2019
2019-01-03,32.5,37.5,261.5,7.0,1.1,12.9,7.7,0.0,8.0,0.8,6.7,949.95,947.7,1,Winter,2019,1,3,working day,0,1-2019
2019-01-04,34.5,37.0,273.0,5.9,-0.3,14.5,9.1,0.0,28.0,0.3,3.6,951.85,948.65,1,Winter,2019,1,4,working day,0,1-2019
2019-01-05,34.0,42.0,186.0,5.4,-1.0,14.4,9.0,0.0,26.0,0.6,3.1,954.1,951.45,1,Winter,2019,1,5,weekend,1,1-2019
2019-01-06,22.5,39.5,145.0,6.6,-2.0,15.6,9.1,0.0,29.0,1.1,3.3,952.05,949.0,1,Winter,2019,1,6,weekend,1,1-2019
2019-01-07,27.5,36.5,146.0,7.1,0.4,16.4,9.2,0.0,10.0,0.6,5.0,950.35,947.8,1,Winter,2019,1,0,working day,0,1-2019
2019-01-08,22.0,31.5,297.0,7.1,0.4,14.6,9.2,0.0,32.0,0.8,4.4,951.3,946.5,1,Winter,2019,1,1,working day,0,1-2019
2019-01-09,11.0,20.0,296.0,7.6,1.5,14.6,9.2,0.0,3.0,1.4,7.8,946.7,940.1,1,Winter,2019,1,2,working day,0,1-2019
2019-01-10,22.0,35.0,302.0,4.6,-0.8,10.0,9.0,0.0,6.0,2.2,8.3,943.75,939.2,1,Winter,2019,1,3,working day,0,1-2019
2019-01-11,24.5,31.0,309.25,2.6,-3.4,8.6,9.3,0.0,24.0,0.6,4.7,948.4,943.5,1,Winter,2019,1,4,working day,0,1-2019
2019-01-12,27.0,30.5,198.0,4.4,-1.8,10.9,8.9,0.0,11.0,1.4,4.7,950.55,947.95,1,Winter,2019,1,5,weekend,1,1-2019
2019-01-13,51.5,54.5,150.0,5.0,-2.0,12.6,8.8,0.0,27.0,0.8,3.6,949.2,945.05,1,Winter,2019,1,6,weekend,1,1-2019
2019-01-14,49.5,40.0,273.0,6.8,-0.2,14.0,9.2,0.0,24.0,0.6,3.9,946.1,942.25,1,Winter,2019,1,0,working day,0,1-2019
2019-01-15,39.5,29.5,298.0,7.6,1.5,14.0,9.0,0.0,51.0,1.4,5.15,943.25,940.25,1,Winter,2019,1,1,working day,0,1-2019
2019-01-16,42.5,28.0,279.0,5.2,0.0,10.5,8.3,0.0,25.0,1.1,7.2,940.95,937.95,1,Winter,2019,1,2,working day,0,1-2019
2019-01-17,35.5,28.0,294.5,5.0,1.9,8.2,0.1,0.0,8.0,0.8,4.2,941.65,938.25,1,Winter,2019,1,3,working day,0,1-2019
2019-01-18,26.5,25.5,309.0,3.6,-1.5,8.8,2.1,0.0,27.0,1.1,6.1,941.55,938.5,1,Winter,2019,1,4,working day,0,1-2019
2019-01-19,17.5,16.0,195.0,1.6,-1.8,4.4,0.0,5.9,24.0,0.8,5.3,938.8,930.65,1,Winter,2019,1,5,weekend,1,1-2019
2019-01-20,13.5,24.0,148.0,6.5,2.4,10.6,6.0,0.0,5.0,2.2,10.0,940.1,929.35,1,Winter,2019,1,6,weekend,1,1-2019
2019-01-21,16.5,24.5,270.5,5.4,0.0,11.0,8.9,0.0,5.0,2.5,9.4,942.55,939.75,1,Winter,2019,1,0,working day,0,1-2019
2019-01-22,10.0,10.5,274.75,4.4,-0.5,9.1,1.6,0.4,28.0,2.5,12.8,942.85,933.55,1,Winter,2019,1,1,working day,0,1-2019
2019-01-23,12.0,19.0,277.0,9.5,5.5,13.5,6.0,0.0,30.0,6.1,19.2,933.1,928.4,1,Winter,2019,1,2,working day,0,1-2019
2019-01-24,12.5,27.5,279.0,12.1,7.6,16.6,7.0,0.0,31.0,3.1,12.8,937.55,929.55,1,Winter,2019,1,3,working day,0,1-2019
2019-01-25,16.0,25.0,286.5,10.2,4.8,16.5,9.7,0.0,4.0,2.8,10.0,942.25,937.3,1,Winter,2019,1,4,working day,0,1-2019
2019-01-26,10.0,11.0,185.0,7.4,1.2,13.6,9.7,0.0,24.0,1.1,5.0,942.75,937.7,1,Winter,2019,1,5,weekend,1,1-2019
2019-01-27,8.5,11.5,141.25,7.4,2.4,11.9,9.2,0.0,30.0,3.6,14.7,938.95,934.75,1,Winter,2019,1,6,weekend,1,1-2019
2019-01-28,10.5,15.0,268.0,8.4,3.1,13.5,9.0,0.0,29.0,5.3,18.6,939.35,935.55,1,Winter,2019,1,0,working day,0,1-2019
2019-01-29,10.5,13.5,275.0,7.7,3.8,10.5,3.6,0.0,29.0,3.9,15.6,938.8,931.9,1,Winter,2019,1,1,working day,0,1-2019
2019-01-30,8.0,10.0,278.5,7.2,3.2,10.5,6.2,4.1,30.0,3.3,13.9,934.95,927.2,1,Winter,2019,1,2,working day,0,1-2019
2019-01-31,7.0,12.5,284.0,10.0,6.7,13.2,2.8,7.2,23.0,6.4,17.8,927.45,919.65,1,Winter,2019,1,3,working day,0,1-2019
2019-02-01,6.0,8.0,295.25,6.6,3.8,9.4,4.8,0.7,25.0,5.0,19.7,921.05,914.75,1,Winter,2019,2,4,working day,0,2-2019
2019-02-02,7.5,14.0,187.5,5.0,1.6,8.0,9.2,0.0,30.0,4.7,18.1,939.85,920.4,1,Winter,2019,2,5,weekend,1,2-2019
2019-02-03,23.5,37.5,146.0,4.0,-2.0,9.6,9.8,0.0,24.0,1.4,9.2,948.95,940.45,1,Winter,2019,2,6,weekend,1,2-2019
2019-02-04,37.0,41.0,273.0,4.6,-2.8,12.0,9.3,0.0,24.0,1.1,4.2,950.0,947.8,1,Winter,2019,2,0,working day,0,2-2019
2019-02-05,29.0,29.5,278.0,8.1,1.0,15.3,9.9,0.0,25.0,0.8,5.0,950.55,947.75,1,Winter,2019,2,1,working day,0,2-2019
2019-02-06,34.0,33.0,295.5,9.3,3.0,15.6,9.2,0.0,24.0,1.7,6.4,948.4,943.95,1,Winter,2019,2,2,working day,0,2-2019
2019-02-07,31.5,27.5,300.0,9.0,2.0,16.3,9.3,0.0,24.0,1.1,5.0,945.1,942.05,1,Winter,2019,2,3,working day,0,2-2019
2019-02-08,26.5,24.0,311.0,8.4,1.7,15.0,9.6,0.0,24.0,1.1,7.8,944.55,941.55,1,Winter,2019,2,4,working day,0,2-2019
2019-02-09,17.5,10.5,190.5,6.8,1.0,12.6,5.3,0.0,24.0,1.7,6.1,945.05,941.95,1,Winter,2019,2,5,weekend,1,2-2019
2019-02-10,12.0,16.0,153.0,7.8,3.7,12.0,4.0,0.0,24.0,2.5,11.1,944.95,941.85,1,Winter,2019,2,6,weekend,1,2-2019
2019-02-11,15.5,23.0,292.0,9.4,4.4,14.5,9.8,0.0,29.0,1.9,8.9,951.05,944.55,1,Winter,2019,2,0,working day,0,2-2019
2019-02-12,26.0,29.5,295.0,8.0,2.0,14.0,10.1,0.0,5.0,1.1,7.2,952.55,950.1,1,Winter,2019,2,1,working day,0,2-2019
2019-02-13,27.5,28.5,298.5,9.1,2.3,15.9,10.3,0.0,11.0,0.6,4.7,951.4,948.85,1,Winter,2019,2,2,working day,0,2-2019
2019-02-14,32.5,35.0,309.0,8.0,1.8,14.5,10.3,0.0,12.0,0.8,5.0,952.65,948.85,1,Winter,2019,2,3,working day,0,2-2019
2019-02-15,31.5,20.0,307.0,9.0,2.0,16.0,10.1,0.0,10.0,0.8,4.4,949.55,945.7,1,Winter,2019,2,4,working day,0,2-2019
2019-02-16,17.5,17.5,198.0,11.0,4.9,17.0,10.1,0.0,12.0,2.8,8.6,948.25,944.7,1,Winter,2019,2,5,weekend,1,2-2019
2019-02-17,24.5,22.5,157.0,9.5,3.7,16.1,10.4,0.0,8.0,1.7,6.7,946.85,939.85,1,Winter,2019,2,6,weekend,1,2-2019
2019-02-18,36.0,26.5,289.5,9.4,4.2,14.6,7.7,0.0,10.0,1.7,5.6,941.6,938.4,1,Winter,2019,2,0,working day,0,2-2019
2019-02-19,42.0,32.0,293.0,9.7,4.5,15.4,9.4,0.0,26.0,1.1,5.0,941.95,939.45,1,Winter,2019,2,1,working day,0,2-2019
2019-02-20,46.0,28.5,293.5,9.2,3.1,15.4,9.6,0.0,24.0,1.1,6.1,946.35,941.85,1,Winter,2019,2,2,working day,0,2-2019
2019-02-21,41.5,36.5,295.0,10.5,3.5,17.5,9.9,0.0,14.0,1.1,5.3,951.9,946.15,1,Winter,2019,2,3,working day,0,2-2019
2019-02-22,35.5,34.0,307.5,11.0,3.5,18.6,10.2,0.0,24.0,0.8,5.8,952.75,949.4,1,Winter,2019,2,4,working day,0,2-2019
2019-02-23,35.5,24.0,196.0,10.8,2.5,19.0,7.9,0.0,9.0,0.8,4.7,951.3,947.6,1,Winter,2019,2,5,weekend,1,2-2019
2019-02-24,34.5,39.5,153.0,12.3,5.4,19.2,9.9,0.0,4.0,0.8,5.3,952.95,948.9,1,Winter,2019,2,6,weekend,1,2-2019
2019-02-25,37.0,30.5,291.0,12.2,5.0,19.4,10.5,0.0,22.0,1.4,4.7,953.2,948.6,1,Winter,2019,2,0,working day,0,2-2019
2019-02-26,25.0,33.0,299.5,12.8,5.0,20.6,10.6,0.0,18.0,1.4,6.9,951.1,948.75,1,Winter,2019,2,1,working day,0,2-2019
2019-02-27,27.5,38.5,302.0,12.8,5.0,20.5,10.1,0.0,26.0,1.4,6.1,950.15,947.55,1,Winter,2019,2,2,working day,0,2-2019
2019-02-28,30.0,25.5,310.5,11.8,4.3,19.3,7.3,0.0,28.0,0.8,5.0,950.4,946.7,1,Winter,2019,2,3,working day,0,2-2019
2019-03-01,26.0,24.0,296.0,12.6,5.5,19.8,10.4,0.0,22.0,1.7,7.2,946.45,942.95,2,Spring,2019,3,4,working day,0,3-2019
2019-03-02,21.5,21.0,183.0,13.5,6.0,21.0,10.5,0.0,23.0,1.9,5.8,947.5,944.85,2,Spring,2019,3,5,weekend,1,3-2019
2019-03-03,14.5,11.5,153.0,13.0,5.0,21.0,8.6,0.0,24.0,1.9,10.8,945.9,940.9,2,Spring,2019,3,6,weekend,1,3-2019
2019-03-04,13.5,12.5,272.0,12.0,8.4,16.0,5.8,0.0,25.0,3.6,12.8,941.45,939.35,2,Spring,2019,3,0,working day,0,3-2019
2019-03-05,13.5,14.5,300.0,11.6,7.6,15.4,6.9,0.0,23.0,3.3,11.9,940.05,933.35,2,Spring,2019,3,1,working day,0,3-2019
2019-03-06,9.0,15.5,302.0,9.4,5.3,13.4,2.9,7.0,24.0,4.2,18.1,934.8,925.55,2,Spring,2019,3,2,working day,0,3-2019
2019-03-07,13.5,21.5,303.75,7.4,2.1,12.4,9.8,0.0,24.0,2.5,9.4,939.2,934.75,2,Spring,2019,3,3,working day,0,3-2019
2019-03-08,14.5,21.5,303.5,10.2,4.6,15.9,8.3,0.0,17.0,0.8,5.6,949.1,938.85,2,Spring,2019,3,4,working day,0,3-2019
2019-03-09,19.5,20.0,198.75,11.5,4.5,19.1,9.9,0.0,24.0,0.8,4.7,953.45,949.45,2,Spring,2019,3,5,weekend,1,3-2019
2019-03-10,15.0,19.0,158.0,14.3,5.4,23.2,10.4,0.0,30.0,1.7,8.9,952.0,947.8,2,Spring,2019,3,6,weekend,1,3-2019
2019-03-11,14.5,20.0,291.0,14.6,8.8,20.5,10.2,0.0,6.0,1.9,8.6,951.2,948.65,2,Spring,2019,3,0,working day,0,3-2019
2019-03-12,13.5,13.0,296.0,13.8,5.7,22.0,10.0,0.0,24.0,2.8,10.0,949.9,943.6,2,Spring,2019,3,1,working day,0,3-2019
2019-03-13,11.0,21.0,297.5,10.5,5.3,15.2,10.3,0.0,29.0,3.3,11.1,950.65,943.65,2,Spring,2019,3,2,working day,0,3-2019
2019-03-14,17.5,33.0,302.5,10.6,2.5,18.8,10.3,0.0,21.0,1.1,6.7,951.45,947.25,2,Spring,2019,3,3,working day,0,3-2019
2019-03-15,23.0,21.5,309.0,14.1,4.5,23.7,11.0,0.0,24.0,1.1,5.3,949.0,945.3,2,Spring,2019,3,4,working day,0,3-2019
2019-03-16,18.5,14.5,198.0,16.0,7.0,24.9,10.5,0.0,24.0,1.9,8.6,946.0,939.0,2,Spring,2019,3,5,weekend,1,3-2019
2019-03-17,17.0,10.5,156.0,13.8,7.4,20.0,10.0,0.0,29.0,3.3,12.5,942.1,938.25,2,Spring,2019,3,6,weekend,1,3-2019
2019-03-18,10.0,12.5,293.0,9.9,3.8,16.0,10.6,0.0,7.0,2.5,11.4,946.1,942.95,2,Spring,2019,3,0,working day,0,3-2019
2019-03-19,9.5,13.0,302.0,11.2,6.3,16.0,10.0,0.0,6.0,2.8,10.8,947.75,943.8,2,Spring,2019,3,1,working day,0,3-2019
2019-03-20,12.5,19.5,297.25,9.9,5.0,15.2,10.7,0.0,7.0,2.5,11.4,948.7,945.25,2,Spring,2019,3,2,working day,0,3-2019
2019-03-21,19.5,21.5,303.0,9.7,3.6,15.8,10.8,0.0,8.0,0.6,7.2,949.0,945.3,2,Spring,2019,3,3,working day,0,3-2019
2019-03-22,21.5,15.5,285.0,11.0,3.3,18.5,10.5,0.0,9.0,1.4,8.3,948.75,945.0,2,Spring,2019,3,4,working day,0,3-2019
2019-03-23,20.5,11.0,193.5,13.4,6.2,20.6,7.7,0.0,9.0,2.5,9.7,947.85,943.0,2,Spring,2019,3,5,weekend,1,3-2019
2019-03-24,18.0,15.0,157.0,15.0,8.3,21.5,8.7,0.0,11.0,2.2,8.6,945.9,941.75,2,Spring,2019,3,6,weekend,1,3-2019
2019-03-25,16.0,12.0,288.0,15.0,8.2,22.1,11.0,0.0,7.0,2.5,13.1,943.95,938.65,2,Spring,2019,3,0,working day,0,3-2019
2019-03-26,15.5,24.5,294.5,14.2,6.0,22.2,10.4,0.0,5.0,5.0,14.7,943.45,938.0,2,Spring,2019,3,1,working day,0,3-2019
2019-03-27,19.0,20.5,299.5,11.8,5.0,18.7,11.0,0.0,5.0,1.1,8.9,946.25,942.55,2,Spring,2019,3,2,working day,0,3-2019
2019-03-28,21.5,16.0,298.5,12.4,5.7,19.0,10.7,0.0,14.0,1.4,6.1,948.1,943.85,2,Spring,2019,3,3,working day,0,3-2019
2019-03-29,18.5,13.0,312.5,12.1,6.0,18.2,10.4,0.0,12.0,2.8,9.2,946.35,941.75,2,Spring,2019,3,4,working day,0,3-2019
2019-03-30,20.0,12.0,198.5,12.3,5.6,19.0,10.4,0.0,10.0,1.4,6.9,943.7,937.5,2,Spring,2019,3,5,weekend,1,3-2019
2019-03-31,12.0,17.0,158.0,10.6,8.6,12.5,0.6,0.7,12.0,2.2,5.6,938.1,934.3,2,Spring,2019,3,6,weekend,1,3-2019
2019-04-01,15.0,21.0,292.0,13.0,8.2,17.2,2.6,0.0,23.0,1.4,5.3,937.15,934.5,2,Spring,2019,4,0,working day,0,4-2019
2019-04-02,15.5,17.0,203.5,13.2,7.4,18.4,4.3,2.0,26.0,1.7,10.0,937.3,933.2,2,Spring,2019,4,1,working day,0,4-2019
2019-04-03,12.0,16.5,305.25,10.8,6.5,15.3,9.4,0.0,34.0,3.6,12.5,933.25,926.1,2,Spring,2019,4,2,working day,0,4-2019
2019-04-04,10.5,17.5,303.5,8.0,1.0,15.0,10.1,1.3,25.0,2.2,11.4,927.75,922.4,2,Spring,2019,4,3,working day,0,4-2019
2019-04-05,6.0,9.0,310.5,7.2,4.4,10.0,1.7,3.0,25.0,2.5,18.6,924.55,920.0,2,Spring,2019,4,4,working day,0,4-2019
2019-04-06,6.0,9.0,199.5,7.5,2.4,12.5,4.2,2.0,24.0,3.6,15.6,928.55,923.1,2,Spring,2019,4,5,weekend,1,4-2019
2019-04-07,7.5,14.0,160.0,8.6,3.0,13.8,4.6,2.7,27.0,2.5,10.8,935.75,927.6,2,Spring,2019,4,6,weekend,1,4-2019
2019-04-08,9.0,12.5,294.0,11.9,6.8,17.0,7.1,0.3,26.0,3.6,12.5,935.25,932.65,2,Spring,2019,4,0,working day,0,4-2019
2019-04-09,7.0,13.5,298.5,9.6,5.0,14.3,3.8,1.0,28.0,4.4,13.3,936.05,932.6,2,Spring,2019,4,1,working day,0,4-2019
2019-04-10,9.5,18.5,302.0,11.1,6.5,15.7,7.8,0.0,28.0,4.2,12.2,938.7,934.65,2,Spring,2019,4,2,working day,0,4-2019
2019-04-11,11.5,21.0,311.25,10.4,3.8,17.0,10.0,0.0,99.0,1.9,8.3,940.65,938.55,2,Spring,2019,4,3,working day,0,4-2019
2019-04-12,16.0,21.0,291.0,11.6,4.0,19.5,11.4,0.0,28.0,1.7,7.2,940.95,937.65,2,Spring,2019,4,4,working day,0,4-2019
2019-04-13,14.0,12.5,178.5,13.6,5.0,22.2,12.0,0.0,24.0,1.4,6.4,941.45,938.35,2,Spring,2019,4,5,weekend,1,4-2019
2019-04-14,15.5,14.5,142.0,17.0,10.0,24.2,10.9,0.0,23.0,1.4,10.3,939.6,936.05,2,Spring,2019,4,6,weekend,1,4-2019
2019-04-15,14.5,15.0,244.0,18.0,10.8,25.1,8.0,0.0,24.0,3.3,15.3,938.6,932.35,2,Spring,2019,4,0,working day,0,4-2019
2019-04-16,17.5,9.0,243.0,14.8,7.2,22.0,11.8,0.0,13.0,0.8,11.1,940.75,936.2,2,Spring,2019,4,1,working day,0,4-2019
2019-04-17,18.0,8.0,232.0,17.0,10.1,23.7,7.4,15.5,24.0,2.5,11.7,936.95,930.45,2,Spring,2019,4,2,working day,0,4-2019
2019-04-18,5.5,9.0,110.5,11.0,9.1,13.0,0.0,7.7,10.0,1.7,7.8,935.6,933.0,2,Spring,2019,4,3,working day,0,4-2019
2019-04-19,10.0,6.0,103.5,10.4,9.2,11.6,0.0,6.7,4.0,2.2,8.3,941.45,934.35,2,Spring,2019,4,4,working day,0,4-2019
2019-04-20,11.5,6.5,125.0,14.7,9.4,20.1,4.0,0.0,4.0,5.3,15.0,940.7,937.2,2,Spring,2019,4,5,weekend,1,4-2019
2019-04-21,13.0,13.5,125.0,11.0,8.7,13.4,0.6,0.0,4.0,3.9,12.5,939.5,930.4,2,Spring,2019,4,6,weekend,1,4-2019
2019-04-22,14.5,14.5,270.0,13.1,7.5,19.0,8.4,0.8,22.0,1.9,8.3,928.1,921.0,2,Spring,2019,4,0,working day,0,4-2019
2019-04-23,6.5,16.5,291.5,9.8,5.1,14.2,5.0,2.3,21.0,3.9,16.4,926.1,918.95,2,Spring,2019,4,1,working day,0,4-2019
2019-04-24,7.5,10.5,296.0,8.0,4.5,11.4,0.0,27.9,24.0,3.1,17.8,928.4,925.5,2,Spring,2019,4,2,working day,0,4-2019
2019-04-25,9.0,13.5,304.5,10.1,6.4,14.1,10.5,0.0,24.0,5.8,17.8,940.6,927.7,2,Spring,2019,4,3,working day,0,4-2019
2019-04-26,12.0,23.5,312.75,12.6,6.5,18.4,12.5,0.0,24.0,2.8,9.2,946.95,940.9,2,Spring,2019,4,4,working day,0,4-2019
2019-04-27,13.5,13.0,203.25,13.9,6.3,21.6,12.7,0.0,6.0,0.8,7.2,948.4,944.8,2,Spring,2019,4,5,weekend,1,4-2019
2019-04-28,11.0,16.0,168.0,17.5,10.7,24.9,12.7,0.0,6.0,1.7,8.1,945.8,939.95,2,Spring,2019,4,6,weekend,1,4-2019
2019-04-29,13.0,15.5,297.25,19.2,12.5,25.8,12.8,0.0,16.0,2.2,7.5,940.95,937.0,2,Spring,2019,4,0,working day,0,4-2019
2019-04-30,13.5,7.5,314.0,19.4,12.6,26.2,12.4,0.0,8.0,1.7,8.3,939.15,935.2,2,Spring,2019,4,1,working day,0,4-2019
2019-05-01,9.5,7.5,132.0,19.2,12.6,26.0,9.1,0.0,9.0,1.9,11.7,936.3,932.8,2,Spring,2019,5,2,working day,0,5-2019
2019-05-02,11.5,10.0,135.0,19.2,13.0,25.5,11.8,0.0,12.0,1.9,7.2,936.55,932.35,2,Spring,2019,5,3,working day,0,5-2019
2019-05-03,8.5,7.0,225.0,15.8,10.1,21.6,11.8,0.0,7.0,3.3,12.2,936.35,932.4,2,Spring,2019,5,4,working day,0,5-2019
2019-05-04,8.0,7.5,161.25,14.8,6.4,23.2,13.0,0.0,25.0,1.9,9.2,937.1,934.4,2,Spring,2019,5,5,weekend,1,5-2019
2019-05-05,10.5,18.5,158.0,16.0,8.7,23.7,12.9,0.0,9.0,2.5,9.7,939.1,936.55,2,Spring,2019,5,6,weekend,1,5-2019
2019-05-06,16.0,11.0,271.5,17.0,9.0,25.2,13.0,0.0,25.0,1.9,9.2,940.55,937.65,2,Spring,2019,5,0,working day,0,5-2019
2019-05-07,13.0,7.0,308.0,17.6,10.8,23.9,10.0,0.0,26.0,3.3,14.2,939.55,936.35,2,Spring,2019,5,1,working day,0,5-2019
2019-05-08,11.5,10.5,304.5,16.0,12.0,19.9,5.2,0.0,23.0,6.9,18.3,935.95,932.85,2,Spring,2019,5,2,working day,0,5-2019
2019-05-09,10.0,8.0,308.0,16.0,9.0,23.2,11.9,0.0,25.0,3.3,16.1,937.3,934.5,2,Spring,2019,5,3,working day,0,5-2019
2019-05-10,12.5,11.0,317.0,19.9,14.75,24.95,12.4,0.0,62.5,3.3,11.4,939.85,936.3,2,Spring,2019,5,4,working day,0,5-2019
2019-05-11,11.0,8.0,203.75,20.05,12.65,27.5,13.1,0.0,6.0,2.2,12.8,944.9,939.9,2,Spring,2019,5,5,weekend,1,5-2019
2019-05-12,10.0,17.0,166.5,18.8,10.3,27.3,13.0,0.0,6.0,1.7,11.4,947.5,942.45,2,Spring,2019,5,6,weekend,1,5-2019
2019-05-13,13.5,16.5,292.25,21.35,12.1,30.6,13.2,0.0,7.0,1.7,8.9,943.35,937.7,2,Spring,2019,5,0,working day,0,5-2019
2019-05-14,19.0,20.5,311.0,21.1,13.3,29.0,13.1,0.0,10.0,1.9,6.7,941.3,935.7,2,Spring,2019,5,1,working day,0,5-2019
2019-05-15,16.0,13.0,168.25,23.7,14.4,33.05,12.7,0.0,31.0,1.7,9.4,935.85,932.2,2,Spring,2019,5,2,working day,0,5-2019
2019-05-16,19.0,10.0,303.25,20.35,10.7,30.0,12.5,0.5,29.0,2.8,18.1,933.85,925.9,2,Spring,2019,5,3,working day,0,5-2019
2019-05-17,7.5,6.5,306.0,14.3,9.8,18.85,7.8,0.0,28.0,4.7,14.4,933.1,929.15,2,Spring,2019,5,4,working day,0,5-2019
2019-05-18,6.0,8.0,190.25,13.3,8.0,18.6,10.8,0.0,28.0,2.2,9.7,933.05,931.4,2,Spring,2019,5,5,weekend,1,5-2019
2019-05-19,8.5,14.0,159.0,15.3,9.6,21.0,12.6,0.0,26.0,1.4,9.2,934.85,932.45,2,Spring,2019,5,6,weekend,1,5-2019
2019-05-20,11.0,17.0,291.25,15.55,9.2,21.95,9.4,0.0,6.0,1.9,7.5,935.65,933.7,2,Spring,2019,5,0,working day,0,5-2019
2019-05-21,13.5,15.0,296.5,19.65,13.25,26.1,9.2,0.0,3.0,2.2,8.6,938.55,934.8,2,Spring,2019,5,1,working day,0,5-2019
2019-05-22,20.5,21.0,297.0,20.85,13.35,28.3,12.9,0.0,7.0,1.1,7.8,940.0,937.4,2,Spring,2019,5,2,working day,0,5-2019
2019-05-23,18.0,9.5,303.5,21.700000000000006,14.75,28.65,11.0,0.0,25.0,2.8,10.8,939.7,935.7,2,Spring,2019,5,3,working day,0,5-2019
2019-05-24,10.0,5.5,311.0,19.3,13.55,25.1,13.0,0.0,6.0,4.4,12.5,940.05,935.4,2,Spring,2019,5,4,working day,0,5-2019
2019-05-25,8.0,6.5,195.0,17.95,10.55,25.4,13.4,0.0,6.0,2.5,10.3,941.65,939.05,2,Spring,2019,5,5,weekend,1,5-2019
2019-05-26,9.5,14.5,169.0,19.1,10.65,27.5,13.3,0.0,99.0,2.2,9.7,941.85,937.1,2,Spring,2019,5,6,weekend,1,5-2019
2019-05-27,11.0,8.5,291.5,21.35,13.6,29.1,12.7,0.0,27.0,1.9,10.8,938.0,933.75,2,Spring,2019,5,0,working day,0,5-2019
2019-05-28,10.5,8.5,299.5,20.3,13.45,27.2,12.9,0.0,5.0,3.1,11.9,942.3,936.15,2,Spring,2019,5,1,working day,0,5-2019
2019-05-29,10.0,11.5,300.0,18.8,10.75,26.85,13.3,0.0,6.0,2.8,10.8,945.8,942.2,2,Spring,2019,5,2,working day,0,5-2019
2019-05-30,12.0,15.5,300.0,22.0,13.5,30.4,13.4,0.0,5.0,2.2,9.4,946.65,942.8,2,Spring,2019,5,3,working day,0,5-2019
2019-05-31,18.0,12.5,304.5,24.5,17.0,32.0,13.5,0.0,10.0,1.7,7.2,945.75,941.3,2,Spring,2019,5,4,working day,0,5-2019
2019-06-01,17.5,11.0,191.0,25.3,17.35,33.15000000000001,13.4,0.0,16.0,1.7,5.8,944.05,938.65,3,Summer,2019,6,5,weekend,1,6-2019
2019-06-02,20.5,19.5,162.0,26.4,18.4,34.4,11.9,0.0,25.0,2.2,8.6,941.9,937.55,3,Summer,2019,6,6,weekend,1,6-2019
2019-06-03,22.0,11.0,294.0,26.4,19.700000000000006,33.0,12.8,0.0,22.0,3.1,14.4,939.6,935.3,3,Summer,2019,6,0,working day,0,6-2019
2019-06-04,16.0,8.0,297.5,23.7,18.55,28.75,12.9,0.0,24.0,4.7,13.3,935.45,930.95,3,Summer,2019,6,1,working day,0,6-2019
2019-06-05,12.5,12.0,302.0,17.1,12.25,21.950000000000006,12.8,0.0,29.0,5.0,13.6,936.2,930.6,3,Summer,2019,6,2,working day,0,6-2019
2019-06-06,14.5,10.5,304.0,17.35,10.5,24.25,13.2,1.1,22.0,3.1,14.2,935.85,930.35,3,Summer,2019,6,3,working day,0,6-2019
2019-06-07,10.5,8.0,305.75,15.55,9.1,22.0,13.3,0.0,25.0,3.1,13.6,941.2,931.3,3,Summer,2019,6,4,working day,0,6-2019
2019-06-08,19.0,7.5,188.0,20.85,12.2,29.5,10.2,0.0,17.0,3.1,10.8,942.6,937.35,3,Summer,2019,6,5,weekend,1,6-2019
2019-06-09,13.5,13.0,157.0,20.7,14.0,27.35,13.0,0.0,23.0,2.8,13.3,939.3,935.85,3,Summer,2019,6,6,weekend,1,6-2019
2019-06-10,12.5,9.5,294.0,20.05,13.85,26.2,13.3,0.0,29.0,2.2,9.2,938.9,934.4,3,Summer,2019,6,0,working day,0,6-2019
2019-06-11,9.5,13.5,293.5,17.5,13.5,21.5,8.6,0.0,9.0,3.6,10.8,936.35,932.8,3,Summer,2019,6,1,working day,0,6-2019
2019-06-12,16.0,14.0,300.0,17.45,9.75,25.2,13.5,0.0,23.0,1.7,9.4,936.45,931.45,3,Summer,2019,6,2,working day,0,6-2019
2019-06-13,19.0,14.0,304.0,21.25,13.85,28.7,13.0,0.0,25.0,2.8,9.4,934.1,930.35,3,Summer,2019,6,3,working day,0,6-2019
2019-06-14,15.5,8.0,297.0,19.8,14.45,25.15,13.0,0.0,23.0,3.9,13.1,938.65,932.25,3,Summer,2019,6,4,working day,0,6-2019
2019-06-15,14.0,14.0,188.0,18.6,11.65,25.55,13.3,0.0,21.0,1.4,6.1,941.35,938.7,3,Summer,2019,6,5,weekend,1,6-2019
2019-06-16,19.0,19.0,155.0,21.700000000000006,14.25,29.05,10.8,0.0,24.0,2.5,7.8,941.5,938.0,3,Summer,2019,6,6,weekend,1,6-2019
2019-06-17,20.0,15.0,291.0,23.65,15.6,31.7,12.4,0.0,20.0,1.7,8.6,940.0,935.45,3,Summer,2019,6,0,working day,0,6-2019
2019-06-18,18.0,9.5,297.25,25.2,19.5,31.0,13.4,0.0,26.0,3.6,12.5,937.35,935.15,3,Summer,2019,6,1,working day,0,6-2019
2019-06-19,16.5,12.0,294.75,22.05,16.85,27.25,12.9,0.0,22.0,3.6,11.4,938.05,936.0,3,Summer,2019,6,2,working day,0,6-2019
2019-06-20,15.5,11.0,301.5,22.65,16.55,28.75,11.0,0.0,24.0,2.5,10.3,937.05,933.9,3,Summer,2019,6,3,working day,0,6-2019
2019-06-21,14.0,10.5,299.25,23.700000000000006,17.85,29.55,12.7,0.0,4.0,2.8,9.7,938.55,935.4,3,Summer,2019,6,4,working day,0,6-2019
2019-06-22,22.0,16.0,178.5,24.15,16.9,31.45,11.8,0.0,7.0,2.8,9.2,939.65,934.45,3,Summer,2019,6,5,weekend,1,6-2019
2019-06-23,24.5,13.0,161.0,26.0,18.5,33.45,10.6,0.0,22.0,2.5,8.1,937.4,933.7,3,Summer,2019,6,6,weekend,1,6-2019
2019-06-24,23.5,15.0,279.25,26.9,21.15,32.65,8.0,0.0,18.0,2.2,8.9,937.4,934.5,3,Summer,2019,6,0,working day,0,6-2019
2019-06-25,31.5,14.5,291.0,26.700000000000006,18.700000000000006,34.6,13.3,0.0,19.0,1.9,9.4,939.45,935.8,3,Summer,2019,6,1,working day,0,6-2019
2019-06-26,44.0,13.0,292.0,28.65,21.75,35.55,13.2,0.0,14.0,1.9,11.7,940.0,936.85,3,Summer,2019,6,2,working day,0,6-2019
2019-06-27,43.0,14.5,294.5,30.65,22.6,38.7,12.5,0.0,13.0,4.2,14.4,940.75,936.75,3,Summer,2019,6,3,working day,0,6-2019
2019-06-28,27.0,12.0,288.0,32.2,23.75,40.6,12.7,0.0,11.0,3.6,10.6,941.8,936.8,3,Summer,2019,6,4,working day,0,6-2019
2019-06-29,29.5,11.0,173.5,32.1,24.35,39.95,13.0,0.0,12.0,1.9,8.1,939.5,935.9,3,Summer,2019,6,5,weekend,1,6-2019
2019-06-30,32.0,15.0,155.5,31.6,25.0,38.15,13.0,0.0,27.0,1.7,8.3,940.45,937.5,3,Summer,2019,6,6,weekend,1,6-2019
2019-07-01,28.5,13.5,285.0,29.6,23.3,35.9,12.1,0.0,7.0,2.5,12.8,939.6,936.1,3,Summer,2019,7,0,working day,0,7-2019
2019-07-02,26.5,11.0,284.5,28.7,22.4,35.0,13.1,0.7,9.0,1.1,10.0,939.15,934.05,3,Summer,2019,7,1,working day,0,7-2019
2019-07-03,27.0,9.5,285.0,28.6,21.9,35.2,12.6,0.0,13.0,2.5,12.8,937.65,933.85,3,Summer,2019,7,2,working day,0,7-2019
2019-07-04,30.0,14.5,285.0,27.9,22.3,33.5,11.5,0.0,14.0,2.5,10.8,939.0,935.3,3,Summer,2019,7,3,working day,0,7-2019
2019-07-05,22.0,12.5,270.75,27.2,20.5,33.7,13.1,0.0,22.0,1.9,9.4,940.5,937.05,3,Summer,2019,7,4,working day,0,7-2019
2019-07-06,18.0,10.5,158.5,26.6,19.0,34.9,13.5,0.0,26.0,2.2,11.4,939.15,935.05,3,Summer,2019,7,5,weekend,1,7-2019
2019-07-07,20.5,11.5,142.5,26.7,19.5,34.2,13.3,0.0,22.0,1.4,7.8,938.05,932.45,3,Summer,2019,7,6,weekend,1,7-2019
2019-07-08,17.5,11.5,276.0,24.4,17.6,30.8,12.4,0.8,28.0,2.2,13.3,936.7,932.25,3,Summer,2019,7,0,working day,0,7-2019
2019-07-09,14.5,14.0,273.75,22.8,16.0,30.1,10.5,0.0,7.0,2.2,8.9,939.25,935.5,3,Summer,2019,7,1,working day,0,7-2019
2019-07-10,21.0,25.5,276.0,25.0,17.3,32.8,12.9,0.0,5.0,1.1,7.8,939.85,936.25,3,Summer,2019,7,2,working day,0,7-2019
2019-07-11,28.5,22.0,283.25,28.9,20.4,37.4,13.0,0.0,22.0,1.7,7.5,939.15,936.2,3,Summer,2019,7,3,working day,0,7-2019
2019-07-12,46.0,14.5,280.0,30.9,22.6,38.8,9.4,0.0,27.0,1.7,8.6,939.55,937.0,3,Summer,2019,7,4,working day,0,7-2019
2019-07-13,38.5,6.0,152.75,29.1,23.2,35.0,10.6,1.2,26.0,3.3,12.5,938.7,933.2,3,Summer,2019,7,5,weekend,1,7-2019
2019-07-14,17.0,14.0,137.0,26.8,20.0,33.5,12.7,0.0,7.0,0.8,7.8,936.6,934.7,3,Summer,2019,7,6,weekend,1,7-2019
2019-07-15,19.0,13.0,264.0,28.0,19.7,36.2,13.3,0.0,30.0,3.1,11.4,937.5,934.6,3,Summer,2019,7,0,working day,0,7-2019
2019-07-16,27.5,14.5,268.0,28.5,20.5,36.8,11.8,0.0,22.0,2.2,8.3,938.4,933.6,3,Summer,2019,7,1,working day,0,7-2019
2019-07-17,25.0,14.5,269.0,27.5,21.7,33.3,10.0,0.0,22.0,2.2,6.9,937.3,932.0,3,Summer,2019,7,2,working day,0,7-2019
2019-07-18,25.0,14.0,264.25,28.2,21.0,35.7,11.7,0.0,5.0,1.7,9.7,938.7,935.45,3,Summer,2019,7,3,working day,0,7-2019
2019-07-19,27.0,7.5,252.0,30.1,23.0,37.1,12.6,0.0,21.0,2.2,9.2,938.95,934.45,3,Summer,2019,7,4,working day,0,7-2019
2019-07-20,33.0,6.0,145.0,30.8,24.3,37.4,12.6,0.0,23.0,2.2,8.6,939.0,935.45,3,Summer,2019,7,5,weekend,1,7-2019
2019-07-21,36.0,10.5,128.5,31.2,23.9,38.2,12.4,0.4,14.0,1.9,12.5,943.75,939.2,3,Summer,2019,7,6,weekend,1,7-2019
2019-07-22,32.5,11.5,251.5,30.4,23.7,37.2,12.5,0.0,13.0,2.8,10.6,944.1,939.1,3,Summer,2019,7,0,working day,0,7-2019
2019-07-23,31.0,15.5,259.0,31.1,24.5,38.0,8.3,0.8,21.0,3.1,14.4,942.15,935.15,3,Summer,2019,7,1,working day,0,7-2019
2019-07-24,31.0,18.0,257.5,29.5,22.0,37.0,12.7,0.0,15.0,1.7,8.1,939.95,935.25,3,Summer,2019,7,2,working day,0,7-2019
2019-07-25,26.0,14.0,262.5,29.8,22.9,36.7,12.8,0.0,24.0,2.8,11.4,937.9,934.6,3,Summer,2019,7,3,working day,0,7-2019
2019-07-26,13.0,8.0,245.75,26.8,21.7,32.0,12.3,0.0,22.0,3.1,11.4,935.5,932.2,3,Summer,2019,7,4,working day,0,7-2019
2019-07-27,10.0,5.0,143.5,23.0,18.5,28.1,11.7,0.0,31.0,3.3,12.2,934.7,931.25,3,Summer,2019,7,5,weekend,1,7-2019
2019-07-28,14.0,13.0,124.5,23.1,16.2,30.0,13.0,0.0,16.0,1.7,8.3,936.25,932.45,3,Summer,2019,7,6,weekend,1,7-2019
2019-07-29,14.0,10.0,248.5,25.6,18.5,33.3,13.0,0.0,23.0,2.5,11.9,936.7,933.25,3,Summer,2019,7,0,working day,0,7-2019
2019-07-30,20.0,6.0,254.25,23.7,16.3,31.5,13.1,0.0,4.0,1.1,13.3,941.25,936.3,3,Summer,2019,7,1,working day,0,7-2019
2019-07-31,28.5,9.0,249.5,26.3,18.4,34.1,10.4,0.4,6.0,2.2,11.7,939.2,933.9,3,Summer,2019,7,2,working day,0,7-2019
2019-08-01,25.0,13.0,229.5,27.6,20.5,34.5,12.7,0.0,25.0,2.5,10.0,936.95,934.15,3,Summer,2019,8,3,working day,0,8-2019
2019-08-02,22.5,11.5,218.0,28.0,20.7,35.6,12.8,0.0,21.0,1.9,8.3,938.7,936.15,3,Summer,2019,8,4,working day,0,8-2019
2019-08-03,21.0,10.5,129.0,28.6,21.2,36.0,12.9,0.0,23.0,2.5,10.6,938.55,934.95,3,Summer,2019,8,5,weekend,1,8-2019
2019-08-04,21.5,14.0,111.0,28.6,21.3,36.0,12.9,0.0,24.0,1.9,9.2,938.55,935.55,3,Summer,2019,8,6,weekend,1,8-2019
2019-08-05,20.0,11.0,198.5,28.4,20.8,36.3,12.9,0.0,25.0,2.8,10.3,938.7,934.95,3,Summer,2019,8,0,working day,0,8-2019
2019-08-06,16.0,8.0,197.0,28.2,21.1,35.4,11.9,0.0,23.0,1.9,10.0,937.35,933.4,3,Summer,2019,8,1,working day,0,8-2019
2019-08-07,13.0,7.0,191.5,24.2,21.5,27.4,0.1,0.0,25.0,2.5,9.7,938.25,933.5,3,Summer,2019,8,2,working day,0,8-2019
2019-08-08,13.0,4.0,191.5,26.0,18.2,33.8,12.9,0.0,25.0,2.5,11.4,938.7,935.75,3,Summer,2019,8,3,working day,0,8-2019
2019-08-09,11.0,5.0,184.75,26.6,21.2,31.5,12.8,0.0,23.0,4.7,15.3,940.4,936.8,3,Summer,2019,8,4,working day,0,8-2019
2019-08-10,13.0,6.0,118.0,24.3,16.6,31.6,12.8,0.0,24.0,1.9,10.0,942.25,938.05,3,Summer,2019,8,5,weekend,1,8-2019
2019-08-11,12.0,7.0,117.5,24.4,19.0,29.9,11.6,0.0,24.0,3.1,11.4,940.2,937.25,3,Summer,2019,8,6,weekend,1,8-2019
2019-08-12,12.0,8.0,178.0,21.4,15.0,28.4,12.8,0.0,36.0,1.9,11.7,942.65,939.15,3,Summer,2019,8,0,working day,0,8-2019
2019-08-13,14.0,13.0,179.75,22.8,15.4,30.2,12.7,0.0,7.0,2.2,10.3,942.8,939.55,3,Summer,2019,8,1,working day,0,8-2019
2019-08-14,17.0,10.5,178.75,25.3,17.2,33.4,12.8,0.0,6.0,1.1,7.5,943.6,939.6,3,Summer,2019,8,2,working day,0,8-2019
2019-08-15,14.0,7.0,103.5,28.0,20.0,36.0,12.9,0.0,5.0,1.7,10.3,942.25,938.65,3,Summer,2019,8,3,working day,0,8-2019
2019-08-16,17.0,13.5,148.5,28.7,21.2,36.2,12.5,0.0,7.0,2.2,8.9,941.5,937.05,3,Summer,2019,8,4,working day,0,8-2019
2019-08-17,17.0,13.0,104.5,29.4,22.2,37.2,12.6,0.0,23.0,2.2,11.1,939.55,935.3,3,Summer,2019,8,5,weekend,1,8-2019
2019-08-18,12.0,10.0,100.5,27.8,20.4,35.4,12.3,0.0,23.0,2.8,12.5,937.45,934.75,3,Summer,2019,8,6,weekend,1,8-2019
2019-08-19,13.0,6.0,176.5,27.0,21.2,33.4,10.0,0.3,9.0,2.2,10.8,937.95,936.05,3,Summer,2019,8,0,working day,0,8-2019
2019-08-20,14.0,7.5,180.0,25.2,20.0,31.0,11.2,0.0,5.0,3.3,10.0,942.7,936.95,3,Summer,2019,8,1,working day,0,8-2019
2019-08-21,18.5,13.5,180.0,24.0,17.7,30.5,6.7,0.9,11.0,1.7,15.8,943.45,939.85,3,Summer,2019,8,2,working day,0,8-2019
2019-08-22,17.5,19.0,181.0,24.0,17.0,32.2,12.4,0.0,12.0,1.7,6.7,944.1,940.45,3,Summer,2019,8,3,working day,0,8-2019
2019-08-23,18.0,17.0,173.0,26.2,19.3,32.6,12.5,0.0,10.0,0.8,5.3,944.1,939.9,3,Summer,2019,8,4,working day,0,8-2019
2019-08-24,18.5,7.5,117.5,27.0,19.5,34.4,12.3,0.0,12.0,1.4,7.8,942.75,938.85,3,Summer,2019,8,5,weekend,1,8-2019
2019-08-25,16.5,9.5,109.25,27.5,21.4,33.6,9.0,3.8,12.0,2.8,9.7,941.0,936.15,3,Summer,2019,8,6,weekend,1,8-2019
2019-08-26,15.5,12.5,198.0,21.0,14.5,27.9,6.0,36.2,12.0,1.9,10.3,939.85,935.25,3,Summer,2019,8,0,working day,0,8-2019
2019-08-27,18.5,23.0,208.0,21.1,14.6,27.6,10.8,0.0,25.0,0.8,6.1,940.1,938.1,3,Summer,2019,8,1,working day,0,8-2019
2019-08-28,21.5,23.0,211.75,24.2,17.5,30.8,12.2,0.0,23.0,1.7,4.7,941.3,939.05,3,Summer,2019,8,2,working day,0,8-2019
2019-08-29,20.5,16.0,216.25,26.0,19.0,33.0,11.5,0.0,8.0,0.8,6.9,943.4,940.8,3,Summer,2019,8,3,working day,0,8-2019
2019-08-30,19.5,23.0,219.0,26.8,19.0,34.5,9.9,10.6,24.0,1.7,12.8,943.95,940.35,3,Summer,2019,8,4,working day,0,8-2019
2019-08-31,20.5,20.0,147.0,25.0,18.0,32.6,10.9,0.0,15.0,0.6,5.3,942.05,937.9,3,Summer,2019,8,5,weekend,1,8-2019
2019-09-01,15.0,12.0,137.0,26.2,19.4,32.5,8.0,0.0,8.0,1.9,12.2,938.8,935.9,4,Autumn,2019,9,6,weekend,1,9-2019
2019-09-02,18.0,17.0,261.5,25.0,18.2,31.7,10.7,0.0,4.0,2.8,11.4,942.05,939.3,4,Autumn,2019,9,0,working day,0,9-2019
2019-09-03,19.0,18.5,272.25,26.0,18.6,33.5,10.5,0.0,24.0,1.7,8.3,944.0,940.35,4,Autumn,2019,9,1,working day,0,9-2019
2019-09-04,17.0,7.0,273.5,26.1,19.5,33.4,10.6,0.0,3.0,1.1,11.1,942.8,938.25,4,Autumn,2019,9,2,working day,0,9-2019
2019-09-05,9.0,10.0,279.0,21.6,15.5,27.7,11.0,0.0,5.0,3.6,13.3,943.55,940.6,4,Autumn,2019,9,3,working day,0,9-2019
2019-09-06,11.0,8.0,276.0,19.2,12.2,26.7,11.0,0.0,4.0,3.1,11.9,943.7,939.85,4,Autumn,2019,9,4,working day,0,9-2019
2019-09-07,13.0,9.0,173.25,21.6,14.2,29.0,11.5,0.0,5.0,1.9,10.6,942.7,938.6,4,Autumn,2019,9,5,weekend,1,9-2019
2019-09-08,16.0,15.0,144.0,22.9,16.8,29.4,9.7,0.0,5.0,1.9,8.3,941.15,937.65,4,Autumn,2019,9,6,weekend,1,9-2019
2019-09-09,14.0,9.0,283.0,23.2,16.4,30.0,9.4,0.0,26.0,3.3,11.9,940.0,935.25,4,Autumn,2019,9,0,working day,0,9-2019
2019-09-10,9.5,8.5,293.5,18.0,13.9,22.0,7.7,0.0,4.0,3.3,13.9,941.4,935.05,4,Autumn,2019,9,1,working day,0,9-2019
2019-09-11,13.5,14.0,297.75,19.2,12.5,26.0,10.2,0.0,4.0,4.2,14.4,947.0,940.1,4,Autumn,2019,9,2,working day,0,9-2019
2019-09-12,18.5,15.0,292.0,22.4,15.9,28.6,9.6,0.0,3.0,3.3,12.5,948.65,946.15,4,Autumn,2019,9,3,working day,0,9-2019
2019-09-13,14.0,11.0,291.5,18.2,15.0,21.3,2.0,3.8,6.0,3.3,11.7,948.85,945.85,4,Autumn,2019,9,4,working day,0,9-2019
2019-09-14,16.0,13.0,171.25,18.0,15.6,20.5,0.4,13.7,11.0,2.8,9.7,946.5,943.5,4,Autumn,2019,9,5,weekend,1,9-2019
2019-09-15,18.0,20.5,137.5,18.8,15.5,22.6,3.2,0.9,8.5,2.35,7.2,943.65,941.5,4,Autumn,2019,9,6,weekend,1,9-2019
2019-09-16,23.0,19.5,285.0,21.0,16.6,26.2,8.2,0.0,31.5,1.35,9.45,942.75,940.25,4,Autumn,2019,9,0,working day,0,9-2019
2019-09-17,16.5,20.0,290.0,22.4,15.9,28.4,7.8,0.0,62.0,2.8,12.1,941.4,937.4,4,Autumn,2019,9,1,working day,0,9-2019
2019-09-18,19.5,21.0,295.0,22.0,16.5,27.4,8.6,0.0,16.0,1.65,5.949999999999998,939.95,937.55,4,Autumn,2019,9,2,working day,0,9-2019
2019-09-19,23.5,13.0,296.5,23.2,17.5,29.0,9.9,0.0,9.5,1.7999999999999998,6.25,939.95,936.9,4,Autumn,2019,9,3,working day,0,9-2019
2019-09-20,23.0,13.0,296.0,20.7,16.2,25.0,3.8,9.5,21.5,3.2,14.0,939.35,935.45,4,Autumn,2019,9,4,working day,0,9-2019
2019-09-21,19.0,9.0,181.5,17.9,14.6,20.8,1.5,3.2,22.5,1.4,6.25,936.9,934.75,4,Autumn,2019,9,5,weekend,1,9-2019
2019-09-22,12.0,20.0,147.5,19.2,14.9,23.7,6.8,0.0,23.0,3.2,9.3,940.95,934.6,4,Autumn,2019,9,6,weekend,1,9-2019
2019-09-23,17.0,19.5,286.0,17.5,11.9,23.6,9.4,0.0,62.0,1.65,6.95,943.6,941.25,4,Autumn,2019,9,0,working day,0,9-2019
2019-09-24,14.0,15.5,292.0,19.4,12.0,26.9,10.2,0.0,26.5,3.2,10.55,942.55,938.75,4,Autumn,2019,9,1,working day,0,9-2019
2019-09-25,14.0,21.0,293.0,19.0,14.0,25.0,9.7,0.0,30.0,1.65,8.75,941.5,939.05,4,Autumn,2019,9,2,working day,0,9-2019
2019-09-26,21.5,30.0,299.5,20.8,14.5,27.1,10.3,0.0,9.0,1.95,5.85,943.05,940.35,4,Autumn,2019,9,3,working day,0,9-2019
2019-09-27,16.0,26.5,301.5,21.5,14.8,29.0,10.4,0.0,22.0,1.65,7.5,942.65,939.8,4,Autumn,2019,9,4,working day,0,9-2019
2019-09-28,19.0,21.0,184.5,21.1,13.8,28.4,10.6,0.0,12.0,1.5499999999999998,6.55,943.85,940.4,4,Autumn,2019,9,5,weekend,1,9-2019
2019-09-29,18.0,28.5,157.0,21.2,12.7,29.9,10.4,0.0,23.5,2.4,8.2,942.15,939.4,4,Autumn,2019,9,6,weekend,1,9-2019
2019-09-30,22.5,28.5,293.0,21.5,14.0,29.5,10.2,0.0,23.5,1.8,8.9,941.6,937.9,4,Autumn,2019,9,0,working day,0,9-2019
2019-10-01,16.0,12.5,296.0,20.2,13.8,26.8,10.0,0.0,65.5,2.9000000000000004,11.4,938.55,936.2,4,Autumn,2019,10,1,working day,0,10-2019
2019-10-02,14.0,24.5,299.0,18.1,13.5,24.0,10.1,0.0,31.0,2.05,10.7,941.85,938.6,4,Autumn,2019,10,2,working day,0,10-2019
2019-10-03,21.5,30.5,305.0,18.0,11.0,25.9,9.3,0.0,22.0,1.25,5.4,942.5,939.5,4,Autumn,2019,10,3,working day,0,10-2019
2019-10-04,19.0,19.5,307.0,19.9,12.6,28.2,10.1,0.0,23.5,1.65,7.050000000000002,941.45,937.2,4,Autumn,2019,10,4,working day,0,10-2019
2019-10-05,16.5,20.0,190.5,20.2,13.4,27.4,10.1,0.0,26.0,1.65,5.85,940.1,937.75,4,Autumn,2019,10,5,weekend,1,10-2019
2019-10-06,15.0,32.5,157.0,20.0,13.5,28.5,10.4,0.0,30.0,1.8,8.3,942.75,939.95,4,Autumn,2019,10,6,weekend,1,10-2019
2019-10-07,20.5,31.5,290.5,20.8,14.0,28.5,9.9,0.0,11.5,1.25,6.949999999999998,942.45,940.6,4,Autumn,2019,10,0,working day,0,10-2019
2019-10-08,22.0,26.0,294.75,21.6,14.9,29.6,10.3,0.0,19.0,1.4,6.25,942.7,938.85,4,Autumn,2019,10,1,working day,0,10-2019
2019-10-09,18.5,24.0,297.0,21.5,15.2,28.7,9.8,0.0,3.5,0.8500000000000001,9.05,940.2,937.3,4,Autumn,2019,10,2,working day,0,10-2019
2019-10-10,25.0,24.5,299.5,20.4,15.0,26.6,7.3,0.0,6.5,1.9,9.7,943.7,940.5,4,Autumn,2019,10,3,working day,0,10-2019
2019-10-11,23.5,11.0,302.5,20.6,15.6,27.0,9.1,0.0,11.0,1.4,6.4,944.2,939.15,4,Autumn,2019,10,4,working day,0,10-2019
2019-10-12,19.5,15.5,168.0,20.8,15.7,26.1,6.0,5.4,20.5,2.1,15.15,940.75,937.0,4,Autumn,2019,10,5,weekend,1,10-2019
2019-10-13,22.0,12.5,153.5,18.9,14.1,24.0,10.1,0.0,23.0,1.5499999999999998,7.5,939.4,935.05,4,Autumn,2019,10,6,weekend,1,10-2019
2019-10-14,7.5,13.5,288.5,14.0,8.0,20.0,5.2,2.7,25.0,5.7,18.45,940.1,932.7,4,Autumn,2019,10,0,working day,0,10-2019
2019-10-15,10.0,19.0,294.25,11.6,6.1,16.7,9.9,0.0,24.5,2.25,8.2,943.15,940.05,4,Autumn,2019,10,1,working day,0,10-2019
2019-10-16,14.5,22.0,292.5,13.1,7.1,19.2,10.5,0.6,22.5,2.35,8.35,943.25,939.7,4,Autumn,2019,10,2,working day,0,10-2019
2019-10-17,11.0,15.0,304.0,12.8,9.0,15.9,0.0,2.3,60.0,1.95,7.8,941.85,939.7,4,Autumn,2019,10,3,working day,0,10-2019
2019-10-18,9.0,10.5,302.5,16.6,13.1,20.0,2.0,0.1,23.0,3.6,11.1,940.45,935.75,4,Autumn,2019,10,4,working day,0,10-2019
2019-10-19,6.5,8.0,194.0,14.3,10.7,17.9,5.6,18.4,23.0,3.2,12.65,935.95,926.9,4,Autumn,2019,10,5,weekend,1,10-2019
2019-10-20,6.5,20.0,154.0,9.6,6.8,13.2,3.2,0.35,24.5,4.05,12.1,937.5,927.5,4,Autumn,2019,10,6,weekend,1,10-2019
2019-10-21,8.0,19.0,289.25,10.3,5.0,15.6,8.7,0.0,7.0,1.4,5.85,940.25,937.45,4,Autumn,2019,10,0,working day,0,10-2019
2019-10-22,7.5,15.5,295.0,9.5,7.2,11.3,0.0,10.1,5.5,2.8,10.4,938.65,929.0,4,Autumn,2019,10,1,working day,0,10-2019
2019-10-23,7.0,21.0,297.0,8.6,6.8,10.2,1.5,1.0,62.5,2.65,7.35,934.0,927.75,4,Autumn,2019,10,2,working day,0,10-2019
2019-10-24,19.5,31.0,298.5,12.0,7.3,17.7,9.3,0.0,26.5,2.5,7.35,945.35,934.25,4,Autumn,2019,10,3,working day,0,10-2019
2019-10-25,25.5,28.5,305.5,13.6,7.8,21.1,10.0,0.0,12.0,0.95,4.45,946.4,943.4,4,Autumn,2019,10,4,working day,0,10-2019
2019-10-26,19.0,25.0,198.25,15.2,8.5,22.7,10.1,0.0,67.0,0.95,4.9,944.3,941.75,4,Autumn,2019,10,5,weekend,1,10-2019
2019-10-27,21.0,28.5,159.5,15.0,8.5,21.5,6.8,0.0,51.5,1.1,4.9,944.15,941.1,4,Autumn,2019,10,6,weekend,1,10-2019
2019-10-28,29.5,30.0,294.0,17.0,12.0,22.0,7.7,0.0,22.5,1.7,6.699999999999998,941.4,939.05,4,Autumn,2019,10,0,working day,0,10-2019
2019-10-29,43.5,26.0,311.0,14.3,9.9,19.7,7.1,0.0,55.5,0.7,4.0,943.35,938.45,4,Autumn,2019,10,1,working day,0,10-2019
2019-10-30,16.5,15.0,309.75,14.4,10.6,18.4,3.7,0.0,26.0,1.35,7.8,945.55,943.1,4,Autumn,2019,10,2,working day,0,10-2019
2019-10-31,12.0,8.0,295.75,18.0,13.6,23.8,7.4,0.5,27.0,2.35,8.649999999999999,946.25,943.75,4,Autumn,2019,10,3,working day,0,10-2019
2019-11-01,12.5,5.5,147.0,17.0,14.1,20.0,4.4,0.15000000000000002,25.5,4.45,12.35,944.75,937.85,4,Autumn,2019,11,4,working day,0,11-2019
2019-11-02,8.0,5.0,160.0,16.0,13.2,18.7,3.6,0.0,24.0,5.4,13.45,937.75,927.6,4,Autumn,2019,11,5,weekend,1,11-2019
2019-11-03,8.0,8.0,143.0,14.6,12.6,16.5,8.3,0.0,31.0,6.55,19.450000000000006,934.7,925.35,4,Autumn,2019,11,6,weekend,1,11-2019
2019-11-04,7.0,12.5,285.5,13.0,8.7,17.2,7.3,1.8,23.5,7.25,16.65,936.8,929.05,4,Autumn,2019,11,0,working day,0,11-2019
2019-11-05,6.0,14.5,292.0,11.2,7.5,14.7,6.6,1.2,27.0,3.9,15.0,936.8,930.05,4,Autumn,2019,11,1,working day,0,11-2019
2019-11-06,8.0,12.5,299.5,10.6,7.4,14.8,6.8,0.1,26.0,2.6,11.4,938.6,934.6,4,Autumn,2019,11,2,working day,0,11-2019
2019-11-07,6.0,11.5,300.5,8.3,3.7,13.4,7.6,1.0,30.0,4.55,12.9,934.75,932.25,4,Autumn,2019,11,3,working day,0,11-2019
2019-11-08,6.0,9.5,310.0,8.2,3.0,13.0,9.7,0.0,28.0,3.6,14.45,942.35,933.15,4,Autumn,2019,11,4,working day,0,11-2019
2019-11-09,6.0,10.0,184.0,8.4,5.1,12.1,3.8,1.4,29.5,4.0,13.05,942.3,937.6,4,Autumn,2019,11,5,weekend,1,11-2019
2019-11-10,7.5,22.0,158.0,7.0,4.5,10.7,4.8,0.0,32.5,3.6,12.75,940.4,937.45,4,Autumn,2019,11,6,weekend,1,11-2019
2019-11-11,11.0,21.0,291.0,7.8,3.9,12.2,1.7,0.0,16.5,2.1,8.05,940.3,936.35,4,Autumn,2019,11,0,working day,0,11-2019
2019-11-12,9.0,11.0,300.5,8.0,2.0,13.5,7.8,5.4,23.0,2.4,11.8,938.8,930.65,4,Autumn,2019,11,1,working day,0,11-2019
2019-11-13,7.0,11.5,306.5,12.3,8.7,15.9,8.4,1.8,25.0,3.2,15.0,934.05,928.05,4,Autumn,2019,11,2,working day,0,11-2019
2019-11-14,5.0,14.5,300.0,7.8,4.9,10.5,4.8,0.5,26.0,4.7,16.1,930.25,921.45,4,Autumn,2019,11,3,working day,0,11-2019
2019-11-15,6.0,13.0,308.5,6.7,3.4,9.5,5.4,0.0,30.0,2.8,11.9,930.0,923.6,4,Autumn,2019,11,4,working day,0,11-2019
2019-11-16,8.0,12.5,202.5,5.7,1.5,11.2,8.5,0.0,30.0,1.7,9.2,937.75,929.9,4,Autumn,2019,11,5,weekend,1,11-2019
2019-11-17,7.5,23.0,154.0,5.0,2.4,7.6,0.0,3.9,23.0,2.2,8.9,937.5,931.0,4,Autumn,2019,11,6,weekend,1,11-2019
2019-11-18,15.5,32.0,283.0,6.8,3.0,11.0,7.5,0.0,99.0,2.5,7.5,938.85,931.1,4,Autumn,2019,11,0,working day,0,11-2019
2019-11-19,19.0,27.5,291.5,5.0,0.4,10.1,5.7,0.0,22.0,0.8,5.8,940.6,935.3,4,Autumn,2019,11,1,working day,0,11-2019
2019-11-20,18.5,26.5,295.0,5.9,1.0,8.6,0.1,5.1,26.0,0.6,5.3,935.45,930.45,4,Autumn,2019,11,2,working day,0,11-2019
2019-11-21,9.5,20.5,301.0,7.2,5.0,9.0,0.2,1.4,24.0,0.8,6.1,930.8,928.7,4,Autumn,2019,11,3,working day,0,11-2019
2019-11-22,6.0,9.0,306.5,9.0,6.4,11.4,0.1,5.7,24.0,3.1,13.3,928.95,914.7,4,Autumn,2019,11,4,working day,0,11-2019
2019-11-23,7.0,9.0,201.5,9.2,6.5,12.5,5.8,0.0,27.0,6.1,16.1,933.7,916.2,4,Autumn,2019,11,5,weekend,1,11-2019
2019-11-24,9.0,14.0,156.0,9.1,5.9,12.4,7.6,0.0,29.0,3.1,10.3,937.6,932.95,4,Autumn,2019,11,6,weekend,1,11-2019
2019-11-25,10.5,16.5,286.0,12.0,8.5,16.0,5.1,0.0,23.0,2.2,8.6,938.2,935.25,4,Autumn,2019,11,0,working day,0,11-2019
2019-11-26,10.0,11.0,294.5,11.4,9.5,13.4,0.0,2.5,26.0,1.7,11.4,937.75,931.65,4,Autumn,2019,11,1,working day,0,11-2019
2019-11-27,11.0,13.5,300.0,11.0,8.4,13.6,7.9,0.0,23.0,2.5,10.8,936.95,931.7,4,Autumn,2019,11,2,working day,0,11-2019
2019-11-28,10.5,14.0,305.0,9.7,7.6,11.8,1.4,0.0,23.0,2.8,9.2,939.75,936.2,4,Autumn,2019,11,3,working day,0,11-2019
2019-11-29,10.5,11.0,318.0,12.6,10.9,14.3,0.2,0.6,24.0,1.9,9.4,943.15,938.7,4,Autumn,2019,11,4,working day,0,11-2019
2019-11-30,7.5,14.0,213.75,11.4,7.6,15.1,0.9,7.2,24.0,3.1,11.4,943.0,936.05,4,Autumn,2019,11,5,weekend,1,11-2019
2019-12-01,6.0,13.0,158.5,7.4,5.4,8.7,0.0,30.2,4.0,0.8,7.8,936.25,931.8,1,Winter,2019,12,6,weekend,1,12-2019
2019-12-02,6.5,15.5,292.25,8.0,5.3,11.5,5.4,0.0,5.0,5.0,13.1,939.1,934.8,1,Winter,2019,12,0,working day,0,12-2019
2019-12-03,8.0,20.5,306.5,6.5,2.8,10.2,6.8,1.6,5.0,3.1,10.6,938.9,934.95,1,Winter,2019,12,1,working day,0,12-2019
2019-12-04,7.5,15.5,303.0,8.4,5.2,11.6,0.0,2.3,5.0,2.8,10.8,935.3,929.85,1,Winter,2019,12,2,working day,0,12-2019
2019-12-05,8.5,15.5,314.0,10.0,7.7,12.3,7.5,0.0,9.0,3.9,12.5,943.45,933.8,1,Winter,2019,12,3,working day,0,12-2019
2019-12-06,20.0,24.0,149.25,9.6,6.3,14.4,5.8,0.0,5.0,1.1,6.1,945.3,942.85,1,Winter,2019,12,4,working day,0,12-2019
2019-12-07,23.0,23.0,160.0,7.8,2.5,13.9,8.8,0.0,24.0,0.8,3.6,946.6,944.0,1,Winter,2019,12,5,weekend,1,12-2019
2019-12-08,20.0,21.0,132.5,5.0,3.0,7.0,0.0,2.7,16.0,0.3,3.1,947.9,945.35,1,Winter,2019,12,6,weekend,1,12-2019
2019-12-09,32.0,29.0,138.75,8.2,4.5,12.0,3.2,0.0,26.0,1.4,5.8,951.3,947.15,1,Winter,2019,12,0,working day,0,12-2019
2019-12-10,20.5,20.5,302.0,6.0,3.2,9.0,2.4,0.0,15.0,0.6,4.2,951.35,946.15,1,Winter,2019,12,1,working day,0,12-2019
2019-12-11,8.5,15.0,306.0,7.2,2.7,11.3,5.2,0.1,29.0,2.8,11.7,946.35,943.15,1,Winter,2019,12,2,working day,0,12-2019
2019-12-12,6.0,12.0,311.0,7.1,3.2,9.9,0.0,1.3,26.0,3.9,15.6,945.25,934.95,1,Winter,2019,12,3,working day,0,12-2019
2019-12-13,7.5,13.5,324.25,11.5,8.5,14.8,1.7,0.0,26.0,6.4,14.7,940.15,934.35,1,Winter,2019,12,4,working day,0,12-2019
2019-12-14,7.0,16.5,213.0,9.6,6.2,12.5,7.2,0.0,22.0,2.5,7.8,941.25,939.05,1,Winter,2019,12,5,weekend,1,12-2019
2019-12-15,12.0,16.5,174.0,9.5,7.2,11.8,0.0,0.0,27.0,1.9,6.7,939.4,931.95,1,Winter,2019,12,6,weekend,1,12-2019
2019-12-16,12.0,18.0,304.0,10.5,6.8,14.8,1.8,0.3,15.0,3.3,9.2,931.95,921.45,1,Winter,2019,12,0,working day,0,12-2019
2019-12-17,12.5,23.0,316.0,9.8,7.1,12.5,1.5,0.55,11.0,1.7,6.7,936.5,921.85,1,Winter,2019,12,1,working day,0,12-2019
2019-12-18,8.5,17.5,312.0,5.8,3.3,9.5,2.3,1.2,24.0,0.6,5.0,941.05,936.3,1,Winter,2019,12,2,working day,0,12-2019
2019-12-19,5.5,11.5,325.0,9.9,7.2,12.6,0.0,34.6,21.0,1.9,16.1,937.8,922.3,1,Winter,2019,12,3,working day,0,12-2019
2019-12-20,7.5,5.0,327.5,11.9,10.7,13.4,2.4,9.9,24.0,4.2,18.1,925.85,920.4,1,Winter,2019,12,4,working day,0,12-2019
2019-12-21,13.0,6.0,201.5,13.3,10.4,16.2,3.1,1.3,26.0,6.7,22.5,931.95,925.05,1,Winter,2019,12,5,weekend,1,12-2019
2019-12-22,14.0,23.0,161.5,10.9,8.4,13.5,5.0,0.0,24.0,4.4,16.9,945.25,931.9,1,Winter,2019,12,6,weekend,1,12-2019
2019-12-23,20.5,29.0,192.0,9.0,5.0,13.6,6.6,0.0,25.5,1.5,10.95,949.9,944.65,1,Winter,2019,12,0,working day,0,12-2019
2019-12-24,15.0,21.5,145.75,10.0,4.3,14.8,7.1,0.0,6.5,1.25,4.45,951.2,948.25,1,Winter,2019,12,1,working day,0,12-2019
2019-12-25,19.0,25.0,106.0,10.3,4.8,16.8,8.0,0.0,7.0,1.0,4.300000000000002,948.75,945.8,1,Winter,2019,12,2,working day,0,12-2019
2019-12-26,13.5,28.0,244.5,10.3,5.0,15.8,7.9,0.0,2.5,1.4,6.1,950.4,946.85,1,Winter,2019,12,3,working day,0,12-2019
2019-12-27,24.0,33.5,252.0,8.9,2.5,15.6,8.4,0.0,5.0,0.8,6.1,951.45,949.0,1,Winter,2019,12,4,working day,0,12-2019
2019-12-28,18.5,31.5,168.0,8.2,2.0,16.5,9.0,0.0,21.0,0.6,4.15,950.75,948.8,1,Winter,2019,12,5,weekend,1,12-2019
2019-12-29,16.5,17.0,145.25,7.8,2.0,15.2,9.0,0.0,67.0,0.8,3.75,952.25,949.5,1,Winter,2019,12,6,weekend,1,12-2019
2019-12-31,35.5,28.5,174.0,6.8,1.5,13.1,8.7,0.0,21.0,0.55,3.1,953.1,950.75,1,Winter,2019,12,1,working day,0,12-2019
