fecha,intensidad,ocupacion,carga
2018-01-01,131.0,1.0,9.5
2018-01-02,256.5,3.0,20.0
2018-01-03,272.5,4.0,21.5
2018-01-04,284.0,4.0,22.0
2018-01-05,272.0,4.0,21.0
2018-01-06,156.0,2.0,12.0
2018-01-07,145.5,2.0,11.0
2018-01-08,303.25,4.0,23.5
2018-01-09,307.0,4.0,24.5
2018-01-10,308.0,4.5,25.0
2018-01-11,312.75,5.0,25.0
2018-01-12,324.75,5.0,26.0
2018-01-13,208.0,3.0,16.0
2018-01-14,154.0,2.0,11.5
2018-01-15,302.0,4.0,24.0
2018-01-16,304.0,4.0,24.0
2018-01-17,312.0,5.0,25.0
2018-01-18,313.25,5.0,25.0
2018-01-19,322.0,5.0,26.0
2018-01-20,208.0,3.0,16.0
2018-01-21,158.5,2.0,12.0
2018-01-22,299.0,4.0,23.5
2018-01-23,304.0,4.0,24.0
2018-01-24,306.0,4.5,24.5
2018-01-25,308.25,5.0,24.0
2018-01-26,319.0,5.0,25.5
2018-01-27,202.0,3.0,15.5
2018-01-28,155.5,2.0,12.0
2018-01-29,301.5,4.0,24.0
2018-01-30,303.0,4.0,24.0
2018-01-31,308.0,5.0,25.0
2018-02-01,311.5,5.0,25.0
2018-02-02,321.5,5.0,26.0
2018-02-03,205.0,3.0,15.5
2018-02-04,157.5,2.0,12.0
2018-02-05,274.5,4.0,21.5
2018-02-06,302.75,4.0,24.0
2018-02-07,308.5,4.5,25.0
2018-02-08,311.0,5.0,25.0
2018-02-09,320.5,5.0,25.5
2018-02-10,205.5,3.0,15.5
2018-02-11,158.0,2.0,12.0
2018-02-12,300.25,4.0,23.75
2018-02-13,308.0,4.5,24.0
2018-02-14,314.0,5.0,25.0
2018-02-15,295.0,4.0,23.0
2018-02-16,298.5,4.0,23.0
2018-02-17,192.0,2.5,14.5
2018-02-18,156.0,2.0,12.0
2018-02-19,308.5,4.0,24.0
2018-02-20,305.0,4.0,24.0
2018-02-21,308.0,5.0,24.0
2018-02-22,307.5,4.5,24.5
2018-02-23,317.5,5.0,25.25
2018-02-24,209.0,3.0,16.0
2018-02-25,160.0,2.0,12.0
2018-02-26,301.5,4.0,24.0
2018-02-27,309.0,5.0,24.0
2018-02-28,313.5,5.0,25.0
2018-03-01,318.5,5.0,25.0
2018-03-02,329.5,5.0,26.0
2018-03-03,211.5,3.0,16.0
2018-03-04,162.25,2.0,12.0
2018-03-05,308.25,5.0,24.0
2018-03-06,308.0,5.0,24.0
2018-03-07,312.75,5.0,24.0
2018-03-08,308.5,5.0,24.0
2018-03-09,324.0,5.0,25.5
2018-03-10,171.0,2.0,13.0
2018-03-11,161.0,2.0,12.0
2018-03-12,316.0,5.0,24.5
2018-03-13,297.0,4.0,23.5
2018-03-14,312.0,5.0,25.0
2018-03-15,320.5,5.0,25.0
2018-03-16,326.5,5.0,26.0
2018-03-17,204.5,3.0,15.5
2018-03-18,163.0,2.0,12.5
2018-03-19,316.5,5.0,25.0
2018-03-20,312.5,5.0,24.5
2018-03-21,313.25,5.0,25.0
2018-03-22,320.0,5.0,25.0
2018-03-23,308.0,4.5,24.0
2018-03-24,184.0,2.0,14.0
2018-03-25,148.0,2.0,11.0
2018-03-26,263.5,3.5,20.0
2018-03-27,262.0,3.5,20.0
2018-03-28,248.0,3.0,19.0
2018-03-29,122.0,1.0,9.0
2018-03-30,111.5,1.0,8.0
2018-03-31,137.0,2.0,10.0
2018-04-01,138.5,2.0,10.0
2018-04-02,283.5,4.0,22.0
2018-04-03,307.0,4.5,24.0
2018-04-04,314.5,5.0,24.0
2018-04-05,320.5,5.0,25.0
2018-04-06,325.5,5.0,26.0
2018-04-07,213.0,3.0,16.0
2018-04-08,170.0,2.0,13.0
2018-04-09,306.25,4.5,24.0
2018-04-10,313.0,5.0,24.75
2018-04-11,298.5,4.0,23.0
2018-04-12,320.0,5.0,25.0
2018-04-13,323.5,5.0,25.5
2018-04-14,211.0,3.0,16.0
2018-04-15,160.0,2.0,12.5
2018-04-16,305.75,4.0,24.0
2018-04-17,310.5,5.0,24.0
2018-04-18,312.0,5.0,25.0
2018-04-19,317.5,5.0,25.0
2018-04-20,326.0,5.0,25.5
2018-04-21,206.25,3.0,16.0
2018-04-22,166.0,2.0,13.0
2018-04-23,307.0,4.5,24.0
2018-04-24,312.25,5.0,25.0
2018-04-25,313.5,5.0,25.0
2018-04-26,320.0,5.0,25.0
2018-04-27,320.5,5.0,25.0
2018-04-28,178.75,2.0,13.5
2018-04-29,131.0,2.0,10.0
2018-04-30,230.0,3.0,18.0
2018-05-01,124.0,1.0,9.0
2018-05-02,142.5,2.0,11.0
2018-05-03,311.0,4.5,24.5
2018-05-04,321.5,5.0,25.5
2018-05-05,217.0,3.0,16.5
2018-05-06,176.0,2.0,13.0
2018-05-07,306.25,5.0,24.0
2018-05-08,313.5,5.0,25.0
2018-05-09,307.0,5.0,24.0
2018-05-10,321.0,5.0,25.5
2018-05-11,324.0,5.0,25.5
2018-05-12,196.0,2.5,15.0
2018-05-13,155.75,2.0,12.0
2018-05-14,293.0,4.0,23.0
2018-05-15,161.5,2.0,12.0
2018-05-16,306.5,5.0,24.5
2018-05-17,315.5,5.0,24.5
2018-05-18,318.0,5.0,25.0
2018-05-19,199.25,3.0,15.0
2018-05-20,164.0,2.0,12.0
2018-05-21,307.0,4.5,24.0
2018-05-22,305.75,5.0,24.0
2018-05-23,305.0,5.0,24.0
2018-05-24,312.5,5.0,25.0
2018-05-25,322.0,5.0,25.5
2018-05-26,188.75,2.5,14.5
2018-05-27,168.5,2.0,13.0
2018-05-28,300.0,4.5,24.0
2018-05-29,307.75,5.0,24.0
2018-05-30,316.5,5.0,25.0
2018-05-31,336.0,5.0,26.0
2018-06-01,325.25,5.0,25.5
2018-06-02,203.0,3.0,15.5
2018-06-03,168.25,2.0,13.0
2018-06-04,307.5,4.25,24.0
2018-06-05,310.0,5.0,24.0
2018-06-06,317.0,5.0,24.5
2018-06-07,316.0,5.0,25.0
2018-06-08,324.5,5.0,25.0
2018-06-09,205.0,3.0,15.0
2018-06-10,165.75,2.0,12.0
2018-06-11,305.0,4.0,24.0
2018-06-12,311.0,4.5,24.0
2018-06-13,315.25,5.0,24.5
2018-06-14,315.5,5.0,25.0
2018-06-15,309.5,4.5,24.0
2018-06-16,194.0,2.0,14.5
2018-06-17,165.0,2.0,12.0
2018-06-18,304.0,4.0,23.5
2018-06-19,313.0,5.0,24.0
2018-06-20,303.0,4.5,24.0
2018-06-21,320.0,5.0,25.0
2018-06-22,317.0,5.0,24.5
2018-06-23,188.75,2.0,14.0
2018-06-24,160.0,2.0,12.0
2018-06-25,289.0,4.0,22.5
2018-06-26,302.0,4.0,23.5
2018-06-27,305.0,4.0,24.0
2018-06-28,311.25,5.0,24.5
2018-06-29,306.5,4.0,24.0
2018-06-30,183.5,2.0,14.0
2018-07-01,144.0,2.0,11.0
2018-07-02,290.0,4.0,23.0
2018-07-03,291.0,4.0,23.0
2018-07-04,297.0,4.0,23.5
2018-07-05,300.5,4.0,23.5
2018-07-06,280.5,4.0,22.0
2018-07-07,163.5,2.0,12.0
2018-07-08,147.0,2.0,11.0
2018-07-09,284.0,4.0,22.0
2018-07-10,281.0,4.0,22.0
2018-07-11,279.5,4.0,22.0
2018-07-12,288.0,4.0,22.5
2018-07-13,278.25,4.0,22.0
2018-07-14,164.25,2.0,12.0
2018-07-15,138.0,2.0,10.5
2018-07-16,275.5,4.0,21.0
2018-07-17,275.75,4.0,21.5
2018-07-18,276.0,4.0,21.5
2018-07-19,274.0,4.0,21.5
2018-07-20,260.75,4.0,21.0
2018-07-21,153.0,2.0,11.0
2018-07-22,132.0,1.5,10.0
2018-07-23,264.0,4.0,20.25
2018-07-24,265.0,4.0,20.5
2018-07-25,268.25,4.0,21.0
2018-07-26,271.25,4.0,21.0
2018-07-27,257.0,3.5,20.0
2018-07-28,141.75,2.0,10.0
2018-07-29,125.5,1.0,9.0
2018-07-30,241.5,3.0,18.0
2018-07-31,245.0,3.0,19.0
2018-08-01,232.0,3.0,17.5
2018-08-02,236.5,3.0,18.0
2018-08-03,223.0,3.0,17.0
2018-08-04,133.0,1.0,10.0
2018-08-05,116.0,1.0,8.0
2018-08-06,201.0,2.0,15.0
2018-08-07,205.0,2.5,15.5
2018-08-08,204.0,2.5,15.5
2018-08-09,203.0,3.0,15.5
2018-08-10,192.0,2.0,15.0
2018-08-11,121.5,1.0,9.0
2018-08-12,107.5,1.0,8.0
2018-08-13,184.0,2.0,14.0
2018-08-14,186.5,2.0,14.0
2018-08-15,110.5,1.0,8.0
2018-08-16,180.5,2.0,14.0
2018-08-17,176.0,2.0,13.0
2018-08-18,114.0,1.0,8.0
2018-08-19,105.5,1.0,8.0
2018-08-20,187.5,2.0,14.0
2018-08-21,188.5,2.0,14.0
2018-08-22,192.5,2.0,15.0
2018-08-23,194.75,2.0,15.0
2018-08-24,186.0,2.0,14.0
2018-08-25,124.0,1.0,9.0
2018-08-26,113.0,1.0,8.0
2018-08-27,217.0,3.0,17.0
2018-08-28,228.0,3.0,17.0
2018-08-29,227.0,3.0,17.5
2018-08-30,235.5,3.0,18.0
2018-08-31,241.75,3.0,18.25
2018-09-01,156.0,2.0,12.0
2018-09-02,141.0,2.0,10.5
2018-09-03,278.5,5.0,22.0
2018-09-04,285.25,5.0,22.5
2018-09-05,254.0,5.0,22.0
2018-09-06,299.5,5.0,24.0
2018-09-07,301.0,5.0,23.5
2018-09-08,171.5,3.0,13.0
2018-09-09,147.5,2.0,11.0
2018-09-10,302.0,5.0,24.0
2018-09-11,300.0,5.0,24.0
2018-09-12,302.5,5.0,24.0
2018-09-13,307.0,5.0,24.5
2018-09-14,306.25,5.0,24.0
2018-09-15,177.5,3.0,14.0
2018-09-16,149.5,2.0,11.5
2018-09-17,302.0,5.0,24.0
2018-09-18,299.0,5.0,24.0
2018-09-19,300.75,5.0,24.5
2018-09-20,308.0,5.0,25.0
2018-09-21,314.25,5.0,25.0
2018-09-22,189.5,3.0,14.5
2018-09-23,159.0,2.0,12.0
2018-09-24,302.0,5.0,24.0
2018-09-25,304.0,5.0,25.0
2018-09-26,307.5,5.0,25.0
2018-09-27,309.5,5.0,25.0
2018-09-28,319.0,6.0,25.0
2018-09-29,194.5,3.0,15.0
2018-09-30,158.5,3.0,12.5
2018-10-01,307.5,5.0,24.5
2018-10-02,307.25,5.0,25.0
2018-10-03,308.25,5.0,25.0
2018-10-04,316.0,6.0,25.0
2018-10-05,316.5,6.0,25.0
2018-10-06,200.0,3.0,15.0
2018-10-07,162.0,3.0,12.0
2018-10-08,300.0,5.0,24.0
2018-10-09,309.0,6.0,25.0
2018-10-10,312.5,5.5,25.0
2018-10-11,319.0,6.0,25.5
2018-10-12,147.0,2.0,11.0
2018-10-13,162.0,2.5,12.0
2018-10-14,144.5,2.0,11.0
2018-10-15,300.5,5.0,24.0
2018-10-16,303.75,5.0,25.0
2018-10-17,304.0,5.0,25.0
2018-10-18,312.0,6.0,25.0
2018-10-19,322.0,6.0,25.5
2018-10-20,202.0,3.0,15.5
2018-10-21,161.0,3.0,12.0
2018-10-22,302.0,5.0,24.0
2018-10-23,306.0,5.0,25.0
2018-10-24,307.0,5.0,25.0
2018-10-25,309.25,5.5,25.0
2018-10-26,322.0,6.0,25.0
2018-10-27,206.25,3.0,15.5
2018-10-28,162.0,3.0,12.5
2018-10-29,312.5,5.0,25.0
2018-10-30,321.5,6.0,25.5
2018-10-31,332.5,6.0,26.0
2018-11-01,157.75,2.0,12.0
2018-11-02,242.0,4.0,19.0
2018-11-03,180.0,3.0,13.5
2018-11-04,150.0,2.0,11.5
2018-11-05,304.0,5.0,24.0
2018-11-06,309.0,5.0,25.0
2018-11-07,312.25,6.0,25.0
2018-11-08,323.0,6.0,26.0
2018-11-09,168.5,2.0,13.0
2018-11-10,143.75,2.0,12.0
2018-11-11,138.0,2.0,11.0
2018-11-12,303.0,5.0,24.0
2018-11-13,305.5,5.0,24.5
2018-11-14,325.5,5.5,25.5
2018-11-15,300.0,5.0,24.0
2018-11-16,318.75,6.0,25.0
2018-11-17,207.0,3.0,16.0
2018-11-18,159.0,3.0,12.0
2018-11-19,298.0,5.0,24.0
2018-11-20,303.0,5.0,24.0
2018-11-21,309.0,5.5,24.0
2018-11-22,311.75,5.5,25.0
2018-11-23,322.25,6.0,25.0
2018-11-24,208.0,3.0,16.0
2018-11-25,162.0,3.0,12.0
2018-11-26,300.0,5.0,24.0
2018-11-27,307.0,5.0,24.5
2018-11-28,307.0,5.0,24.5
2018-11-29,318.0,5.5,25.0
2018-11-30,326.5,6.0,25.5
2018-12-01,215.5,3.0,16.0
2018-12-02,157.0,2.0,12.0
2018-12-03,304.5,4.0,23.0
2018-12-04,312.75,4.5,24.0
2018-12-05,321.5,5.0,24.5
2018-12-06,152.5,2.0,11.5
2018-12-07,240.0,3.0,19.0
2018-12-08,153.5,2.0,11.5
2018-12-09,145.0,2.0,11.0
2018-12-10,305.25,4.0,23.5
2018-12-11,309.0,4.5,24.0
2018-12-12,305.25,4.0,24.0
2018-12-13,320.0,5.0,25.0
2018-12-14,335.25,5.0,26.0
2018-12-15,265.0,3.0,19.0
2018-12-16,214.5,2.0,15.0
2018-12-17,338.0,5.0,25.5
2018-12-18,318.0,5.0,24.5
2018-12-19,327.5,5.0,25.0
2018-12-20,334.0,5.0,26.0
2018-12-21,332.75,5.0,26.0
2018-12-22,199.5,2.5,15.0
2018-12-23,160.0,2.0,12.0
2018-12-24,187.25,2.0,14.0
2018-12-25,131.5,1.5,9.5
2018-12-26,257.0,3.0,20.0
2018-12-27,262.0,4.0,20.0
2018-12-28,261.0,4.0,20.0
2018-12-29,174.5,2.0,13.0
2018-12-30,148.5,2.0,11.0
2018-12-31,176.5,2.0,13.0
2019-01-01,123.5,1.0,9.0
2019-01-02,244.0,3.0,18.5
2019-01-03,261.5,4.0,20.0
2019-01-04,273.0,4.0,21.0
2019-01-05,186.0,2.0,14.0
2019-01-06,145.0,2.0,11.0
2019-01-07,146.0,2.0,11.0
2019-01-08,297.0,4.0,22.5
2019-01-09,296.0,4.0,23.0
2019-01-10,302.0,4.0,23.0
2019-01-11,309.25,4.0,24.0
2019-01-12,198.0,2.5,15.0
2019-01-13,150.0,2.0,11.0
2019-01-14,273.0,4.0,21.5
2019-01-15,298.0,4.0,23.0
2019-01-16,279.0,4.0,22.0
2019-01-17,294.5,4.0,22.5
2019-01-18,309.0,4.0,23.5
2019-01-19,195.0,2.5,15.0
2019-01-20,148.0,2.0,11.0
2019-01-21,270.5,4.0,20.0
2019-01-22,274.75,4.0,21.0
2019-01-23,277.0,4.0,21.0
2019-01-24,279.0,4.0,21.5
2019-01-25,286.5,4.0,22.0
2019-01-26,185.0,2.0,14.0
2019-01-27,141.25,2.0,10.5
2019-01-28,268.0,4.0,20.0
2019-01-29,275.0,4.0,21.0
2019-01-30,278.5,4.0,21.0
2019-01-31,284.0,4.0,22.0
2019-02-01,295.25,4.0,22.5
2019-02-02,187.5,2.0,14.0
2019-02-03,146.0,2.0,11.0
2019-02-04,273.0,4.0,21.0
2019-02-05,278.0,4.0,21.0
2019-02-06,295.5,4.0,22.5
2019-02-07,300.0,4.0,23.0
2019-02-08,311.0,4.5,24.0
2019-02-09,190.5,2.0,14.0
2019-02-10,153.0,2.0,11.5
2019-02-11,292.0,4.0,22.0
2019-02-12,295.0,4.0,23.0
2019-02-13,298.5,4.0,23.0
2019-02-14,309.0,4.5,24.0
2019-02-15,307.0,4.5,23.5
2019-02-16,198.0,2.5,14.5
2019-02-17,157.0,2.0,12.0
2019-02-18,289.5,4.0,22.0
2019-02-19,293.0,4.0,22.5
2019-02-20,293.5,4.0,23.0
2019-02-21,295.0,4.0,23.0
2019-02-22,307.5,4.0,23.0
2019-02-23,196.0,2.5,15.0
2019-02-24,153.0,2.0,11.5
2019-02-25,291.0,4.0,22.0
2019-02-26,299.5,4.0,23.0
2019-02-27,302.0,4.0,23.0
2019-02-28,310.5,5.0,24.0
2019-03-01,296.0,4.0,22.5
2019-03-02,183.0,2.0,13.5
2019-03-03,153.0,2.0,11.5
2019-03-04,272.0,4.0,21.0
2019-03-05,300.0,4.0,23.0
2019-03-06,302.0,4.0,23.0
2019-03-07,303.75,4.5,23.5
2019-03-08,303.5,4.0,23.5
2019-03-09,198.75,2.5,15.0
2019-03-10,158.0,2.0,12.0
2019-03-11,291.0,4.0,22.5
2019-03-12,296.0,4.5,23.5
2019-03-13,297.5,4.0,23.0
2019-03-14,302.5,4.5,23.5
2019-03-15,309.0,5.0,24.0
2019-03-16,198.0,3.0,15.0
2019-03-17,156.0,2.0,12.0
2019-03-18,293.0,4.0,22.0
2019-03-19,302.0,4.0,23.0
2019-03-20,297.25,4.0,23.0
2019-03-21,303.0,4.0,23.0
2019-03-22,285.0,4.0,22.5
2019-03-23,193.5,2.5,14.5
2019-03-24,157.0,2.0,12.0
2019-03-25,288.0,4.0,22.5
2019-03-26,294.5,4.0,23.0
2019-03-27,299.5,4.0,23.0
2019-03-28,298.5,4.5,23.5
2019-03-29,312.5,5.0,24.0
2019-03-30,198.5,3.0,15.0
2019-03-31,158.0,2.0,12.0
2019-04-01,292.0,4.0,22.5
2019-04-02,203.5,3.0,16.0
2019-04-03,305.25,5.0,24.0
2019-04-04,303.5,4.5,23.5
2019-04-05,310.5,5.0,24.0
2019-04-06,199.5,3.0,15.0
2019-04-07,160.0,2.0,12.0
2019-04-08,294.0,4.0,23.0
2019-04-09,298.5,4.0,23.0
2019-04-10,302.0,4.5,23.0
2019-04-11,311.25,5.0,24.0
2019-04-12,291.0,4.0,22.5
2019-04-13,178.5,2.0,13.5
2019-04-14,142.0,2.0,11.0
2019-04-15,244.0,3.0,18.5
2019-04-16,243.0,3.0,18.5
2019-04-17,232.0,3.0,18.0
2019-04-18,110.5,1.0,8.0
2019-04-19,103.5,1.0,7.0
2019-04-20,125.0,1.0,9.0
2019-04-21,125.0,1.5,9.5
2019-04-22,270.0,4.0,20.5
2019-04-23,291.5,4.0,23.0
2019-04-24,296.0,5.0,23.0
2019-04-25,304.5,5.0,24.0
2019-04-26,312.75,5.0,25.0
2019-04-27,203.25,3.0,15.5
2019-04-28,168.0,2.0,13.0
2019-04-29,297.25,4.0,23.0
2019-04-30,314.0,5.0,24.5
2019-05-01,132.0,2.0,10.0
2019-05-02,135.0,2.0,10.0
2019-05-03,225.0,3.0,17.0
2019-05-04,161.25,2.0,12.0
2019-05-05,158.0,2.0,12.0
2019-05-06,271.5,4.0,21.0
2019-05-07,308.0,5.0,24.0
2019-05-08,304.5,4.5,23.0
2019-05-09,308.0,5.0,24.0
2019-05-10,317.0,5.0,24.5
2019-05-11,203.75,3.0,15.0
2019-05-12,166.5,2.0,13.0
2019-05-13,292.25,4.0,23.0
2019-05-14,311.0,5.0,24.0
2019-05-15,168.25,2.0,13.0
2019-05-16,303.25,5.0,24.0
2019-05-17,306.0,5.0,24.0
2019-05-18,190.25,2.5,14.5
2019-05-19,159.0,2.0,12.0
2019-05-20,291.25,4.0,22.5
2019-05-21,296.5,4.0,23.0
2019-05-22,297.0,4.0,23.0
2019-05-23,303.5,5.0,24.0
2019-05-24,311.0,5.0,24.0
2019-05-25,195.0,3.0,15.0
2019-05-26,169.0,2.0,13.0
2019-05-27,291.5,4.0,23.0
2019-05-28,299.5,4.5,23.5
2019-05-29,300.0,5.0,24.0
2019-05-30,300.0,5.0,24.0
2019-05-31,304.5,5.0,25.0
2019-06-01,191.0,3.0,15.0
2019-06-02,162.0,2.0,13.0
2019-06-03,294.0,4.0,23.0
2019-06-04,297.5,5.0,24.0
2019-06-05,302.0,5.0,23.5
2019-06-06,304.0,5.0,24.0
2019-06-07,305.75,5.0,24.0
2019-06-08,188.0,2.0,14.5
2019-06-09,157.0,2.0,12.0
2019-06-10,294.0,4.0,23.0
2019-06-11,293.5,4.0,23.0
2019-06-12,300.0,4.0,23.0
2019-06-13,304.0,5.0,23.5
2019-06-14,297.0,5.0,23.5
2019-06-15,188.0,2.0,14.0
2019-06-16,155.0,2.0,12.0
2019-06-17,291.0,4.0,22.5
2019-06-18,297.25,4.0,23.0
2019-06-19,294.75,4.5,23.0
2019-06-20,301.5,4.75,23.5
2019-06-21,299.25,4.0,23.0
2019-06-22,178.5,2.0,14.0
2019-06-23,161.0,2.0,12.0
2019-06-24,279.25,4.0,22.0
2019-06-25,291.0,4.0,22.5
2019-06-26,292.0,4.0,23.0
2019-06-27,294.5,4.0,23.0
2019-06-28,288.0,4.0,23.0
2019-06-29,173.5,2.0,13.0
2019-06-30,155.5,2.0,12.0
2019-07-01,285.0,4.0,22.0
2019-07-02,284.5,4.0,22.0
2019-07-03,285.0,4.0,22.0
2019-07-04,285.0,4.0,22.5
2019-07-05,270.75,4.0,22.0
2019-07-06,158.5,2.0,12.0
2019-07-07,142.5,2.0,11.0
2019-07-08,276.0,4.0,21.0
2019-07-09,273.75,4.0,21.5
2019-07-10,276.0,4.0,21.0
2019-07-11,283.25,4.0,22.0
2019-07-12,280.0,4.0,21.0
2019-07-13,152.75,2.0,11.5
2019-07-14,137.0,2.0,10.0
2019-07-15,264.0,4.0,20.5
2019-07-16,268.0,4.0,21.0
2019-07-17,269.0,4.0,21.0
2019-07-18,264.25,4.0,20.5
2019-07-19,252.0,3.5,20.0
2019-07-20,145.0,2.0,11.0
2019-07-21,128.5,1.0,10.0
2019-07-22,251.5,3.0,19.5
2019-07-23,259.0,4.0,20.0
2019-07-24,257.5,4.0,20.0
2019-07-25,262.5,4.0,20.0
2019-07-26,245.75,3.0,19.0
2019-07-27,143.5,2.0,11.0
2019-07-28,124.5,1.0,9.0
2019-07-29,248.5,3.0,19.0
2019-07-30,254.25,3.0,19.0
2019-07-31,249.5,3.0,19.0
2019-08-01,229.5,3.0,18.0
2019-08-02,218.0,3.0,16.0
2019-08-03,129.0,1.5,9.0
2019-08-04,111.0,1.0,8.0
2019-08-05,198.5,2.0,15.0
2019-08-06,197.0,2.0,15.0
2019-08-07,191.5,2.0,15.0
2019-08-08,191.5,2.0,15.0
2019-08-09,184.75,2.0,14.0
2019-08-10,118.0,1.0,8.0
2019-08-11,117.5,1.0,8.0
2019-08-12,178.0,2.0,13.5
2019-08-13,179.75,2.0,13.5
2019-08-14,178.75,2.0,13.0
2019-08-15,103.5,1.0,7.0
2019-08-16,148.5,2.0,11.0
2019-08-17,104.5,1.0,7.0
2019-08-18,100.5,1.0,7.0
2019-08-19,176.5,2.0,13.0
2019-08-20,180.0,2.0,14.0
2019-08-21,180.0,2.0,14.0
2019-08-22,181.0,2.0,13.75
2019-08-23,173.0,2.0,13.0
2019-08-24,117.5,1.0,8.5
2019-08-25,109.25,1.0,8.0
2019-08-26,198.0,3.0,15.0
2019-08-27,208.0,3.0,16.0
2019-08-28,211.75,3.0,16.0
2019-08-29,216.25,3.0,17.0
2019-08-30,219.0,3.0,17.0
2019-08-31,147.0,2.0,11.0
2019-09-01,137.0,2.0,10.0
2019-09-02,261.5,4.0,20.0
2019-09-03,272.25,4.0,21.0
2019-09-04,273.5,4.0,21.0
2019-09-05,279.0,4.0,21.0
2019-09-06,276.0,4.0,21.5
2019-09-07,173.25,2.0,12.5
2019-09-08,144.0,2.0,10.5
2019-09-09,283.0,4.0,22.0
2019-09-10,293.5,4.0,22.5
2019-09-11,297.75,4.0,22.5
2019-09-12,292.0,4.0,22.5
2019-09-13,291.5,4.0,22.5
2019-09-14,171.25,2.0,13.0
2019-09-15,137.5,2.0,10.0
2019-09-16,285.0,4.0,22.0
2019-09-17,290.0,4.0,22.5
2019-09-18,295.0,4.0,23.0
2019-09-19,296.5,4.0,23.0
2019-09-20,296.0,4.0,23.0
2019-09-21,181.5,2.0,14.0
2019-09-22,147.5,2.0,11.0
2019-09-23,286.0,4.0,22.0
2019-09-24,292.0,4.0,22.5
2019-09-25,293.0,4.0,23.0
2019-09-26,299.5,4.0,23.0
2019-09-27,301.5,4.5,23.5
2019-09-28,184.5,2.0,14.0
2019-09-29,157.0,2.0,12.0
2019-09-30,293.0,4.0,23.0
2019-10-01,296.0,4.0,23.0
2019-10-02,299.0,4.0,23.0
2019-10-03,305.0,4.5,23.5
2019-10-04,307.0,4.5,24.0
2019-10-05,190.5,2.5,14.5
2019-10-06,157.0,2.0,12.0
2019-10-07,290.5,4.0,22.5
2019-10-08,294.75,4.0,23.0
2019-10-09,297.0,4.0,23.0
2019-10-10,299.5,4.0,23.0
2019-10-11,302.5,4.5,24.0
2019-10-12,168.0,2.0,12.5
2019-10-13,153.5,2.0,11.0
2019-10-14,288.5,4.0,22.0
2019-10-15,294.25,4.0,23.0
2019-10-16,292.5,4.0,22.5
2019-10-17,304.0,4.5,23.25
2019-10-18,302.5,4.5,23.5
2019-10-19,194.0,3.0,15.0
2019-10-20,154.0,2.0,11.5
2019-10-21,289.25,4.0,22.0
2019-10-22,295.0,4.0,23.0
2019-10-23,297.0,4.0,23.0
2019-10-24,298.5,4.0,23.0
2019-10-25,305.5,4.5,24.0
2019-10-26,198.25,3.0,15.0
2019-10-27,159.5,2.0,12.0
2019-10-28,294.0,4.0,22.0
2019-10-29,311.0,5.0,24.0
2019-10-30,309.75,4.5,24.0
2019-10-31,295.75,4.0,23.0
2019-11-01,147.0,2.0,11.0
2019-11-02,160.0,2.0,12.0
2019-11-03,143.0,2.0,11.0
2019-11-04,285.5,4.0,22.0
2019-11-05,292.0,4.0,23.0
2019-11-06,299.5,4.0,23.0
2019-11-07,300.5,4.0,23.0
2019-11-08,310.0,5.0,24.0
2019-11-09,184.0,2.0,14.0
2019-11-10,158.0,2.0,12.0
2019-11-11,291.0,4.0,22.0
2019-11-12,300.5,4.0,23.0
2019-11-13,306.5,4.5,23.5
2019-11-14,300.0,4.5,23.0
2019-11-15,308.5,5.0,24.0
2019-11-16,202.5,3.0,15.0
2019-11-17,154.0,2.0,11.5
2019-11-18,283.0,4.0,22.0
2019-11-19,291.5,4.0,22.5
2019-11-20,295.0,4.0,23.0
2019-11-21,301.0,4.5,23.0
2019-11-22,306.5,5.0,23.5
2019-11-23,201.5,3.0,15.0
2019-11-24,156.0,2.0,12.0
2019-11-25,286.0,4.0,22.0
2019-11-26,294.5,4.0,23.0
2019-11-27,300.0,4.0,23.0
2019-11-28,305.0,4.5,23.0
2019-11-29,318.0,5.0,24.0
2019-11-30,213.75,3.0,16.0
2019-12-01,158.5,2.0,12.0
2019-12-02,292.25,4.0,22.25
2019-12-03,306.5,4.0,23.0
2019-12-04,303.0,5.0,23.5
2019-12-05,314.0,5.0,24.0
2019-12-06,149.25,2.0,11.0
2019-12-07,160.0,2.0,12.0
2019-12-08,132.5,2.0,10.0
2019-12-09,138.75,2.0,10.0
2019-12-10,302.0,4.0,23.0
2019-12-11,306.0,4.0,23.5
2019-12-12,311.0,5.0,24.0
2019-12-13,324.25,5.0,25.0
2019-12-14,213.0,3.0,16.5
2019-12-15,174.0,2.0,13.0
2019-12-16,304.0,4.0,23.5
2019-12-17,316.0,5.0,24.0
2019-12-18,312.0,4.5,24.0
2019-12-19,325.0,5.0,25.0
2019-12-20,327.5,5.0,25.0
2019-12-21,201.5,3.0,15.5
2019-12-22,161.5,2.0,12.0
2019-12-23,192.0,3.0,18.0
2019-12-24,145.75,2.0,12.0
2019-12-25,106.0,1.0,8.0
2019-12-26,244.5,3.0,19.0
2019-12-27,252.0,3.0,19.0
2019-12-28,168.0,2.0,12.5
2019-12-29,145.25,2.0,10.5
2019-12-30,245.5,3.0,18.5
2019-12-31,174.0,2.0,13.0
2020-01-01,122.0,1.0,9.0
2020-01-02,242.0,3.0,18.0
2020-01-03,252.5,3.0,19.0
2020-01-04,175.0,2.0,13.0
2020-01-05,160.0,2.0,11.5
2020-01-06,152.0,2.0,11.0
2020-01-07,272.0,4.0,20.5
2020-01-08,291.5,4.0,22.0
2020-01-09,289.0,4.0,22.0
2020-01-10,304.5,4.0,23.0
2020-01-11,196.0,2.5,14.5
2020-01-12,151.0,2.0,11.0
2020-01-13,287.5,4.0,22.0
2020-01-14,292.25,4.0,22.5
2020-01-15,290.5,4.0,22.0
2020-01-16,293.0,4.0,22.5
2020-01-17,304.5,4.0,23.0
2020-01-18,187.5,2.0,14.0
2020-01-19,145.5,2.0,11.0
2020-01-20,281.5,4.0,21.5
2020-01-21,284.0,4.0,22.0
2020-01-22,286.5,4.0,22.0
2020-01-23,292.25,4.0,22.0
2020-01-24,296.0,4.0,23.0
2020-01-25,190.5,2.0,14.0
2020-01-26,150.0,2.0,11.0
2020-01-27,278.5,4.0,21.0
2020-01-28,284.5,4.0,22.0
2020-01-29,285.0,4.0,22.0
2020-01-30,294.5,4.0,22.5
2020-01-31,300.5,4.0,23.0
2020-02-01,189.0,2.0,14.0
2020-02-02,150.0,2.0,11.0
2020-02-03,286.5,4.0,22.0
2020-02-04,291.75,4.0,22.0
2020-02-05,286.5,4.0,22.0
2020-02-06,295.0,4.0,22.5
2020-02-07,302.0,4.0,23.0
2020-02-08,194.0,2.0,14.5
2020-02-09,153.5,2.0,11.0
2020-02-10,286.0,4.0,21.5
2020-02-11,289.5,4.0,22.0
2020-02-12,292.0,4.0,22.0
2020-02-13,294.5,4.0,22.0
2020-02-14,310.25,4.5,23.5
2020-02-15,193.25,2.0,14.5
2020-02-16,154.0,2.0,11.0
2020-02-17,280.0,4.0,21.0
2020-02-18,288.0,4.0,22.0
2020-02-19,289.5,4.0,22.0
2020-02-20,293.75,4.0,22.0
2020-02-21,298.0,4.0,23.0
2020-02-22,189.0,2.0,14.0
2020-02-23,152.0,2.0,11.0
2020-02-24,281.0,4.0,21.0
2020-02-25,294.0,4.0,22.0
2020-02-26,291.5,4.0,22.5
2020-02-27,300.0,4.0,23.0
2020-02-28,284.5,4.0,22.0
2020-02-29,183.25,2.0,13.0
2020-03-01,146.0,2.0,11.0
2020-03-02,270.0,4.0,20.0
2020-03-03,293.0,4.0,22.0
2020-03-04,292.0,4.0,22.0
2020-03-05,301.5,4.0,22.5
2020-03-06,302.5,4.0,23.0
2020-03-07,193.0,2.0,14.0
2020-03-08,150.5,2.0,11.0
2020-03-09,289.0,4.0,22.0
2020-03-10,288.0,4.0,21.5
2020-03-11,253.5,3.0,19.0
2020-03-12,241.5,3.0,18.0
2020-03-13,219.5,3.0,16.0
2020-03-14,83.5,1.0,6.0
2020-03-15,53.0,0.0,3.0
2020-03-16,103.0,1.0,7.0
2020-03-17,87.0,1.0,6.0
2020-03-18,84.0,1.0,6.0
2020-03-19,80.0,1.0,5.0
2020-03-20,76.5,1.0,5.0
2020-03-21,48.0,0.0,3.0
2020-03-22,40.0,0.0,2.0
2020-03-23,73.5,1.0,5.0
2020-03-24,70.0,1.0,4.0
2020-03-25,69.0,1.0,4.0
2020-03-26,70.0,1.0,4.0
2020-03-27,73.0,1.0,5.0
2020-03-28,48.0,0.0,3.0
2020-03-29,41.5,0.0,2.0
2020-03-30,63.0,1.0,4.0
2020-03-31,60.0,1.0,4.0
2020-04-01,61.0,1.0,4.0
2020-04-02,62.5,1.0,4.0
2020-04-03,66.0,1.0,4.0
2020-04-04,51.5,0.0,3.0
2020-04-05,47.0,0.0,2.0
2020-04-06,68.0,0.0,4.0
2020-04-07,70.5,0.0,4.0
2020-04-08,72.0,1.0,4.0
2020-04-09,44.5,0.0,2.0
2020-04-10,43.0,0.0,2.0
2020-04-11,49.0,0.0,3.0
2020-04-12,40.0,0.0,2.0
2020-04-13,73.0,1.0,5.0
2020-04-14,75.0,1.0,5.0
2020-04-15,72.0,1.0,5.0
2020-04-16,72.0,1.0,5.0
2020-04-17,75.5,1.0,5.0
2020-04-18,47.0,0.0,3.0
2020-04-19,36.0,0.0,2.0
2020-04-20,73.0,1.0,5.0
2020-04-21,72.0,1.0,5.0
2020-04-22,73.5,1.0,5.0
2020-04-23,73.0,1.0,5.0
2020-04-24,77.0,1.0,5.0
2020-04-25,48.0,0.0,3.0
2020-04-26,37.0,0.0,2.0
2020-04-27,76.5,1.0,5.0
2020-04-28,77.0,1.0,5.0
2020-04-29,81.0,1.0,5.5
2020-04-30,90.0,1.0,6.0
2020-05-01,41.25,0.0,3.0
2020-05-02,53.0,0.0,3.0
2020-05-03,46.0,0.0,3.0
2020-05-04,92.0,1.0,6.0
2020-05-05,92.0,1.0,6.0
2020-05-06,95.0,1.0,7.0
2020-05-07,96.0,1.0,6.5
2020-05-08,100.5,1.0,7.0
2020-05-09,60.0,1.0,4.0
2020-05-10,44.0,0.0,3.0
2020-05-11,106.0,1.0,7.0
2020-05-12,105.0,1.0,7.0
2020-05-13,108.5,1.0,8.0
2020-05-14,114.0,1.0,8.0
2020-05-15,60.0,1.0,4.0
2020-05-16,64.25,1.0,4.0
2020-05-17,48.0,0.0,3.0
2020-05-18,120.5,1.0,8.5
2020-05-19,120.0,1.0,8.5
2020-05-20,121.5,1.0,8.5
2020-05-21,123.0,1.0,9.0
2020-05-22,126.75,1.0,9.0
2020-05-23,72.0,1.0,5.0
2020-05-24,54.5,0.0,4.0
2020-05-25,174.75,2.0,13.0
2020-05-26,169.0,2.0,12.0
2020-05-27,169.0,2.0,12.0
2020-05-28,167.0,2.0,12.0
2020-05-29,176.0,2.0,13.0
2020-05-30,119.5,1.0,8.0
2020-05-31,90.0,1.0,6.0
2020-06-01,172.0,2.0,12.5
2020-06-02,175.0,2.0,13.0
2020-06-03,177.5,2.0,13.0
2020-06-04,180.0,2.0,13.0
2020-06-05,193.0,2.0,14.0
2020-06-06,127.0,1.0,9.0
2020-06-07,97.5,1.0,7.0
2020-06-08,191.5,2.0,14.0
2020-06-09,199.25,2.5,14.5
2020-06-10,200.0,3.0,15.0
2020-06-11,203.5,3.0,15.0
2020-06-12,209.25,3.0,15.5
2020-06-13,142.5,2.0,10.0
2020-06-14,111.0,1.0,8.0
2020-06-15,195.25,3.0,15.0
2020-06-16,208.0,3.0,15.0
2020-06-17,213.0,3.0,16.0
2020-06-18,215.0,3.0,16.0
2020-06-19,204.0,3.0,15.5
2020-06-20,148.0,2.0,10.5
2020-06-21,122.25,1.0,9.0
2020-06-22,224.0,3.0,17.0
2020-06-23,226.75,3.0,17.0
2020-06-24,227.5,3.0,17.0
2020-06-25,229.75,3.0,17.0
2020-06-26,225.5,3.0,17.0
2020-06-27,137.5,2.0,10.0
2020-06-28,116.5,1.0,8.0
2020-06-29,226.5,3.0,17.0
2020-06-30,236.0,3.0,17.5
2020-07-01,236.0,3.0,18.0
2020-07-02,239.25,3.0,18.0
2020-07-03,228.5,3.0,17.0
2020-07-04,137.0,2.0,10.0
2020-07-05,117.0,1.0,8.0
2020-07-06,226.5,3.0,17.0
2020-07-07,233.75,3.0,17.0
2020-07-08,235.5,3.0,17.0
2020-07-09,236.25,3.0,18.0
2020-07-10,224.25,3.0,17.0
2020-07-11,133.0,1.0,9.0
2020-07-12,112.5,1.0,8.0
2020-07-13,220.0,3.0,16.0
2020-07-14,226.25,3.0,17.0
2020-07-15,228.0,3.0,17.0
2020-07-16,225.0,3.0,17.0
2020-07-17,213.0,3.0,16.0
2020-07-18,126.0,1.0,9.0
2020-07-19,110.0,1.0,8.0
2020-07-20,208.5,3.0,15.5
2020-07-21,211.0,3.0,16.0
2020-07-22,216.5,3.0,16.0
2020-07-23,216.0,3.0,16.0
2020-07-24,204.5,3.0,15.0
2020-07-25,123.0,1.0,9.0
2020-07-26,107.5,1.0,7.0
2020-07-27,200.0,3.0,15.0
2020-07-28,208.0,3.0,16.0
2020-07-29,210.25,3.0,16.0
2020-07-30,212.0,3.0,16.0
2020-07-31,204.0,3.0,15.0
2020-08-01,121.0,1.0,8.5
2020-08-02,101.5,1.0,7.0
2020-08-03,172.0,2.0,13.0
2020-08-04,172.0,2.0,13.0
2020-08-05,171.75,2.0,13.0
2020-08-06,169.5,2.0,12.5
2020-08-07,158.5,2.0,12.0
2020-08-08,104.0,1.0,7.0
2020-08-09,97.0,1.0,6.5
2020-08-10,152.0,2.0,11.0
2020-08-11,147.0,2.0,11.0
2020-08-12,154.0,2.0,11.5
2020-08-13,153.5,2.0,11.0
2020-08-14,147.0,2.0,11.0
2020-08-15,95.0,1.0,7.0
2020-08-16,87.0,1.0,6.0
2020-08-17,148.25,2.0,11.0
2020-08-18,146.0,2.0,11.0
2020-08-19,148.0,2.0,11.0
2020-08-20,153.0,2.0,11.0
2020-08-21,147.25,2.0,11.0
2020-08-22,100.0,1.0,7.0
2020-08-23,91.0,1.0,6.0
2020-08-24,160.0,2.0,12.0
2020-08-25,166.0,2.0,12.0
2020-08-26,167.0,2.0,12.5
2020-08-27,168.0,2.0,13.0
2020-08-28,169.75,2.0,13.0
2020-08-29,118.5,1.0,8.0
2020-08-30,105.0,1.0,7.0
2020-08-31,199.0,2.5,15.0
2020-09-01,217.5,3.0,16.0
2020-09-02,223.5,3.0,17.0
2020-09-03,225.5,3.0,17.0
2020-09-04,229.25,3.0,17.0
2020-09-05,137.25,2.0,10.0
2020-09-06,117.5,1.0,8.0
2020-09-07,234.5,3.0,18.0
2020-09-08,244.0,3.0,18.0
2020-09-09,240.5,3.0,18.5
2020-09-10,244.5,3.0,18.5
2020-09-11,245.0,3.0,19.0
2020-09-12,142.0,2.0,10.0
2020-09-13,127.0,1.0,9.0
2020-09-14,239.75,3.0,18.0
2020-09-15,247.0,3.0,19.0
2020-09-16,248.5,3.0,19.0
2020-09-17,255.75,3.5,19.0
2020-09-18,253.5,3.0,19.0
2020-09-19,146.0,2.0,10.5
2020-09-20,120.0,1.0,8.0
2020-09-21,234.25,3.0,18.0
2020-09-22,238.5,3.0,18.0
2020-09-23,235.0,3.0,18.0
2020-09-24,238.25,3.0,18.0
2020-09-25,246.5,3.0,18.5
2020-09-26,136.5,2.0,10.0
2020-09-27,110.5,1.0,8.0
2020-09-28,235.0,3.0,18.0
2020-09-29,240.0,3.0,18.0
2020-09-30,244.5,3.0,18.0
2020-10-01,254.5,3.0,19.0
2020-10-02,260.0,4.0,19.5
2020-10-03,134.0,1.0,9.0
2020-10-04,103.5,1.0,7.0
2020-10-05,235.0,3.0,17.5
2020-10-06,241.5,3.0,18.0
2020-10-07,243.0,3.0,18.0
2020-10-08,250.0,3.0,19.0
2020-10-09,252.0,3.0,19.0
2020-10-10,111.0,1.0,8.0
2020-10-11,153.0,2.0,11.0
2020-10-12,100.0,1.0,7.0
2020-10-13,244.5,3.0,18.0
2020-10-14,251.0,3.0,18.5
2020-10-15,253.0,3.0,19.0
2020-10-16,260.5,3.5,19.0
2020-10-17,151.0,2.0,10.5
2020-10-18,113.0,1.0,8.0
2020-10-19,242.0,3.0,18.0
2020-10-20,246.0,3.0,18.0
2020-10-21,245.5,3.0,18.5
2020-10-22,248.5,3.0,18.0
2020-10-23,260.0,4.0,19.0
2020-10-24,155.0,2.0,11.0
2020-10-25,124.0,1.0,9.0
2020-10-26,247.0,3.0,18.0
2020-10-27,253.75,3.0,19.0
2020-10-28,257.25,3.0,19.0
2020-10-29,261.0,4.0,19.5
2020-10-30,265.75,4.0,20.0
2020-10-31,163.0,2.0,11.5
2020-11-01,129.0,1.0,9.0
2020-11-02,120.0,1.0,8.0
2020-11-03,256.0,3.5,19.0
2020-11-04,260.75,3.75,19.25
2020-11-05,258.0,4.0,19.5
2020-11-06,268.0,4.0,20.0
2020-11-07,159.0,2.0,11.0
2020-11-08,129.25,1.0,9.0
2020-11-09,125.0,1.0,9.0
2020-11-10,258.5,3.5,19.5
2020-11-11,261.5,4.0,20.0
2020-11-12,264.5,4.0,20.0
2020-11-13,275.0,4.0,20.0
2020-11-14,164.0,2.0,12.0
2020-11-15,125.5,1.0,9.0
2020-11-16,251.5,3.0,19.0
2020-11-17,251.5,3.0,19.0
2020-11-18,259.5,3.5,19.5
2020-11-19,264.5,4.0,20.0
2020-11-20,274.0,4.0,20.5
2020-11-21,171.5,2.0,12.0
2020-11-22,133.0,1.0,9.5
2020-11-23,259.5,3.5,19.0
2020-11-24,264.0,4.0,19.5
2020-11-25,261.5,4.0,20.0
2020-11-26,270.0,4.0,20.0
2020-11-27,282.0,4.0,21.0
2020-11-28,182.5,2.0,13.0
2020-11-29,139.0,1.5,10.0
2020-11-30,259.0,3.5,19.5
2020-12-01,265.25,4.0,20.0
2020-12-02,268.0,4.0,20.0
2020-12-03,274.0,4.0,20.5
2020-12-04,283.5,4.0,21.0
2020-12-05,124.5,2.0,10.0
2020-12-06,144.0,1.5,10.0
2020-12-07,64.75,1.0,5.5
2020-12-08,140.0,1.0,9.5
2020-12-09,295.0,4.0,21.0
2020-12-10,279.0,4.0,21.0
2020-12-11,286.25,4.0,21.5
2020-12-12,179.0,2.0,13.0
2020-12-13,137.5,2.0,10.0
2020-12-14,274.0,4.0,20.5
2020-12-15,274.0,4.0,20.5
2020-12-16,276.0,4.0,21.0
2020-12-17,282.5,4.0,21.0
2020-12-18,280.5,4.0,21.0
2020-12-19,177.0,2.0,13.0
2020-12-20,141.5,2.0,10.0
2020-12-21,278.75,4.0,21.0
2020-12-22,273.0,4.0,20.5
2020-12-23,255.0,3.0,19.0
2020-12-24,159.75,2.0,11.0
2020-12-25,100.5,1.0,7.0
2020-12-26,143.0,2.0,10.0
2020-12-27,121.0,1.0,8.5
2020-12-28,217.5,3.0,16.0
2020-12-29,226.0,3.0,16.5
2020-12-30,232.0,3.0,17.0
2020-12-31,158.5,2.0,11.0
