date;date;pm10;pm25;o3;no2;so2
2018-01-01;2018-01-01;8.0;21.0;27.0;15.0;2.5
2018-01-02;2018-01-02;8.5;20.0;15.5;18.0;8.5
2018-01-03;2018-01-03;8.0;30.5;14.5;16.0;4.0
2018-01-04;2018-01-04;5.0;27.0;17.5;16.5;1.0
2018-01-05;2018-01-05;3.0;16.5;28.0;14.5;1.0
2018-01-06;2018-01-06;3.0;12.5;22.5;14.0;1.0
2018-01-07;2018-01-07;9.5;12.5;16.5;24.0;2.5
2018-01-08;2018-01-08;16.0;30.0;5.5;30.0;2.0
2018-01-09;2018-01-09;10.0;53.0;13.0;24.5;1.0
2018-01-10;2018-01-10;5.5;33.0;26.0;19.0;2.0
2018-01-11;2018-01-11;13.0;17.5;22.0;30.0;2.5
2018-01-12;2018-01-12;16.5;38.0;12.0;31.0;2.0
2018-01-13;2018-01-13;7.0;55.0;16.5;15.0;2.5
2018-01-14;2018-01-14;12.5;25.5;17.5;25.0;2.5
2018-01-15;2018-01-15;16.0;40.0;11.5;28.0;2.5
2018-01-16;2018-01-16;14.0;44.5;16.0;25.5;4.0
2018-01-17;2018-01-17;16.0;40.0;10.5;35.0;3.5
2018-01-18;2018-01-18;20.5;42.5;6.0;40.0;4.5
2018-01-19;2018-01-19;17.5;57.0;14.5;31.5;3.0
2018-01-20;2018-01-20;9.5;51.0;15.0;22.0;2.5
2018-01-21;2018-01-21;14.5;34.0;7.0;26.0;3.0
2018-01-22;2018-01-22;16.0;41.5;6.5;32.5;5.0
2018-01-23;2018-01-23;23.5;44.0;5.0;32.0;3.0
2018-01-24;2018-01-24;24.5;62.5;10.5;28.5;2.0
2018-01-25;2018-01-25;4.5;65.0;23.0;18.5;2.5
2018-01-26;2018-01-26;4.0;14.0;25.5;12.5;3.0
2018-01-27;2018-01-27;5.0;13.0;26.0;11.5;2.5
2018-01-28;2018-01-28;15.0;16.5;21.5;24.5;2.5
2018-01-29;2018-01-29;17.5;37.0;15.0;33.5;3.0
2018-01-30;2018-01-30;20.0;48.5;8.5;38.5;3.5
2018-01-31;2018-01-31;20.0;54.0;20.5;36.0;2.5
2018-02-01;2018-02-01;5.0;53.0;25.5;20.0;3.0
2018-02-02;2018-02-02;7.0;16.0;24.5;18.5;2.0
2018-02-03;2018-02-03;5.0;20.5;25.0;15.0;1.0
2018-02-04;2018-02-04;4.5;19.0;20.0;19.5;1.5
2018-02-05;2018-02-05;7.0;20.5;21.0;19.5;2.0
2018-02-06;2018-02-06;8.0;24.5;21.0;23.0;3.0
2018-02-07;2018-02-07;9.5;23.5;19.0;26.0;2.5
2018-02-08;2018-02-08;18.0;32.0;17.0;35.5;2.5
2018-02-09;2018-02-09;6.5;52.5;27.5;19.0;2.0
2018-02-10;2018-02-10;13.0;22.0;23.5;24.5;2.5
2018-02-11;2018-02-11;6.5;42.5;24.5;21.0;2.0
2018-02-12;2018-02-12;11.0;18.5;24.0;24.0;2.0
2018-02-13;2018-02-13;7.5;32.0;24.0;17.5;1.0
2018-02-14;2018-02-14;15.0;25.0;20.5;24.0;2.0
2018-02-15;2018-02-15;20.5;46.0;10.0;23.5;2.5
2018-02-16;2018-02-16;21.0;64.0;22.0;19.0;2.0
2018-02-17;2018-02-17;7.5;59.0;28.0;13.0;3.0
2018-02-18;2018-02-18;6.5;20.0;25.5;19.0;3.5
2018-02-19;2018-02-19;8.0;19.0;24.5;20.5;3.0
2018-02-20;2018-02-20;7.0;20.5;26.5;18.0;2.5
2018-02-21;2018-02-21;12.0;19.0;24.5;24.0;3.0
2018-02-22;2018-02-22;14.0;35.5;22.5;26.5;2.5
2018-02-23;2018-02-23;19.0;43.5;28.5;30.5;2.5
2018-02-24;2018-02-24;23.0;55.0;29.5;31.0;2.5
2018-02-25;2018-02-25;24.5;63.0;24.0;41.0;3.5
2018-02-26;2018-02-26;19.0;65.0;26.0;30.5;2.0
2018-02-27;2018-02-27;13.0;55.0;24.0;30.5;1.0
2018-02-28;2018-02-28;6.0;47.5;29.5;19.0;1.0
2018-03-01;2018-03-01;7.0;23.0;27.5;24.5;1.5
2018-03-02;2018-03-02;6.0;24.5;32.5;15.5;1.0
2018-03-03;2018-03-03;5.5;21.5;33.5;14.0;1.0
2018-03-04;2018-03-04;5.5;19.0;33.0;16.5;1.0
2018-03-05;2018-03-05;5.5;19.5;29.5;17.5;1.0
2018-03-06;2018-03-06;6.0;18.0;29.0;16.0;2.0
2018-03-07;2018-03-07;10.0;19.5;24.5;24.0;1.0
2018-03-08;2018-03-08;12.0;35.5;19.0;26.0;1.0
2018-03-09;2018-03-09;7.0;39.5;23.0;21.0;1.0
2018-03-10;2018-03-10;6.5;23.0;33.0;10.5;1.0
2018-03-11;2018-03-11;6.5;19.0;34.0;12.0;1.0
2018-03-12;2018-03-12;9.5;17.5;29.5;19.5;1.0
2018-03-13;2018-03-13;9.5;28.5;27.0;22.0;1.0
2018-03-14;2018-03-14;6.0;30.5;37.0;16.5;1.0
2018-03-15;2018-03-15;6.0;19.5;34.5;14.5;1.0
2018-03-16;2018-03-16;5.5;18.5;32.0;12.5;1.0
2018-03-17;2018-03-17;5.0;18.0;33.5;11.0;1.5
2018-03-18;2018-03-18;6.0;18.0;35.5;15.5;1.0
2018-03-19;2018-03-19;5.5;19.5;32.0;14.0;3.0
2018-03-20;2018-03-20;7.5;19.0;36.5;15.0;3.0
2018-03-21;2018-03-21;10.0;25.5;35.5;23.0;2.0
2018-03-22;2018-03-22;15.0;31.0;27.0;26.5;2.5
2018-03-23;2018-03-23;7.0;45.5;32.0;7.0;1.5
2018-03-24;2018-03-24;4.5;19.0;35.0;8.5;2.0
2018-03-25;2018-03-25;7.0;14.0;36.0;19.5;3.0
2018-03-26;2018-03-26;9.0;23.0;33.5;18.0;2.0
2018-03-27;2018-03-27;13.5;31.0;28.0;21.0;3.0
2018-03-28;2018-03-28;8.5;42.0;36.0;7.0;1.5
2018-03-29;2018-03-29;6.0;28.0;38.5;6.0;2.0
2018-03-30;2018-03-30;4.0;18.0;39.5;7.5;1.0
2018-03-31;2018-03-31;7.5;12.0;36.5;15.0;2.0
2018-04-01;2018-04-01;9.0;26.0;31.0;20.0;2.0
2018-04-02;2018-04-02;8.0;32.0;29.0;12.0;1.0
2018-04-03;2018-04-03;7.0;24.0;34.0;9.0;1.0
2018-04-04;2018-04-04;11.0;19.5;28.0;23.0;1.0
2018-04-05;2018-04-05;14.0;33.0;19.0;31.0;2.0
2018-04-06;2018-04-06;10.0;41.0;26.0;18.0;1.5
2018-04-07;2018-04-07;6.0;31.0;30.0;9.0;1.5
2018-04-08;2018-04-08;5.0;20.0;36.0;12.0;1.5
2018-04-09;2018-04-09;4.0;15.5;27.0;20.0;1.0
2018-04-10;2018-04-10;5.0;16.0;32.0;16.0;1.0
2018-04-11;2018-04-11;6.0;16.5;30.0;17.0;1.0
2018-04-12;2018-04-12;6.0;22.5;30.0;20.0;1.0
2018-04-13;2018-04-13;8.0;22.0;33.0;19.0;1.5
2018-04-14;2018-04-14;8.0;29.0;27.0;12.0;1.5
2018-04-15;2018-04-15;7.0;28.0;32.0;13.0;1.0
2018-04-16;2018-04-16;12.0;22.5;26.0;25.0;2.0
2018-04-17;2018-04-17;15.0;35.5;35.0;27.0;2.0
2018-04-18;2018-04-18;19.0;45.5;40.0;17.0;1.0
2018-04-19;2018-04-19;26.0;46.5;34.0;12.0;1.5
2018-04-20;2018-04-20;27.0;53.0;28.0;13.0;1.5
2018-04-21;2018-04-21;25.0;56.5;31.0;18.0;1.0
2018-04-22;2018-04-22;23.0;56.5;31.0;21.0;
2018-04-23;2018-04-23;24.0;52.0;29.5;19.0;
2018-04-24;2018-04-24;23.0;51.0;34.0;23.0;
2018-04-25;2018-04-25;24.0;55.5;29.0;22.0;1.0
2018-04-26;2018-04-26;22.0;54.0;34.0;15.0;1.0
2018-04-27;2018-04-27;14.0;48.5;34.0;8.0;1.0
2018-04-28;2018-04-28;9.0;33.5;33.0;7.0;1.0
2018-04-29;2018-04-29;6.0;22.0;32.0;12.0;1.0
2018-04-30;2018-04-30;5.0;16.0;36.0;10.0;1.0
2018-05-01;2018-05-01;7.0;17.5;36.0;13.0;1.5
2018-05-02;2018-05-02;8.0;26.0;34.0;20.0;1.0
2018-05-03;2018-05-03;8.0;28.5;33.0;11.0;1.0
2018-05-04;2018-05-04;11.0;26.0;36.0;10.0;1.0
2018-05-05;2018-05-05;12.0;35.0;41.0;8.0;1.0
2018-05-06;2018-05-06;13.0;37.5;28.0;20.0;2.0
2018-05-07;2018-05-07;14.0;38.0;26.0;28.0;2.0
2018-05-08;2018-05-08;16.0;39.5;33.0;21.0;1.0
2018-05-09;2018-05-09;12.0;50.5;33.0;14.0;1.0
2018-05-10;2018-05-10;14.0;39.5;32.0;20.0;1.0
2018-05-11;2018-05-11;13.0;43.5;34.0;9.0;1.0
2018-05-12;2018-05-12;7.0;38.5;34.0;7.0;1.0
2018-05-13;2018-05-13;6.0;22.0;34.0;14.0;1.0
2018-05-14;2018-05-14;7.0;19.0;43.0;7.0;1.0
2018-05-15;2018-05-15;11.0;24.0;44.0;12.0;2.0
2018-05-16;2018-05-16;12.0;35.0;47.0;16.0;1.0
2018-05-17;2018-05-17;14.0;36.0;38.0;17.0;1.0
2018-05-18;2018-05-18;13.0;42.0;43.0;13.0;1.0
2018-05-19;2018-05-19;10.0;41.0;46.0;8.0;1.0
2018-05-20;2018-05-20;12.0;32.0;41.0;19.0;1.0
2018-05-21;2018-05-21;12.0;40.0;33.0;25.0;1.0
2018-05-22;2018-05-22;14.0;46.0;43.0;24.0;1.0
2018-05-23;2018-05-23;14.0;50.0;31.0;20.0;1.0
2018-05-24;2018-05-24;13.0;43.0;28.5;24.0;1.0
2018-05-25;2018-05-25;11.0;41.0;35.0;17.0;1.0
2018-05-26;2018-05-26;12.0;41.0;39.5;16.0;1.0
2018-05-27;2018-05-27;12.0;39.0;24.5;21.0;1.0
2018-05-28;2018-05-28;14.0;38.0;23.0;23.0;2.0
2018-05-29;2018-05-29;12.0;45.0;28.0;20.0;2.0
2018-05-30;2018-05-30;13.0;43.0;35.0;17.0;1.0
2018-05-31;2018-05-31;18.0;44.0;30.0;23.0;2.0
2018-06-01;2018-06-01;13.0;53.0;40.0;10.0;1.5
2018-06-02;2018-06-02;14.0;39.0;36.0;12.0;1.0
2018-06-03;2018-06-03;11.0;45.0;29.0;11.0;1.0
2018-06-04;2018-06-04;11.0;34.0;26.0;12.0;1.0
2018-06-05;2018-06-05;9.0;23.0;27.0;16.0;1.0
2018-06-06;2018-06-06;15.0;24.0;30.0;20.0;2.0
2018-06-07;2018-06-07;15.0;39.0;21.0;19.0;1.5
2018-06-08;2018-06-08;12.0;46.0;28.0;14.0;1.0
2018-06-09;2018-06-09;12.0;38.0;26.0;12.0;1.0
2018-06-10;2018-06-10;10.0;37.0;27.0;12.0;1.0
2018-06-11;2018-06-11;11.0;26.0;27.5;18.0;1.0
2018-06-12;2018-06-12;12.0;29.0;32.0;12.0;1.0
2018-06-13;2018-06-13;14.0;31.0;35.0;13.0;1.0
2018-06-14;2018-06-14;17.0;40.0;39.5;20.0;2.0
2018-06-15;2018-06-15;15.0;45.0;38.5;11.0;2.0
2018-06-16;2018-06-16;14.0;36.0;39.5;7.0;2.0
2018-06-17;2018-06-17;13.0;35.0;26.0;11.0;1.0
2018-06-18;2018-06-18;15.0;32.0;40.0;13.0;2.5
2018-06-19;2018-06-19;20.0;40.0;43.5;15.0;2.0
2018-06-20;2018-06-20;23.0;45.0;41.0;17.0;2.0
2018-06-21;2018-06-21;23.0;48.0;46.0;20.0;2.0
2018-06-22;2018-06-22;23.0;53.0;59.5;12.0;1.0
2018-06-23;2018-06-23;34.0;54.0;53.0;12.0;1.0
2018-06-24;2018-06-24;47.5;61.0;57.0;21.5;2.0
2018-06-25;2018-06-25;49.5;74.5;53.0;19.5;2.0
2018-06-26;2018-06-26;43.0;79.0;35.0;19.5;2.0
2018-06-27;2018-06-27;31.0;70.0;34.0;18.0;2.0
2018-06-28;2018-06-28;26.5;61.0;40.0;14.5;2.0
2018-06-29;2018-06-29;25.0;59.0;36.0;9.0;2.0
2018-06-30;2018-06-30;17.0;54.0;34.0;6.5;2.0
2018-07-01;2018-07-01;17.0;39.0;37.0;13.5;2.0
2018-07-02;2018-07-02;19.5;41.0;40.0;19.5;2.0
2018-07-03;2018-07-03;20.5;46.5;35.0;19.5;2.0
2018-07-04;2018-07-04;17.5;49.0;45.0;16.5;2.0
2018-07-05;2018-07-05;19.0;43.5;44.0;17.5;2.0
2018-07-06;2018-07-06;22.5;45.0;48.0;15.0;2.0
2018-07-07;2018-07-07;22.5;54.0;51.0;10.0;2.0
2018-07-08;2018-07-08;22.0;56.5;43.0;17.0;2.0
2018-07-09;2018-07-09;23.5;55.0;53.0;15.5;2.0
2018-07-10;2018-07-10;25.5;56.5;44.0;17.5;2.0
2018-07-11;2018-07-11;24.0;59.0;56.0;17.0;3.0
2018-07-12;2018-07-12;30.5;57.0;44.0;15.5;2.0
2018-07-13;2018-07-13;30.0;63.0;48.0;14.5;2.0
2018-07-14;2018-07-14;23.5;62.0;39.0;9.0;2.0
2018-07-15;2018-07-15;18.5;54.5;48.0;12.5;2.0
2018-07-16;2018-07-16;21.0;47.0;46.0;18.0;2.0
2018-07-17;2018-07-17;30.0;53.0;41.0;19.0;2.0
2018-07-18;2018-07-18;28.5;57.0;38.0;24.0;2.0
2018-07-19;2018-07-19;27.5;60.0;38.0;20.0;2.0
2018-07-20;2018-07-20;18.0;57.0;45.0;6.5;1.0
2018-07-21;2018-07-21;16.0;47.0;54.0;9.0;1.0
2018-07-22;2018-07-22;23.0;45.5;43.0;17.5;1.0
2018-07-23;2018-07-23;23.5;58.5;39.0;19.0;2.0
2018-07-24;2018-07-24;26.0;54.0;43.0;23.5;2.0
2018-07-25;2018-07-25;31.0;53.5;42.0;26.0;2.0
2018-07-26;2018-07-26;28.5;62.0;40.0;24.5;2.0
2018-07-27;2018-07-27;21.0;60.0;48.0;11.0;1.0
2018-07-28;2018-07-28;18.5;53.0;43.0;8.0;1.0
2018-07-29;2018-07-29;20.5;43.0;44.0;19.5;2.0
2018-07-30;2018-07-30;21.5;49.0;50.0;20.0;2.0
2018-07-31;2018-07-31;27.0;56.0;65.0;27.5;2.0
2018-08-01;2018-08-01;35.0;65.5;56.0;31.0;2.0
2018-08-02;2018-08-02;49.5;76.5;49.0;19.0;2.0
2018-08-03;2018-08-03;54.0;90.0;54.0;10.0;2.0
2018-08-04;2018-08-04;46.5;82.0;64.0;8.0;2.0
2018-08-05;2018-08-05;49.5;72.0;54.0;19.5;1.0
2018-08-06;2018-08-06;66.0;80.0;39.0;17.5;2.0
2018-08-07;2018-08-07;52.0;90.0;40.0;13.0;2.0
2018-08-08;2018-08-08;31.5;70.0;48.0;11.5;1.0
2018-08-09;2018-08-09;25.5;53.5;43.0;9.5;1.0
2018-08-10;2018-08-10;32.0;45.5;49.0;10.5;1.0
2018-08-11;2018-08-11;39.0;60.0;45.0;14.0;2.0
2018-08-12;2018-08-12;31.0;70.0;35.0;13.5;2.0
2018-08-13;2018-08-13;19.5;58.0;48.0;10.5;1.0
2018-08-14;2018-08-14;20.0;50.0;48.0;7.0;2.0
2018-08-15;2018-08-15;27.5;52.0;44.0;12.5;2.5
2018-08-16;2018-08-16;22.5;60.5;58.0;10.5;3.0
2018-08-17;2018-08-17;15.5;58.5;50.5;4.5;2.0
2018-08-18;2018-08-18;17.0;50.5;50.0;11.0;2.0
2018-08-19;2018-08-19;20.5;52.0;52.5;14.5;3.0
2018-08-20;2018-08-20;21.0;57.0;29.0;20.0;2.0
2018-08-21;2018-08-21;23.5;56.5;57.0;16.0;2.0
2018-08-22;2018-08-22;28.0;56.0;55.0;23.0;2.0
2018-08-23;2018-08-23;25.5;63.0;51.0;15.5;1.0
2018-08-24;2018-08-24;21.0;63.0;50.5;9.5;1.0
2018-08-25;2018-08-25;20.5;54.0;49.5;10.0;1.0
2018-08-26;2018-08-26;23.0;54.0;54.5;24.5;1.0
2018-08-27;2018-08-27;39.0;61.0;39.0;22.0;1.5
2018-08-28;2018-08-28;38.0;74.0;46.5;21.0;1.5
2018-08-29;2018-08-29;33.0;71.0;50.5;17.0;1.5
2018-08-30;2018-08-30;30.5;63.0;55.5;17.0;1.0
2018-08-31;2018-08-31;27.0;66.0;56.0;14.0;1.0
2018-09-01;2018-09-01;35.0;60.0;49.5;15.0;1.5
2018-09-02;2018-09-02;49.0;69.0;47.0;18.0;2.0
2018-09-03;2018-09-03;48.5;78.0;47.5;20.0;2.0
2018-09-04;2018-09-04;42.5;76.0;37.5;16.5;2.0
2018-09-05;2018-09-05;34.0;66.0;46.5;19.0;2.0
2018-09-06;2018-09-06;26.0;59.0;44.5;14.0;1.0
2018-09-07;2018-09-07;21.5;57.0;32.0;15.0;1.0
2018-09-08;2018-09-08;19.5;52.0;43.5;20.0;1.5
2018-09-09;2018-09-09;15.0;52.0;39.5;14.0;1.0
2018-09-10;2018-09-10;17.5;44.0;37.0;17.0;1.0
2018-09-11;2018-09-11;23.5;49.0;38.0;23.5;2.0
2018-09-12;2018-09-12;26.0;54.0;44.0;31.0;2.0
2018-09-13;2018-09-13;24.0;60.0;43.0;23.0;1.5
2018-09-14;2018-09-14;22.0;53.0;40.0;12.0;1.0
2018-09-15;2018-09-15;15.0;45.0;42.0;15.5;1.0
2018-09-16;2018-09-16;25.5;32.0;33.0;21.5;2.0
2018-09-17;2018-09-17;26.5;48.0;32.0;25.0;2.0
2018-09-18;2018-09-18;26.5;52.0;41.0;31.0;2.0
2018-09-19;2018-09-19;31.0;60.0;35.0;31.5;2.0
2018-09-20;2018-09-20;30.0;64.0;38.0;30.0;2.0
2018-09-21;2018-09-21;26.0;57.0;42.0;21.5;2.0
2018-09-22;2018-09-22;24.5;56.0;53.0;21.5;2.0
2018-09-23;2018-09-23;17.5;53.0;30.0;15.5;2.0
2018-09-24;2018-09-24;21.5;39.0;34.0;23.0;2.0
2018-09-25;2018-09-25;24.0;39.0;28.0;12.5;2.0
2018-09-26;2018-09-26;28.0;46.0;33.0;26.5;2.0
2018-09-27;2018-09-27;30.5;48.0;35.0;30.5;2.5
2018-09-28;2018-09-28;28.5;54.0;42.0;26.0;2.5
2018-09-29;2018-09-29;26.5;58.0;38.0;23.0;2.0
2018-09-30;2018-09-30;19.0;59.0;32.0;15.5;2.0
2018-10-01;2018-10-01;19.0;42.0;29.0;23.0;2.0
2018-10-02;2018-10-02;21.5;33.0;24.0;26.0;2.0
2018-10-03;2018-10-03;24.0;36.0;25.0;32.0;2.5
2018-10-04;2018-10-04;33.0;42.0;30.0;37.0;3.0
2018-10-05;2018-10-05;31.5;58.5;35.0;29.5;2.0
2018-10-06;2018-10-06;21.0;60.5;32.0;6.5;2.0
2018-10-07;2018-10-07;16.0;37.5;26.5;17.0;2.5
2018-10-08;2018-10-08;16.0;21.0;27.5;15.0;3.0
2018-10-09;2018-10-09;17.0;27.0;25.0;24.0;3.0
2018-10-10;2018-10-10;25.0;43.0;16.5;24.0;2.5
2018-10-11;2018-10-11;19.0;58.0;19.0;18.0;2.5
2018-10-12;2018-10-12;21.0;51.0;23.5;27.0;3.0
2018-10-13;2018-10-13;17.0;57.0;28.0;11.0;2.5
2018-10-14;2018-10-14;12.0;47.0;23.5;18.0;3.0
2018-10-15;2018-10-15;20.0;28.0;24.0;27.0;4.0
2018-10-16;2018-10-16;20.0;47.0;24.5;24.0;4.0
2018-10-17;2018-10-17;19.0;46.0;24.0;25.0;3.5
2018-10-18;2018-10-18;13.0;46.0;22.0;21.0;3.5
2018-10-19;2018-10-19;13.0;35.0;23.5;15.0;3.0
2018-10-20;2018-10-20;20.0;33.0;25.0;16.0;3.0
2018-10-21;2018-10-21;31.0;46.0;25.5;32.0;3.0
2018-10-22;2018-10-22;31.0;62.0;29.0;31.0;4.0
2018-10-23;2018-10-23;42.0;62.0;19.0;44.0;4.0
2018-10-24;2018-10-24;43.0;72.0;19.5;42.0;4.0
2018-10-25;2018-10-25;39.0;68.0;9.0;42.0;4.0
2018-10-26;2018-10-26;26.0;71.0;19.5;22.0;4.0
2018-10-27;2018-10-27;12.0;59.0;24.5;13.0;4.0
2018-10-28;2018-10-28;9.0;30.0;26.0;14.0;4.0
2018-10-29;2018-10-29;11.0;21.0;22.5;20.0;3.0
2018-10-30;2018-10-30;12.0;32.0;19.5;18.0;4.0
2018-10-31;2018-10-31;19.0;32.0;20.5;22.0;4.0
2018-11-01;2018-11-01;14.0;50.0;20.5;15.0;4.0
2018-11-02;2018-11-02;16.0;40.0;22.0;27.0;4.5
2018-11-03;2018-11-03;22.0;42.0;19.5;22.0;5.0
2018-11-04;2018-11-04;14.0;62.0;20.5;18.0;4.0
2018-11-05;2018-11-05;12.0;42.0;24.5;16.0;4.0
2018-11-06;2018-11-06;14.0;27.0;22.0;23.0;4.5
2018-11-07;2018-11-07;19.0;36.0;18.5;27.0;5.0
2018-11-08;2018-11-08;13.0;50.0;22.0;11.0;4.0
2018-11-09;2018-11-09;10.0;32.0;24.5;12.0;3.0
2018-11-10;2018-11-10;12.0;22.0;45.0;14.0;3.0
2018-11-11;2018-11-11;17.0;31.0;26.0;28.0;3.5
2018-11-12;2018-11-12;22.0;44.0;10.5;25.0;4.0
2018-11-13;2018-11-13;33.0;49.0;11.5;23.0;3.0
2018-11-14;2018-11-14;25.0;58.0;18.5;22.0;3.0
2018-11-15;2018-11-15;24.0;53.0;12.0;22.0;3.5
2018-11-16;2018-11-16;20.0;54.0;16.0;15.0;3.0
2018-11-17;2018-11-17;17.0;48.0;21.5;13.0;3.0
2018-11-18;2018-11-18;13.0;44.0;22.5;17.0;3.0
2018-11-19;2018-11-19;11.0;30.0;23.5;17.0;3.0
2018-11-20;2018-11-20;13.0;31.0;26.0;20.0;3.0
2018-11-21;2018-11-21;18.0;33.0;18.0;25.0;3.5
2018-11-22;2018-11-22;15.0;43.0;21.5;22.0;4.0
2018-11-23;2018-11-23;21.0;38.0;11.0;26.0;5.0
2018-11-24;2018-11-24;18.0;54.0;21.5;15.0;3.0
2018-11-25;2018-11-25;11.0;50.0;28.0;15.0;3.5
2018-11-26;2018-11-26;19.0;24.0;19.5;29.0;4.0
2018-11-27;2018-11-27;37.0;41.0;6.5;37.0;6.0
2018-11-28;2018-11-28;41.0;79.0;5.0;33.0;5.0
2018-11-29;2018-11-29;30.0;84.0;59.0;28.0;4.0
2018-11-30;2018-11-30;24.0;66.0;140.0;30.0;4.0
2018-12-01;2018-12-01;29.0;57.0;47.0;25.0;4.0
2018-12-02;2018-12-02;38.0;72.0;4.0;26.0;5.0
2018-12-03;2018-12-03;41.0;89.0;5.0;35.0;7.0
2018-12-04;2018-12-04;43.0;87.0;6.0;39.0;6.5
2018-12-05;2018-12-05;44.0;89.0;4.0;31.0;5.0
2018-12-06;2018-12-06;31.0;95.0;8.0;25.0;4.0
2018-12-07;2018-12-07;25.0;75.0;13.5;26.0;3.5
2018-12-08;2018-12-08;37.0;65.0;7.0;35.0;5.0
2018-12-09;2018-12-09;44.5;93.0;4.0;46.5;7.5
2018-12-10;2018-12-10;41.5;92.5;3.0;34.5;5.0
2018-12-11;2018-12-11;36.0;77.5;9.0;27.0;4.5
2018-12-12;2018-12-12;23.0;81.0;27.0;16.5;3.5
2018-12-13;2018-12-13;11.0;62.5;23.0;20.0;4.0
2018-12-14;2018-12-14;20.0;30.0;14.0;26.5;4.0
2018-12-15;2018-12-15;14.0;50.0;19.0;14.0;3.0
2018-12-16;2018-12-16;20.5;38.0;21.0;29.0;4.0
2018-12-17;2018-12-17;27.0;41.0;8.5;31.5;6.0
2018-12-18;2018-12-18;25.0;57.5;12.0;24.5;4.0
2018-12-19;2018-12-19;17.5;61.5;11.0;22.5;4.5
2018-12-20;2018-12-20;19.0;48.5;10.0;22.5;4.0
2018-12-21;2018-12-21;26.0;54.5;7.0;21.5;3.5
2018-12-22;2018-12-22;25.5;71.0;8.0;18.5;4.0
2018-12-23;2018-12-23;30.5;70.5;4.0;29.5;7.0
2018-12-24;2018-12-24;22.0;78.0;6.0;25.0;5.0
2018-12-25;2018-12-25;24.5;63.5;7.0;32.0;5.0
2018-12-26;2018-12-26;38.5;61.0;2.0;34.0;6.0
2018-12-27;2018-12-27;39.5;82.5;7.0;27.5;5.0
2018-12-28;2018-12-28;23.5;86.0;14.0;19.5;4.0
2018-12-29;2018-12-29;18.0;50.0;15.0;23.5;5.0
2018-12-30;2018-12-30;11.0;42.5;15.0;17.0;3.0
2018-12-31;2018-12-31;30.0;;11.0;32.0;9.0
2019-01-01;2019-01-01;35.0;74.0;126.0;39.0;9.0
2019-01-02;2019-01-02;23.0;74.0;13.0;30.0;6.0
2019-01-03;2019-01-03;32.5;49.5;6.0;37.5;7.5
2019-01-04;2019-01-04;34.5;65.0;3.0;37.0;7.0
2019-01-05;2019-01-05;34.0;74.5;7.0;42.0;9.5
2019-01-06;2019-01-06;22.5;83.5;8.0;39.5;9.0
2019-01-07;2019-01-07;27.5;56.0;10.5;36.5;8.0
2019-01-08;2019-01-08;22.0;53.5;10.0;31.5;7.0
2019-01-09;2019-01-09;11.0;46.5;21.0;20.0;5.0
2019-01-10;2019-01-10;22.0;24.5;17.0;35.0;6.0
2019-01-11;2019-01-11;24.5;44.5;18.0;31.0;6.0
2019-01-12;2019-01-12;27.0;57.0;9.0;30.5;6.0
2019-01-13;2019-01-13;51.5;66.5;3.0;54.5;9.5
2019-01-14;2019-01-14;49.5;109.5;10.0;40.0;7.0
2019-01-15;2019-01-15;39.5;92.5;10.5;29.5;5.5
2019-01-16;2019-01-16;42.5;79.5;9.5;28.0;5.0
2019-01-17;2019-01-17;35.5;103.5;11.0;28.0;5.5
2019-01-18;2019-01-18;26.5;82.0;9.0;25.5;4.0
2019-01-19;2019-01-19;17.5;67.5;22.5;16.0;5.0
2019-01-20;2019-01-20;13.5;55.5;16.0;24.0;5.0
2019-01-21;2019-01-21;16.5;37.5;17.0;24.5;4.5
2019-01-22;2019-01-22;10.0;45.0;25.0;10.5;4.0
2019-01-23;2019-01-23;12.0;26.5;25.0;19.0;4.0
2019-01-24;2019-01-24;12.5;24.0;17.5;27.5;5.0
2019-01-25;2019-01-25;16.0;27.5;23.5;25.0;4.5
2019-01-26;2019-01-26;10.0;40.0;27.0;11.0;4.0
2019-01-27;2019-01-27;8.5;29.0;28.0;11.5;4.0
2019-01-28;2019-01-28;10.5;16.5;27.0;15.0;4.5
2019-01-29;2019-01-29;10.5;24.5;29.0;13.5;4.0
2019-01-30;2019-01-30;8.0;23.5;20.0;10.0;4.0
2019-01-31;2019-01-31;7.0;20.0;28.5;12.5;3.0
2019-02-01;2019-02-01;6.0;17.0;30.0;8.0;4.0
2019-02-02;2019-02-02;7.5;16.5;26.5;14.0;5.0
2019-02-03;2019-02-03;23.5;22.0;8.5;37.5;6.0
2019-02-04;2019-02-04;37.0;56.0;9.5;41.0;8.0
2019-02-05;2019-02-05;29.0;74.5;11.0;29.5;5.5
2019-02-06;2019-02-06;34.0;63.0;7.5;33.0;7.0
2019-02-07;2019-02-07;31.5;73.0;16.0;27.5;7.0
2019-02-08;2019-02-08;26.5;68.5;15.5;24.0;5.5
2019-02-09;2019-02-09;17.5;67.5;20.0;10.5;5.0
2019-02-10;2019-02-10;12.0;50.5;24.5;16.0;5.0
2019-02-11;2019-02-11;15.5;26.5;24.5;23.0;6.0
2019-02-12;2019-02-12;26.0;34.5;21.0;29.5;6.5
2019-02-13;2019-02-13;27.5;53.0;20.5;28.5;6.0
2019-02-14;2019-02-14;32.5;55.5;15.0;35.0;6.0
2019-02-15;2019-02-15;31.5;63.5;28.0;20.0;5.0
2019-02-16;2019-02-16;17.5;61.5;34.0;17.5;5.0
2019-02-17;2019-02-17;24.5;41.0;20.0;22.5;5.0
2019-02-18;2019-02-18;36.0;48.5;26.0;26.5;5.0
2019-02-19;2019-02-19;42.0;59.5;28.0;32.0;5.0
2019-02-20;2019-02-20;46.0;66.5;30.0;28.5;6.0
2019-02-21;2019-02-21;41.5;69.5;28.0;36.5;7.5
2019-02-22;2019-02-22;35.5;64.0;24.0;34.0;6.5
2019-02-23;2019-02-23;35.5;61.5;39.0;24.0;5.0
2019-02-24;2019-02-24;34.5;62.0;30.0;39.5;7.0
2019-02-25;2019-02-25;37.0;64.0;31.0;30.5;5.0
2019-02-26;2019-02-26;25.0;69.0;33.0;33.0;5.5
2019-02-27;2019-02-27;27.5;49.5;23.0;38.5;6.0
2019-02-28;2019-02-28;30.0;53.0;38.0;25.5;4.5
2019-03-01;2019-03-01;26.0;56.0;24.0;24.0;4.5
2019-03-02;2019-03-02;21.5;54.0;28.0;21.0;5.0
2019-03-03;2019-03-03;14.5;52.0;23.0;11.5;3.5
2019-03-04;2019-03-04;13.5;35.5;28.0;12.5;4.0
2019-03-05;2019-03-05;13.5;26.0;23.0;14.5;4.0
2019-03-06;2019-03-06;9.0;28.0;26.0;15.5;4.0
2019-03-07;2019-03-07;13.5;19.0;24.0;21.5;4.5
2019-03-08;2019-03-08;14.5;27.0;33.0;21.5;4.5
2019-03-09;2019-03-09;19.5;38.0;26.0;20.0;4.5
2019-03-10;2019-03-10;15.0;55.5;30.0;19.0;4.5
2019-03-11;2019-03-11;14.5;45.5;34.0;20.0;4.5
2019-03-12;2019-03-12;13.5;36.5;36.0;13.0;5.0
2019-03-13;2019-03-13;11.0;31.5;31.0;21.0;5.0
2019-03-14;2019-03-14;17.5;20.5;27.0;33.0;6.5
2019-03-15;2019-03-15;23.0;38.0;37.0;21.5;5.0
2019-03-16;2019-03-16;18.5;47.5;33.0;14.5;4.5
2019-03-17;2019-03-17;17.0;39.0;34.0;10.5;5.0
2019-03-18;2019-03-18;10.0;27.0;37.0;12.5;4.0
2019-03-19;2019-03-19;9.5;16.0;37.0;13.0;4.0
2019-03-20;2019-03-20;12.5;16.0;36.0;19.5;4.5
2019-03-21;2019-03-21;19.5;25.5;39.0;21.5;5.0
2019-03-22;2019-03-22;21.5;44.0;37.0;15.5;4.5
2019-03-23;2019-03-23;20.5;47.0;37.0;11.0;4.5
2019-03-24;2019-03-24;18.0;48.0;40.0;15.0;4.5
2019-03-25;2019-03-25;16.0;38.5;41.0;12.0;4.5
2019-03-26;2019-03-26;15.5;32.5;31.0;24.5;5.0
2019-03-27;2019-03-27;19.0;31.0;40.0;20.5;5.0
2019-03-28;2019-03-28;21.5;37.0;43.0;16.0;4.5
2019-03-29;2019-03-29;18.5;39.0;46.0;13.0;5.0
2019-03-30;2019-03-30;20.0;37.0;31.0;12.0;4.5
2019-03-31;2019-03-31;12.0;45.5;30.0;17.0;4.0
2019-04-01;2019-04-01;15.0;29.5;35.0;21.0;5.5
2019-04-02;2019-04-02;15.5;39.0;40.0;17.0;4.5
2019-04-03;2019-04-03;12.0;38.5;42.0;16.5;5.0
2019-04-04;2019-04-04;10.5;23.0;34.0;17.5;4.0
2019-04-05;2019-04-05;6.0;20.0;37.0;9.0;4.0
2019-04-06;2019-04-06;6.0;18.5;40.0;9.0;2.0
2019-04-07;2019-04-07;7.5;16.5;41.0;14.0;4.5
2019-04-08;2019-04-08;9.0;23.5;36.0;12.5;4.0
2019-04-09;2019-04-09;7.0;20.5;28.5;13.5;5.0
2019-04-10;2019-04-10;9.5;16.5;30.0;18.5;5.0
2019-04-11;2019-04-11;11.5;20.5;35.0;21.0;4.5
2019-04-12;2019-04-12;16.0;27.0;43.0;21.0;5.0
2019-04-13;2019-04-13;14.0;43.5;29.0;12.5;5.0
2019-04-14;2019-04-14;15.5;41.5;29.0;14.5;5.0
2019-04-15;2019-04-15;14.5;43.0;31.0;15.0;5.0
2019-04-16;2019-04-16;17.5;27.5;39.0;9.0;5.0
2019-04-17;2019-04-17;18.0;37.5;43.0;8.0;4.5
2019-04-18;2019-04-18;5.5;37.5;30.0;9.0;4.5
2019-04-19;2019-04-19;10.0;16.0;41.0;6.0;4.0
2019-04-20;2019-04-20;11.5;29.0;38.0;6.5;4.0
2019-04-21;2019-04-21;13.0;29.5;35.0;13.5;4.0
2019-04-22;2019-04-22;14.5;36.5;35.0;14.5;4.5
2019-04-23;2019-04-23;6.5;41.0;27.0;16.5;4.5
2019-04-24;2019-04-24;7.5;16.5;28.0;10.5;4.0
2019-04-25;2019-04-25;9.0;17.5;29.0;13.5;4.0
2019-04-26;2019-04-26;12.0;19.5;20.5;23.5;5.0
2019-04-27;2019-04-27;13.5;30.0;42.0;13.0;4.5
2019-04-28;2019-04-28;11.0;35.0;40.0;16.0;4.5
2019-04-29;2019-04-29;13.0;29.5;40.0;15.5;4.5
2019-04-30;2019-04-30;13.5;30.0;29.0;7.5;4.0
2019-05-01;2019-05-01;9.5;29.5;50.0;7.5;4.0
2019-05-02;2019-05-02;11.5;26.0;36.0;10.0;2.0
2019-05-03;2019-05-03;8.5;28.5;43.0;7.0;4.0
2019-05-04;2019-05-04;8.0;19.5;42.0;7.5;4.0
2019-05-05;2019-05-05;10.5;19.0;46.0;18.5;4.5
2019-05-06;2019-05-06;16.0;24.0;34.0;11.0;4.5
2019-05-07;2019-05-07;13.0;36.0;32.0;7.0;4.0
2019-05-08;2019-05-08;11.5;24.5;33.0;10.5;4.5
2019-05-09;2019-05-09;10.0;19.5;24.0;8.0;4.0
2019-05-10;2019-05-10;12.5;20.5;44.0;11.0;3.0
2019-05-11;2019-05-11;11.0;28.0;38.0;8.0;3.0
2019-05-12;2019-05-12;10.0;21.0;34.0;17.0;3.0
2019-05-13;2019-05-13;13.5;22.5;42.0;16.5;4.0
2019-05-14;2019-05-14;19.0;29.0;38.0;20.5;4.0
2019-05-15;2019-05-15;16.0;41.0;31.0;13.0;3.0
2019-05-16;2019-05-16;19.0;37.5;31.0;10.0;3.0
2019-05-17;2019-05-17;7.5;30.0;37.0;6.5;3.0
2019-05-18;2019-05-18;6.0;16.0;42.0;8.0;3.0
2019-05-19;2019-05-19;8.5;17.0;37.0;14.0;4.5
2019-05-20;2019-05-20;11.0;20.5;46.0;17.0;4.5
2019-05-21;2019-05-21;13.5;28.5;51.0;15.0;4.5
2019-05-22;2019-05-22;20.5;35.0;45.0;21.0;4.0
2019-05-23;2019-05-23;18.0;48.5;38.0;9.5;4.0
2019-05-24;2019-05-24;10.0;37.5;36.0;5.5;4.0
2019-05-25;2019-05-25;8.0;23.5;35.0;6.5;3.0
2019-05-26;2019-05-26;9.5;20.0;36.0;14.5;4.0
2019-05-27;2019-05-27;11.0;24.0;41.0;8.5;3.0
2019-05-28;2019-05-28;10.5;22.5;32.0;8.5;4.0
2019-05-29;2019-05-29;10.0;20.5;37.0;11.5;3.0
2019-05-30;2019-05-30;12.0;21.5;52.0;15.5;4.0
2019-05-31;2019-05-31;18.0;25.0;55.0;12.5;4.0
2019-06-01;2019-06-01;17.5;35.5;56.0;11.0;3.0
2019-06-02;2019-06-02;20.5;37.5;51.0;19.5;4.0
2019-06-03;2019-06-03;22.0;48.0;38.0;11.0;4.0
2019-06-04;2019-06-04;16.0;44.0;35.0;8.0;3.0
2019-06-05;2019-06-05;12.5;29.5;42.0;12.0;3.5
2019-06-06;2019-06-06;14.5;24.0;38.0;10.5;5.0
2019-06-07;2019-06-07;10.5;25.0;45.0;8.0;4.0
2019-06-08;2019-06-08;19.0;22.0;40.0;7.5;4.0
2019-06-09;2019-06-09;13.5;35.5;41.0;13.0;4.0
2019-06-10;2019-06-10;12.5;28.0;36.0;9.5;4.0
2019-06-11;2019-06-11;9.5;27.5;44.0;13.5;4.0
2019-06-12;2019-06-12;16.0;18.5;46.0;14.0;4.5
2019-06-13;2019-06-13;19.0;29.5;34.0;14.0;4.5
2019-06-14;2019-06-14;15.5;37.0;41.0;8.0;4.0
2019-06-15;2019-06-15;14.0;29.5;42.0;14.0;4.0
2019-06-16;2019-06-16;19.0;30.0;38.0;19.0;5.0
2019-06-17;2019-06-17;20.0;40.0;33.0;15.0;4.0
2019-06-18;2019-06-18;18.0;42.0;22.0;9.5;4.0
2019-06-19;2019-06-19;16.5;32.0;24.0;12.0;4.0
2019-06-20;2019-06-20;15.5;30.0;33.0;11.0;4.0
2019-06-21;2019-06-21;14.0;33.0;40.0;10.5;4.0
2019-06-22;2019-06-22;22.0;31.0;39.0;16.0;4.0
2019-06-23;2019-06-23;24.5;51.5;33.0;13.0;4.0
2019-06-24;2019-06-24;23.5;48.0;23.0;15.0;4.0
2019-06-25;2019-06-25;31.5;41.0;41.0;14.5;4.0
2019-06-26;2019-06-26;44.0;56.5;39.0;13.0;4.0
2019-06-27;2019-06-27;43.0;64.0;43.0;14.5;4.0
2019-06-28;2019-06-28;27.0;58.0;62.0;12.0;4.0
2019-06-29;2019-06-29;29.5;48.0;50.0;11.0;3.0
2019-06-30;2019-06-30;32.0;54.0;45.0;15.0;5.0
2019-07-01;2019-07-01;28.5;57.0;57.0;13.5;5.0
2019-07-02;2019-07-02;26.5;53.0;49.0;11.0;5.0
2019-07-03;2019-07-03;27.0;53.0;45.0;9.5;4.0
2019-07-04;2019-07-04;30.0;50.0;45.0;14.5;4.5
2019-07-05;2019-07-05;22.0;51.5;42.0;12.5;4.5
2019-07-06;2019-07-06;18.0;47.0;44.0;10.5;4.5
2019-07-07;2019-07-07;20.5;38.5;41.0;11.5;4.5
2019-07-08;2019-07-08;17.5;41.0;51.0;11.5;4.5
2019-07-09;2019-07-09;14.5;37.0;60.0;14.0;4.5
2019-07-10;2019-07-10;21.0;33.5;65.0;25.5;4.5
2019-07-11;2019-07-11;28.5;45.5;58.0;22.0;4.0
2019-07-12;2019-07-12;46.0;53.5;42.0;14.5;4.0
2019-07-13;2019-07-13;38.5;66.5;40.0;6.0;5.0
2019-07-14;2019-07-14;17.0;61.0;46.0;14.0;5.0
2019-07-15;2019-07-15;19.0;46.0;52.0;13.0;5.0
2019-07-16;2019-07-16;27.5;41.0;50.0;14.5;4.5
2019-07-17;2019-07-17;25.0;52.0;69.0;14.5;5.0
2019-07-18;2019-07-18;25.0;50.5;57.0;14.0;5.0
2019-07-19;2019-07-19;27.0;50.0;59.0;7.5;3.0
2019-07-20;2019-07-20;33.0;50.5;51.0;6.0;4.0
2019-07-21;2019-07-21;36.0;55.5;41.0;10.5;4.0
2019-07-22;2019-07-22;32.5;55.5;51.0;11.5;5.0
2019-07-23;2019-07-23;31.0;51.0;54.0;15.5;5.0
2019-07-24;2019-07-24;31.0;53.0;38.0;18.0;5.0
2019-07-25;2019-07-25;26.0;59.0;30.0;14.0;4.0
2019-07-26;2019-07-26;13.0;48.0;28.0;8.0;4.0
2019-07-27;2019-07-27;10.0;25.0;36.0;5.0;3.0
2019-07-28;2019-07-28;14.0;19.0;27.0;13.0;2.0
2019-07-29;2019-07-29;14.0;29.0;36.0;10.0;2.0
2019-07-30;2019-07-30;20.0;30.0;23.0;6.0;2.0
2019-07-31;2019-07-31;28.5;37.0;41.0;9.0;2.0
2019-08-01;2019-08-01;25.0;57.5;54.0;13.0;2.0
2019-08-02;2019-08-02;22.5;51.5;52.0;11.5;2.0
2019-08-03;2019-08-03;21.0;51.5;46.0;10.5;2.0
2019-08-04;2019-08-04;21.5;49.5;43.0;14.0;2.0
2019-08-05;2019-08-05;20.0;50.5;42.0;11.0;4.0
2019-08-06;2019-08-06;16.0;42.0;27.0;8.0;4.0
2019-08-07;2019-08-07;13.0;30.0;28.0;7.0;4.0
2019-08-08;2019-08-08;13.0;28.0;14.0;4.0;3.0
2019-08-09;2019-08-09;11.0;25.0;40.0;5.0;3.0
2019-08-10;2019-08-10;13.0;26.0;42.0;6.0;3.0
2019-08-11;2019-08-11;12.0;32.0;38.0;7.0;3.0
2019-08-12;2019-08-12;12.0;25.0;40.0;8.0;3.0
2019-08-13;2019-08-13;14.0;22.0;49.0;13.0;2.5
2019-08-14;2019-08-14;17.0;32.5;44.0;10.5;2.5
2019-08-15;2019-08-15;14.0;39.5;42.0;7.0;2.0
2019-08-16;2019-08-16;17.0;37.0;42.0;13.5;2.5
2019-08-17;2019-08-17;17.0;41.0;41.0;13.0;3.0
2019-08-18;2019-08-18;12.0;39.0;32.0;10.0;4.0
2019-08-19;2019-08-19;13.0;32.0;35.0;6.0;3.0
2019-08-20;2019-08-20;14.0;31.0;41.0;7.5;3.0
2019-08-21;2019-08-21;18.5;36.0;45.0;13.5;4.0
2019-08-22;2019-08-22;17.5;43.0;54.0;19.0;3.0
2019-08-23;2019-08-23;18.0;47.5;60.0;17.0;5.0
2019-08-24;2019-08-24;18.5;51.0;44.0;7.5;3.0
2019-08-25;2019-08-25;16.5;51.5;31.0;9.5;3.5
2019-08-26;2019-08-26;15.5;47.5;46.0;12.5;3.5
2019-08-27;2019-08-27;18.5;48.5;56.0;23.0;3.0
2019-08-28;2019-08-28;21.5;54.5;58.0;23.0;3.5
2019-08-29;2019-08-29;20.5;55.0;54.0;16.0;3.5
2019-08-30;2019-08-30;19.5;50.0;53.0;23.0;3.0
2019-08-31;2019-08-31;20.5;52.0;44.0;20.0;3.5
2019-09-01;2019-09-01;15.0;52.5;44.0;12.0;3.0
2019-09-02;2019-09-02;18.0;39.5;46.0;17.0;3.0
2019-09-03;2019-09-03;19.0;38.5;55.0;18.5;3.0
2019-09-04;2019-09-04;17.0;43.0;30.0;7.0;3.0
2019-09-05;2019-09-05;9.0;30.5;35.0;10.0;3.0
2019-09-06;2019-09-06;11.0;15.5;43.0;8.0;3.0
2019-09-07;2019-09-07;13.0;23.0;43.0;9.0;3.0
2019-09-08;2019-09-08;16.0;26.0;40.0;15.0;3.5
2019-09-09;2019-09-09;14.0;32.5;28.0;9.0;4.0
2019-09-10;2019-09-10;9.5;26.5;36.0;8.5;3.0
2019-09-11;2019-09-11;13.5;16.0;35.0;14.0;3.5
2019-09-12;2019-09-12;18.5;25.5;31.0;15.0;3.0
2019-09-13;2019-09-13;14.0;30.0;26.0;11.0;4.0
2019-09-14;2019-09-14;16.0;32.0;25.0;13.0;4.0
2019-09-15;2019-09-15;18.0;38.5;33.0;20.5;3.0
2019-09-16;2019-09-16;23.0;40.0;45.0;19.5;3.0
2019-09-17;2019-09-17;16.5;55.5;31.0;20.0;3.0
2019-09-18;2019-09-18;19.5;36.0;36.0;21.0;3.0
2019-09-19;2019-09-19;23.5;41.0;28.0;13.0;2.5
2019-09-20;2019-09-20;23.0;50.5;23.0;13.0;3.0
2019-09-21;2019-09-21;19.0;51.5;23.0;9.0;3.0
2019-09-22;2019-09-22;12.0;49.0;23.0;20.0;3.5
2019-09-23;2019-09-23;17.0;30.0;30.0;19.5;3.0
2019-09-24;2019-09-24;14.0;38.0;26.0;15.5;3.0
2019-09-25;2019-09-25;14.0;32.0;28.0;21.0;3.0
2019-09-26;2019-09-26;21.5;30.0;28.0;30.0;3.0
2019-09-27;2019-09-27;16.0;45.5;34.0;26.5;3.5
2019-09-28;2019-09-28;19.0;32.5;33.0;21.0;3.0
2019-09-29;2019-09-29;18.0;48.0;27.0;28.5;3.5
2019-09-30;2019-09-30;22.5;40.0;18.0;28.5;4.0
2019-10-01;2019-10-01;16.0;46.5;30.0;12.5;2.5
2019-10-02;2019-10-02;14.0;32.0;21.0;24.5;3.0
2019-10-03;2019-10-03;21.5;27.0;8.5;30.5;4.0
2019-10-04;2019-10-04;19.0;40.0;35.0;19.5;2.5
2019-10-05;2019-10-05;16.5;40.5;34.0;20.0;3.0
2019-10-06;2019-10-06;15.0;36.5;21.0;32.5;4.0
2019-10-07;2019-10-07;20.5;34.5;27.0;31.5;4.0
2019-10-08;2019-10-08;22.0;35.5;29.0;26.0;4.0
2019-10-09;2019-10-09;18.5;49.0;30.0;24.0;3.0
2019-10-10;2019-10-10;25.0;36.0;27.0;24.5;3.0
2019-10-11;2019-10-11;23.5;53.5;25.0;11.0;2.5
2019-10-12;2019-10-12;19.5;48.0;30.0;15.5;3.0
2019-10-13;2019-10-13;22.0;41.0;27.0;12.5;3.0
2019-10-14;2019-10-14;7.5;49.0;20.0;13.5;3.0
2019-10-15;2019-10-15;10.0;18.5;21.0;19.0;3.0
2019-10-16;2019-10-16;14.5;21.5;11.0;22.0;3.0
2019-10-17;2019-10-17;11.0;33.0;12.0;15.0;3.0
2019-10-18;2019-10-18;9.0;31.5;22.0;10.5;2.5
2019-10-19;2019-10-19;6.5;22.5;21.0;8.0;4.0
2019-10-20;2019-10-20;6.5;18.0;19.0;20.0;3.5
2019-10-21;2019-10-21;8.0;18.0;14.0;19.0;3.0
2019-10-22;2019-10-22;7.5;19.5;14.0;15.5;3.0
2019-10-23;2019-10-23;7.0;22.5;15.0;21.0;3.0
2019-10-24;2019-10-24;19.5;20.5;15.0;31.0;4.5
2019-10-25;2019-10-25;25.5;50.0;19.0;28.5;4.5
2019-10-26;2019-10-26;19.0;61.5;20.0;25.0;5.0
2019-10-27;2019-10-27;21.0;50.5;25.0;28.5;4.5
2019-10-28;2019-10-28;29.5;55.5;7.0;30.0;4.0
2019-10-29;2019-10-29;43.5;68.5;19.0;26.0;3.5
2019-10-30;2019-10-30;16.5;98.5;16.0;15.0;3.0
2019-10-31;2019-10-31;12.0;45.5;12.5;8.0;3.0
2019-11-01;2019-11-01;12.5;33.5;19.5;5.5;3.0
2019-11-02;2019-11-02;8.0;32.5;28.0;5.0;3.0
2019-11-03;2019-11-03;8.0;20.5;22.0;8.0;3.0
2019-11-04;2019-11-04;7.0;17.0;18.0;12.5;3.5
2019-11-05;2019-11-05;6.0;16.0;17.0;14.5;3.0
2019-11-06;2019-11-06;8.0;15.5;18.0;12.5;4.0
2019-11-07;2019-11-07;6.0;18.5;19.0;11.5;5.0
2019-11-08;2019-11-08;6.0;14.0;24.0;9.5;5.0
2019-11-09;2019-11-09;6.0;15.5;26.0;10.0;3.5
2019-11-10;2019-11-10;7.5;17.0;19.0;22.0;4.0
2019-11-11;2019-11-11;11.0;20.0;20.0;21.0;5.0
2019-11-12;2019-11-12;9.0;27.5;19.0;11.0;4.0
2019-11-13;2019-11-13;7.0;22.5;16.0;11.5;5.0
2019-11-14;2019-11-14;5.0;21.0;16.0;14.5;5.0
2019-11-15;2019-11-15;6.0;13.0;22.0;13.0;3.5
2019-11-16;2019-11-16;8.0;16.5;18.0;12.5;3.5
2019-11-17;2019-11-17;7.5;20.5;17.0;23.0;4.5
2019-11-18;2019-11-18;15.5;22.5;9.0;32.0;5.5
2019-11-19;2019-11-19;19.0;42.0;6.0;27.5;4.5
2019-11-20;2019-11-20;18.5;51.0;3.5;26.5;5.0
2019-11-21;2019-11-21;9.5;58.5;18.5;20.5;3.5
2019-11-22;2019-11-22;6.0;26.5;31.0;9.0;4.0
2019-11-23;2019-11-23;7.0;15.5;28.0;9.0;4.0
2019-11-24;2019-11-24;9.0;18.5;20.0;14.0;5.0
2019-11-25;2019-11-25;10.5;25.5;19.0;16.5;3.5
2019-11-26;2019-11-26;10.0;26.0;23.0;11.0;4.0
2019-11-27;2019-11-27;11.0;22.0;22.0;13.5;6.0
2019-11-28;2019-11-28;10.5;22.5;21.0;14.0;6.0
2019-11-29;2019-11-29;10.5;27.5;22.0;11.0;6.0
2019-11-30;2019-11-30;7.5;28.0;17.0;14.0;6.0
2019-12-01;2019-12-01;6.0;23.5;22.0;13.0;6.0
2019-12-02;2019-12-02;6.5;16.0;20.0;15.5;4.5
2019-12-03;2019-12-03;8.0;20.5;17.0;20.5;6.0
2019-12-04;2019-12-04;7.5;24.0;10.5;15.5;6.0
2019-12-05;2019-12-05;8.5;19.5;19.0;15.5;4.5
2019-12-06;2019-12-06;20.0;25.0;7.0;24.0;5.0
2019-12-07;2019-12-07;23.0;59.5;2.0;23.0;4.5
2019-12-08;2019-12-08;20.0;64.0;8.0;21.0;4.0
2019-12-09;2019-12-09;32.0;59.0;2.0;29.0;4.5
2019-12-10;2019-12-10;20.5;76.0;9.5;20.5;4.5
2019-12-11;2019-12-11;8.5;50.5;23.0;15.0;4.5
2019-12-12;2019-12-12;6.0;23.5;26.0;12.0;4.5
2019-12-13;2019-12-13;7.5;16.5;23.0;13.5;4.0
2019-12-14;2019-12-14;7.0;22.5;22.0;16.5;4.0
2019-12-15;2019-12-15;12.0;23.5;16.0;16.5;4.0
2019-12-16;2019-12-16;12.0;35.5;18.0;18.0;4.0
2019-12-17;2019-12-17;12.5;38.5;15.0;23.0;4.5
2019-12-18;2019-12-18;8.5;34.5;23.0;17.5;4.0
2019-12-19;2019-12-19;5.5;27.0;24.0;11.5;2.0
2019-12-20;2019-12-20;7.5;21.0;24.5;5.0;6.0
2019-12-21;2019-12-21;13.0;22.5;24.0;6.0;2.0
2019-12-22;2019-12-22;14.0;30.0;22.0;23.0;5.0
2019-12-23;2019-12-23;20.5;35.5;6.0;29.0;6.0
2019-12-24;2019-12-24;15.0;56.5;9.0;21.5;5.5
2019-12-25;2019-12-25;19.0;52.0;7.5;25.0;6.0
2019-12-26;2019-12-26;13.5;57.0;10.0;28.0;8.0
2019-12-27;2019-12-27;24.0;35.5;5.0;33.5;8.5
2019-12-28;2019-12-28;18.5;64.0;9.0;31.5;4.5
2019-12-29;2019-12-29;;55.0;;;
2019-12-31;2019-12-31;35.5;;5.0;28.5;4.0
2020-01-01;2020-01-01;28.0;98.0;4.0;28.0;6.0
2020-01-02;2020-01-02;45.0;74.0;1.0;32.0;5.5
2020-01-03;2020-01-03;10.0;110.0;19.0;17.0;2.5
2020-01-04;2020-01-04;13.0;31.0;11.0;22.0;3.5
2020-01-05;2020-01-05;19.0;38.0;8.0;25.0;4.0
2020-01-06;2020-01-06;31.0;60.0;2.0;38.5;5.5
2020-01-07;2020-01-07;35.0;75.5;5.0;45.0;6.0
2020-01-08;2020-01-08;31.5;76.0;8.0;38.0;4.5
2020-01-09;2020-01-09;13.5;73.0;28.0;21.5;2.0
2020-01-10;2020-01-10;10.5;37.0;19.0;24.5;3.0
2020-01-11;2020-01-11;25.0;30.0;9.0;32.5;3.5
2020-01-12;2020-01-12;32.5;71.0;10.0;36.5;4.5
2020-01-13;2020-01-13;29.5;81.5;15.0;32.5;3.0
2020-01-14;2020-01-14;33.0;77.5;3.0;37.0;3.0
2020-01-15;2020-01-15;33.0;80.0;13.0;31.5;3.0
2020-01-16;2020-01-16;15.0;73.5;25.0;21.5;2.0
2020-01-17;2020-01-17;12.0;39.5;20.0;24.0;2.0
2020-01-18;2020-01-18;6.0;44.0;27.0;12.0;2.0
2020-01-19;2020-01-19;7.5;17.5;25.0;12.5;2.0
2020-01-20;2020-01-20;6.0;16.5;23.0;12.0;2.0
2020-01-21;2020-01-21;18.0;16.0;23.0;18.5;2.5
2020-01-22;2020-01-22;47.0;37.0;19.0;19.5;2.0
2020-01-23;2020-01-23;32.0;68.0;16.0;20.0;1.5
2020-01-24;2020-01-24;16.5;56.0;18.0;16.5;2.0
2020-01-25;2020-01-25;12.0;44.5;21.0;17.0;2.0
2020-01-26;2020-01-26;12.5;43.5;21.0;20.5;2.0
2020-01-27;2020-01-27;7.5;40.0;21.0;11.0;2.0
2020-01-28;2020-01-28;10.0;18.5;20.0;12.5;2.0
2020-01-29;2020-01-29;12.0;22.0;23.0;14.5;2.0
2020-01-30;2020-01-30;9.0;32.5;22.0;13.5;2.0
2020-01-31;2020-01-31;6.0;24.0;20.0;9.0;2.0
2020-02-01;2020-02-01;14.0;19.0;11.0;15.0;
2020-02-02;2020-02-02;37.0;44.5;8.0;21.5;4.0
2020-02-03;2020-02-03;43.0;72.5;13.0;28.5;5.5
2020-02-04;2020-02-04;11.0;77.5;23.0;25.5;3.0
2020-02-05;2020-02-05;22.5;27.5;12.0;28.0;2.5
2020-02-06;2020-02-06;27.5;52.5;14.0;25.5;2.0
2020-02-07;2020-02-07;32.0;64.0;17.0;24.5;2.0
2020-02-08;2020-02-08;21.5;73.5;17.0;18.5;2.0
2020-02-09;2020-02-09;19.5;60.0;12.0;23.5;2.0
2020-02-10;2020-02-10;33.5;55.5;3.0;25.5;2.0
2020-02-11;2020-02-11;30.5;83.0;1.0;22.5;1.5
2020-02-12;2020-02-12;22.0;79.5;15.0;19.0;2.0
2020-02-13;2020-02-13;26.5;60.0;9.0;22.5;2.0
2020-02-14;2020-02-14;26.5;66.5;19.0;22.0;2.0
2020-02-15;2020-02-15;21.0;69.0;23.0;19.5;2.0
2020-02-16;2020-02-16;13.5;62.0;13.0;18.0;2.0
2020-02-17;2020-02-17;13.5;44.0;16.0;20.0;2.5
2020-02-18;2020-02-18;13.0;35.5;23.0;21.0;2.5
2020-02-19;2020-02-19;25.0;33.5;12.0;34.0;3.5
2020-02-20;2020-02-20;23.0;56.0;22.0;32.0;2.5
2020-02-21;2020-02-21;25.0;47.0;21.0;32.5;3.0
2020-02-22;2020-02-22;17.5;55.0;29.0;26.5;2.5
2020-02-23;2020-02-23;22.5;44.5;26.0;31.0;2.5
2020-02-24;2020-02-24;21.0;52.0;28.0;27.0;3.0
2020-02-25;2020-02-25;10.5;49.0;29.0;11.5;2.0
2020-02-26;2020-02-26;57.5;22.5;26.0;14.5;2.0
2020-02-27;2020-02-27;56.5;58.5;21.0;26.5;2.5
2020-02-28;2020-02-28;38.0;75.5;29.0;11.0;2.0
2020-02-29;2020-02-29;8.5;51.0;26.0;5.5;2.0
2020-03-01;2020-03-01;6.5;19.5;30.0;7.0;2.0
2020-03-02;2020-03-02;10.0;16.5;21.0;13.0;1.0
2020-03-03;2020-03-03;8.5;26.5;23.0;11.0;2.0
2020-03-04;2020-03-04;9.5;23.5;32.0;9.5;2.0
2020-03-05;2020-03-05;6.0;22.5;31.0;10.5;2.0
2020-03-06;2020-03-06;9.0;14.5;30.0;16.5;2.0
2020-03-07;2020-03-07;11.5;21.5;26.0;18.0;2.5
2020-03-08;2020-03-08;10.5;37.0;30.0;17.0;2.5
2020-03-09;2020-03-09;19.0;27.5;26.0;32.5;2.5
2020-03-10;2020-03-10;25.0;49.0;20.0;31.0;2.5
2020-03-11;2020-03-11;23.0;56.5;21.0;27.0;2.5
2020-03-12;2020-03-12;21.0;51.0;31.0;20.0;2.0
2020-03-13;2020-03-13;15.5;55.5;38.0;10.0;2.0
2020-03-14;2020-03-14;14.0;42.5;32.0;6.5;2.0
2020-03-15;2020-03-15;6.0;38.0;25.0;8.0;2.5
2020-03-16;2020-03-16;6.5;19.0;30.0;9.0;2.0
2020-03-17;2020-03-17;22.0;21.5;22.0;15.0;2.5
2020-03-18;2020-03-18;21.0;50.0;33.0;10.0;2.5
2020-03-19;2020-03-19;30.0;46.0;28.0;5.5;1.5
2020-03-20;2020-03-20;12.5;46.0;27.0;6.0;1.5
2020-03-21;2020-03-21;6.0;32.5;29.0;4.5;2.0
2020-03-22;2020-03-22;6.0;18.5;27.0;9.0;2.0
2020-03-23;2020-03-23;9.0;21.5;27.0;6.5;2.5
2020-03-24;2020-03-24;13.5;26.5;31.0;8.0;1.0
2020-03-25;2020-03-25;10.5;34.5;35.0;12.0;2.0
2020-03-26;2020-03-26;10.5;30.5;34.0;6.5;2.0
2020-03-27;2020-03-27;7.5;37.5;37.0;7.5;2.0
2020-03-28;2020-03-28;9.0;27.5;14.0;16.5;2.0
2020-03-29;2020-03-29;8.0;33.0;;6.0;
2020-03-30;2020-03-30;4.0;26.0;;13.0;
2020-03-31;2020-03-31;7.0;17.0;30.0;9.5;2.0
2020-04-01;2020-04-01;7.5;25.0;29.0;10.0;2.0
2020-04-02;2020-04-02;9.0;25.5;36.0;9.0;2.0
2020-04-03;2020-04-03;9.0;28.5;34.0;7.5;2.0
2020-04-04;2020-04-04;10.5;30.0;34.0;4.0;2.0
2020-04-05;2020-04-05;8.0;34.0;26.0;6.0;2.0
2020-04-06;2020-04-06;7.5;27.0;23.0;7.5;1.5
2020-04-07;2020-04-07;13.5;28.0;30.0;8.5;2.5
2020-04-08;2020-04-08;12.5;43.5;29.0;7.0;2.0
2020-04-09;2020-04-09;10.5;41.5;22.0;4.0;2.0
2020-04-10;2020-04-10;11.0;41.5;29.0;3.0;3.0
2020-04-11;2020-04-11;12.5;39.0;38.0;3.0;3.0
2020-04-12;2020-04-12;12.0;43.0;35.0;6.5;2.0
2020-04-13;2020-04-13;11.0;45.0;27.0;9.0;2.0
2020-04-14;2020-04-14;7.5;41.5;30.0;6.5;2.0
2020-04-15;2020-04-15;8.5;24.5;27.0;7.0;1.0
2020-04-16;2020-04-16;9.0;26.5;30.0;7.5;1.5
2020-04-17;2020-04-17;10.5;24.5;38.0;7.0;2.0
2020-04-18;2020-04-18;6.0;32.0;38.0;4.0;2.0
2020-04-19;2020-04-19;9.5;23.0;29.0;8.0;2.0
2020-04-20;2020-04-20;5.5;26.5;31.0;5.0;2.0
2020-04-21;2020-04-21;7.0;16.5;34.0;8.0;2.0
2020-04-22;2020-04-22;9.5;21.0;31.0;6.5;2.0
2020-04-23;2020-04-23;9.5;32.0;34.0;6.5;1.5
2020-04-24;2020-04-24;11.0;33.5;39.0;3.5;1.0
2020-04-25;2020-04-25;13.0;34.5;33.0;2.0;1.5
2020-04-26;2020-04-26;9.0;36.5;34.0;4.5;2.0
2020-04-27;2020-04-27;8.0;26.0;31.0;4.5;2.5
2020-04-28;2020-04-28;8.0;24.0;30.0;6.0;2.0
2020-04-29;2020-04-29;8.5;21.0;31.0;3.0;2.0
2020-04-30;2020-04-30;7.5;24.0;27.0;1.0;2.0
2020-05-01;2020-05-01;9.0;20.0;25.0;3.5;2.5
2020-05-02;2020-05-02;11.0;27.0;33.0;6.0;1.5
2020-05-03;2020-05-03;22.5;33.5;32.0;7.0;1.5
2020-05-04;2020-05-04;8.0;46.5;37.0;4.5;2.0
2020-05-05;2020-05-05;11.0;20.5;45.0;10.5;2.5
2020-05-06;2020-05-06;20.0;27.5;35.0;7.0;2.0
2020-05-07;2020-05-07;14.0;38.0;42.0;4.5;1.5
2020-05-08;2020-05-08;16.0;32.0;38.0;2.5;2.0
2020-05-09;2020-05-09;6.5;43.5;31.0;1.0;2.0
2020-05-10;2020-05-10;5.5;16.5;29.0;3.0;1.5
2020-05-11;2020-05-11;8.0;16.0;32.0;7.0;2.0
2020-05-12;2020-05-12;8.0;25.0;35.0;5.0;1.5
2020-05-13;2020-05-13;7.0;24.5;33.0;8.0;2.0
2020-05-14;2020-05-14;6.0;22.0;30.0;5.0;2.0
2020-05-15;2020-05-15;7.0;19.0;31.0;3.0;1.0
2020-05-16;2020-05-16;11.0;23.0;39.0;2.5;2.0
2020-05-17;2020-05-17;11.0;33.0;42.0;9.5;1.5
2020-05-18;2020-05-18;10.5;32.5;43.0;9.0;1.5
2020-05-19;2020-05-19;10.5;33.0;42.0;9.0;1.5
2020-05-20;2020-05-20;13.0;31.0;50.0;11.5;2.0
2020-05-21;2020-05-21;20.0;36.5;45.0;9.5;2.5
2020-05-22;2020-05-22;17.5;54.0;44.0;6.0;2.0
2020-05-23;2020-05-23;14.0;50.0;42.0;2.0;2.5
2020-05-24;2020-05-24;19.0;37.0;33.0;7.0;2.5
2020-05-25;2020-05-25;11.5;45.0;34.0;6.0;2.0
2020-05-26;2020-05-26;14.0;33.5;38.0;6.5;2.5
2020-05-27;2020-05-27;13.5;34.0;40.0;6.0;2.5
2020-05-28;2020-05-28;15.5;36.0;47.0;10.0;2.5
2020-05-29;2020-05-29;17.5;42.5;51.0;9.0;3.0
2020-05-30;2020-05-30;17.5;44.5;45.0;5.0;2.0
2020-05-31;2020-05-31;16.0;47.0;44.0;9.0;2.5
2020-06-01;2020-06-01;23.0;44.0;42.0;11.5;2.5
2020-06-02;2020-06-02;24.0;56.0;33.0;10.0;3.0
2020-06-03;2020-06-03;15.0;51.0;37.0;7.0;2.0
2020-06-04;2020-06-04;11.0;41.0;35.0;7.5;2.0
2020-06-05;2020-06-05;14.5;29.0;33.0;4.0;2.0
2020-06-06;2020-06-06;11.0;38.0;28.0;3.5;3.0
2020-06-07;2020-06-07;7.5;32.0;32.0;5.0;2.0
2020-06-08;2020-06-08;7.0;18.5;35.0;6.0;2.0
2020-06-09;2020-06-09;10.0;22.0;37.0;8.0;2.0
2020-06-10;2020-06-10;17.0;26.0;35.0;8.0;3.0
2020-06-11;2020-06-11;11.0;32.0;28.0;5.0;2.0
2020-06-12;2020-06-12;8.0;19.0;38.0;4.5;2.0
2020-06-13;2020-06-13;11.0;24.0;37.0;5.5;2.0
2020-06-14;2020-06-14;12.0;29.0;34.0;8.5;2.5
2020-06-15;2020-06-15;8.0;31.0;28.0;6.0;2.0
2020-06-16;2020-06-16;10.0;18.0;32.0;7.0;2.0
2020-06-17;2020-06-17;12.0;27.0;34.0;8.5;3.0
2020-06-18;2020-06-18;17.0;27.0;38.0;8.5;2.0
2020-06-19;2020-06-19;14.0;42.0;39.0;10.5;2.0
2020-06-20;2020-06-20;15.0;37.0;42.0;9.5;2.5
2020-06-21;2020-06-21;19.0;39.0;62.0;12.5;3.0
2020-06-22;2020-06-22;24.0;45.0;106.0;14.5;2.5
2020-06-23;2020-06-23;26.0;53.0;38.0;14.0;2.0
2020-06-24;2020-06-24;26.0;51.5;46.0;10.0;2.5
2020-06-25;2020-06-25;22.0;54.0;36.0;10.0;2.0
2020-06-26;2020-06-26;12.0;43.0;35.0;7.0;2.5
2020-06-27;2020-06-27;11.0;33.0;36.0;5.5;2.5
2020-06-28;2020-06-28;16.0;28.0;42.0;13.0;2.5
2020-06-29;2020-06-29;25.0;41.0;45.0;11.5;2.5
2020-06-30;2020-06-30;21.0;56.0;33.0;12.0;2.5
2020-07-01;2020-07-01;14.0;49.0;29.0;10.5;2.5
2020-07-02;2020-07-02;12.0;29.0;46.0;6.5;3.0
2020-07-03;2020-07-03;11.0;26.0;58.0;5.5;2.5
2020-07-04;2020-07-04;13.0;27.0;52.0;4.5;3.0
2020-07-05;2020-07-05;16.0;30.0;41.0;8.0;3.0
2020-07-06;2020-07-06;19.0;36.0;44.0;11.5;2.5
2020-07-07;2020-07-07;40.0;41.0;34.0;12.5;2.5
2020-07-08;2020-07-08;27.5;61.0;43.0;7.0;3.0
2020-07-09;2020-07-09;20.0;51.5;74.0;10.5;3.0
2020-07-10;2020-07-10;23.0;41.5;49.0;7.0;3.5
2020-07-11;2020-07-11;26.0;53.0;43.0;3.5;3.0
2020-07-12;2020-07-12;18.5;56.5;46.0;7.5;3.5
2020-07-13;2020-07-13;19.5;41.0;45.0;8.5;2.5
2020-07-14;2020-07-14;17.0;42.0;45.0;8.0;2.5
2020-07-15;2020-07-15;14.0;38.0;56.0;10.0;3.0
2020-07-16;2020-07-16;12.0;33.0;49.0;8.0;3.0
2020-07-17;2020-07-17;16.0;25.0;57.0;7.5;3.5
2020-07-18;2020-07-18;20.0;35.5;55.0;10.0;3.5
2020-07-19;2020-07-19;40.0;46.5;39.0;16.0;4.0
2020-07-20;2020-07-20;36.0;60.5;44.0;13.0;4.0
2020-07-21;2020-07-21;26.0;63.0;59.0;11.5;4.0
2020-07-22;2020-07-22;25.5;54.0;64.0;16.5;4.5
2020-07-23;2020-07-23;24.0;55.0;53.0;12.5;4.5
2020-07-24;2020-07-24;19.5;53.5;55.0;6.0;4.5
2020-07-25;2020-07-25;21.0;46.5;56.0;12.5;4.0
2020-07-26;2020-07-26;27.5;57.0;52.0;15.5;4.5
2020-07-27;2020-07-27;34.0;56.5;47.0;15.5;3.0
2020-07-28;2020-07-28;28.5;62.5;55.0;14.5;4.0
2020-07-29;2020-07-29;36.0;56.5;39.0;9.5;3.0
2020-07-30;2020-07-30;26.0;56.0;49.0;16.5;3.5
2020-07-31;2020-07-31;17.5;50.5;44.0;15.0;5.0
2020-08-01;2020-08-01;18.0;45.5;45.0;5.5;3.0
2020-08-02;2020-08-02;9.0;50.0;37.0;5.5;2.5
2020-08-03;2020-08-03;11.0;20.0;49.0;6.5;3.0
2020-08-04;2020-08-04;16.5;23.5;52.0;11.0;3.5
2020-08-05;2020-08-05;28.5;36.5;45.0;15.5;3.5
2020-08-06;2020-08-06;26.0;52.5;46.0;11.0;3.0
2020-08-07;2020-08-07;26.0;45.0;40.0;14.0;3.0
2020-08-08;2020-08-08;30.5;48.5;42.0;11.0;3.5
2020-08-09;2020-08-09;32.0;54.5;32.0;13.5;3.0
2020-08-10;2020-08-10;23.5;59.0;23.0;10.5;2.5
2020-08-11;2020-08-11;15.5;52.0;41.0;9.0;2.0
2020-08-12;2020-08-12;18.0;37.5;48.0;13.0;2.5
2020-08-13;2020-08-13;18.0;45.5;57.0;15.5;2.5
2020-08-14;2020-08-14;10.0;47.5;36.0;6.0;2.0
2020-08-15;2020-08-15;8.5;28.0;35.0;4.5;2.5
2020-08-16;2020-08-16;11.0;24.0;31.0;7.5;2.0
2020-08-17;2020-08-17;12.5;27.0;28.0;9.5;2.0
2020-08-18;2020-08-18;14.0;29.5;30.0;12.0;2.5
2020-08-19;2020-08-19;18.0;37.0;36.0;16.0;3.0
2020-08-20;2020-08-20;12.0;38.0;20.0;7.0;2.5
2020-08-21;2020-08-21;11.5;31.5;39.0;6.0;2.5
2020-08-22;2020-08-22;12.0;35.5;46.0;7.5;3.0
2020-08-23;2020-08-23;17.5;32.5;50.0;10.0;3.0
2020-08-24;2020-08-24;22.5;40.0;52.0;15.0;3.5
2020-08-25;2020-08-25;24.0;52.5;51.0;20.5;3.5
2020-08-26;2020-08-26;23.5;54.0;47.0;19.5;3.0
2020-08-27;2020-08-27;16.0;48.5;36.0;10.0;3.0
2020-08-28;2020-08-28;10.0;38.0;26.0;3.0;3.0
2020-08-29;2020-08-29;6.0;20.0;29.0;2.5;2.5
2020-08-30;2020-08-30;9.5;16.0;38.0;10.0;3.0
2020-08-31;2020-08-31;20.0;23.0;38.0;24.0;3.0
2020-09-01;2020-09-01;16.0;38.0;44.0;15.5;2.5
2020-09-02;2020-09-02;17.5;34.0;51.0;19.5;3.0
2020-09-03;2020-09-03;23.0;38.5;44.0;22.0;3.0
2020-09-04;2020-09-04;19.0;44.0;48.0;22.0;3.0
2020-09-05;2020-09-05;18.5;42.0;45.0;9.0;3.0
2020-09-06;2020-09-06;17.0;41.5;29.0;7.5;2.5
2020-09-07;2020-09-07;13.0;33.5;33.0;9.0;2.5
2020-09-08;2020-09-08;17.0;24.5;43.0;19.0;3.0
2020-09-09;2020-09-09;16.0;32.0;45.0;15.0;4.0
2020-09-10;2020-09-10;17.5;36.0;64.0;18.0;3.5
2020-09-11;2020-09-11;18.0;40.0;56.0;16.0;3.5
2020-09-12;2020-09-12;18.5;39.5;40.0;10.0;2.5
2020-09-13;2020-09-13;19.0;39.5;37.0;8.0;4.0
2020-09-14;2020-09-14;25.0;32.0;41.0;12.5;2.0
2020-09-15;2020-09-15;25.0;53.0;36.0;17.0;2.5
2020-09-16;2020-09-16;22.0;52.0;24.0;13.5;2.0
2020-09-17;2020-09-17;14.0;54.0;13.0;14.5;2.5
2020-09-18;2020-09-18;7.0;33.0;25.0;6.0;3.0
2020-09-19;2020-09-19;9.0;21.0;31.0;6.0;2.5
2020-09-20;2020-09-20;14.0;22.0;39.0;13.0;3.0
2020-09-21;2020-09-21;13.5;36.5;37.0;16.5;3.0
2020-09-22;2020-09-22;11.5;34.0;29.0;12.5;2.5
2020-09-23;2020-09-23;10.0;32.0;33.0;10.0;2.5
2020-09-24;2020-09-24;8.0;35.5;32.0;7.5;2.5
2020-09-25;2020-09-25;7.0;19.0;31.0;8.5;2.5
2020-09-26;2020-09-26;5.0;20.5;33.0;5.5;2.5
2020-09-27;2020-09-27;14.5;17.5;32.0;24.0;3.0
2020-09-28;2020-09-28;19.0;31.0;37.0;29.5;3.0
2020-09-29;2020-09-29;20.0;42.0;46.0;27.0;3.5
2020-09-30;2020-09-30;13.0;44.0;34.0;15.5;2.5
2020-10-01;2020-10-01;7.5;32.0;30.0;8.5;5.0
2020-10-02;2020-10-02;6.5;18.0;31.0;5.5;3.0
2020-10-03;2020-10-03;9.0;17.0;28.0;6.0;3.0
2020-10-04;2020-10-04;9.0;23.5;30.0;11.5;2.0
2020-10-05;2020-10-05;14.0;19.0;24.0;21.0;2.0
2020-10-06;2020-10-06;17.5;30.5;27.0;24.5;3.0
2020-10-07;2020-10-07;18.5;42.0;26.0;27.5;1.0
2020-10-08;2020-10-08;20.5;44.5;37.0;28.0;
2020-10-09;2020-10-09;16.0;49.0;33.0;11.5;
2020-10-10;2020-10-10;6.5;41.5;33.0;4.5;
2020-10-11;2020-10-11;5.5;14.0;37.0;6.5;
2020-10-12;2020-10-12;15.0;14.0;34.0;23.5;1.0
2020-10-13;2020-10-13;9.0;32.0;29.0;13.5;
2020-10-14;2020-10-14;11.0;18.5;30.0;16.5;
2020-10-15;2020-10-15;12.0;20.5;28.0;19.5;
2020-10-16;2020-10-16;18.5;28.0;32.0;22.0;1.0
2020-10-17;2020-10-17;21.0;38.5;37.0;23.0;1.0
2020-10-18;2020-10-18;29.0;44.5;29.0;25.5;1.0
2020-10-19;2020-10-19;25.5;47.0;23.0;21.5;1.0
2020-10-20;2020-10-20;10.0;50.5;27.0;14.5;
2020-10-21;2020-10-21;10.5;25.5;22.0;15.0;
2020-10-22;2020-10-22;10.0;30.5;27.0;17.0;
2020-10-23;2020-10-23;12.5;29.0;28.0;15.5;1.0
2020-10-24;2020-10-24;7.5;36.0;26.0;7.5;1.0
2020-10-25;2020-10-25;6.5;24.5;28.0;12.0;1.0
2020-10-26;2020-10-26;9.5;16.5;27.0;14.5;2.0
2020-10-27;2020-10-27;17.0;25.0;11.0;21.0;1.0
2020-10-28;2020-10-28;20.5;41.5;14.0;22.5;1.0
2020-10-29;2020-10-29;24.0;57.5;16.0;26.5;1.0
2020-10-30;2020-10-30;21.5;61.5;24.0;23.0;1.0
2020-10-31;2020-10-31;27.0;56.0;26.0;24.0;1.0
2020-11-01;2020-11-01;26.0;73.0;19.0;21.5;1.0
2020-11-02;2020-11-02;16.5;71.5;23.0;19.0;1.0
2020-11-03;2020-11-03;6.0;46.0;23.0;12.5;1.0
2020-11-04;2020-11-04;8.0;17.0;19.0;18.0;1.0
2020-11-05;2020-11-05;50.5;27.0;20.0;14.0;1.0
2020-11-06;2020-11-06;12.0;57.5;28.0;12.0;
2020-11-07;2020-11-07;11.5;28.5;24.0;18.0;1.0
2020-11-08;2020-11-08;15.5;36.5;19.0;23.5;1.0
2020-11-09;2020-11-09;15.5;53.0;17.0;24.5;1.0
2020-11-10;2020-11-10;20.5;44.5;14.0;26.5;1.0
2020-11-11;2020-11-11;23.0;53.0;12.0;26.5;1.0
2020-11-12;2020-11-12;20.0;61.0;19.0;26.0;1.0
2020-11-13;2020-11-13;25.0;55.0;8.0;25.5;1.0
2020-11-14;2020-11-14;15.0;68.5;14.0;13.0;1.0
2020-11-15;2020-11-15;16.5;47.5;15.0;23.0;1.0
2020-11-16;2020-11-16;24.5;46.5;7.0;23.5;2.0
2020-11-17;2020-11-17;26.0;62.0;8.0;24.0;1.0
2020-11-18;2020-11-18;21.5;65.5;17.0;20.0;2.0
2020-11-19;2020-11-19;9.5;53.0;22.0;21.0;1.0
2020-11-20;2020-11-20;12.5;22.0;22.0;21.0;1.0
2020-11-21;2020-11-21;18.0;36.5;19.0;23.5;1.0
2020-11-22;2020-11-22;26.0;49.5;9.0;30.0;1.0
2020-11-23;2020-11-23;29.0;61.5;9.0;30.5;2.0
2020-11-24;2020-11-24;31.5;70.0;14.0;28.5;2.0
2020-11-25;2020-11-25;18.0;72.0;22.0;23.0;1.0
2020-11-26;2020-11-26;11.5;48.5;16.0;24.5;1.0
2020-11-27;2020-11-27;13.0;32.5;20.0;18.0;1.0
2020-11-28;2020-11-28;15.5;41.5;18.0;18.0;1.0
2020-11-29;2020-11-29;15.5;51.0;13.0;24.5;1.0
2020-11-30;2020-11-30;14.0;41.0;17.0;25.0;1.0
2020-12-01;2020-12-01;10.0;35.0;27.0;20.0;1.0
2020-12-02;2020-12-02;14.0;25.0;25.0;23.0;1.0
2020-12-03;2020-12-03;8.0;36.0;27.0;14.5;1.0
2020-12-04;2020-12-04;5.5;19.0;26.0;9.5;1.0
2020-12-05;2020-12-05;6.5;16.0;27.0;8.0;1.0
2020-12-06;2020-12-06;7.5;15.5;30.0;7.0;1.0
2020-12-07;2020-12-07;5.0;20.5;29.0;6.5;1.0
2020-12-08;2020-12-08;7.5;14.0;27.0;16.5;1.0
2020-12-09;2020-12-09;9.0;20.5;24.0;13.0;1.0
2020-12-10;2020-12-10;8.5;22.0;30.0;8.5;1.0
2020-12-11;2020-12-11;10.5;24.5;31.0;8.5;1.0
2020-12-12;2020-12-12;16.5;22.5;16.0;18.0;1.0
2020-12-13;2020-12-13;20.0;43.5;15.0;22.0;1.0
2020-12-14;2020-12-14;8.5;51.0;27.0;16.0;1.0
2020-12-15;2020-12-15;15.0;22.0;14.0;26.0;1.0
2020-12-16;2020-12-16;19.0;36.5;11.0;27.0;2.0
2020-12-17;2020-12-17;26.5;53.0;3.0;28.0;1.5
2020-12-18;2020-12-18;15.5;68.5;16.0;16.5;1.0
2020-12-19;2020-12-19;14.0;52.0;18.0;16.5;1.0
2020-12-20;2020-12-20;22.0;41.5;9.0;22.5;1.5
2020-12-21;2020-12-21;24.0;54.0;3.0;23.0;1.0
2020-12-22;2020-12-22;19.5;58.5;21.0;21.5;1.0
2020-12-23;2020-12-23;15.0;52.0;20.0;14.5;1.0
2020-12-24;2020-12-24;5.5;46.0;24.0;9.0;1.0
2020-12-25;2020-12-25;11.5;18.5;21.0;20.5;1.0
2020-12-26;2020-12-26;13.0;33.0;21.0;18.5;1.0
2020-12-27;2020-12-27;6.0;42.5;26.0;9.0;1.0
2020-12-28;2020-12-28;8.0;15.0;17.0;13.0;2.5
2020-12-29;2020-12-29;5.0;17.0;29.0;12.0;1.0
2020-12-30;2020-12-30;8.0;15.0;24.0;15.0;1.0
2020-12-31;2020-12-31;4.0;27.0;29.0;8.0;1.0
