[
    {
        "cod": "40",
        "costa": "Costa de Galicia"
    },
    {
        "cod": "41",
        "costa": "Costa de Asturias, Cantabria y Pa\u00eds Vasco"
    },
    {
        "cod": "42",
        "costa": "Costa de Andaluc\u00eda Occidental y Ceuta"
    },
    {
        "cod": "43",
        "costa": "Costa de las Islas Canarias"
    },
    {
        "cod": "44",
        "costa": "Costa de Illes Balears"
    },
    {
        "cod": "45",
        "costa": "Costa de Catalu\u00f1a"
    },
    {
        "cod": "46",
        "costa": "Costa de Valencia y Murcia"
    },
    {
        "cod": "47",
        "costa": "Costa de Andaluc\u00eda Oriental y Melilla"
    }
]