{
    "4386B": "LLERENA",
    "9121X": "HARO (AUTOMATICA)",
    "1223P": "RONZÓN",
    "0429X": "FIGUERES  LES ASPRES",
    "1049N": "ELGETA",
    "1495": "VIGO/PEINADOR",
    "9460X": "SABIÑANIGO (AUTOMATICA)",
    "2166Y": "PEÑAFIEL(FABRICA DE QUESOS)",
    "1489A": "A LAMA",
    "B248": "SIERRA DE ALFABIA",
    "7119B": "CARAVACA FUENTES DEL MARQUÉS",
    "1437O": "MONTE IROITE",
    "4347X": "ZORITA",
    "1089U": "RAMALES DE LA VICTORIA-ETAP",
    "1056K": "FORUA-GAITOKA",
    "1740": "ALTAMIRA",
    "4499X": "MONESTERIO (AUTOMATICA)",
    "2491C": "LA COVATILLA  ESTACIÓN DE ESQUÍ",
    "9211F": "BAILO PUYLATO",
    "B569X": "CAPDEPERA-FARO",
    "B334X": "LLUCMAJOR II",
    "9336D": "CASTEJON DE VALDEJASA",
    "7066Y": "EMBALSE DE LA FUENSANTA (AUTOMÁTICA)",
    "7247X": "PINOSO",
    "2867": "SALAMANCA/MATACAN",
    "0281Y": "BLANES JARDIN BOTANICO",
    "9677": "PORT AINE  L?ORRI",
    "7275C": "YECLA",
    "5402": "CÓRDOBA/AEROPUERTO",
    "C117A": "PUNTAGORDA",
    "4096Y": "MUNERA  SAN BARTOLOMÉ (AUTOMÁTICA)",
    "4549Y": "AYAMONTE  ISLA CANELA",
    "8439X": "SEGORBE  MASIA HOYA",
    "2503X": "OLMEDO",
    "2883R": "LEDESMA-ESTACAS",
    "6058I": "ESTEPONA",
    "2465": "SEGOVIA",
    "1700X": "O CARBALLIÑO",
    "C259X": "LA OLIVA-PUERTO DE CORRALEJO",
    "0413A": "MA\u00c7ANET DE CABRENYS",
    "1535I": "EVC_O SAVIÑAO",
    "2742R": "BUSTILLO DEL PÁRAMO-LAS MATILLAS",
    "6069X": "BENAHAVIS (LA ZAGALETA - AUTOMATICA)",
    "7080X": "BENIZAR",
    "5279X": "LINARES (VOR - AUTOMATICA)",
    "C129V": "FUENCALIENTE-SALINAS",
    "1518A": "LUGO-COL.FINGOI",
    "5769X": "CALA",
    "4090Y": "SAN CLEMENTE",
    "1078I": "GÜEÑES",
    "4244X": "HERRERA DEL DUQUE",
    "9136X": "ANGUIANO  VALVANERA ",
    "0372C": "PORQUERES",
    "3469A": "CÁCERES",
    "B684A": "ESCORCA-SON TORRELLA",
    "9550C": "ANDORRA  HORCALLANA",
    "9843A": "SEIRA",
    "B908X": "SANT JOAN DE LABRITJA ",
    "C139E": "LA PALMA/AEROPUERTO",
    "5733X": "ALMADEN PLATA (LAS NAVAS AUTOMATICA)",
    "4070Y": "ABIA DE OBISPALIA",
    "9729X": "MOLLERUSSA",
    "9647X": "TOR\u00c0",
    "1466A": "SILLEDA",
    "9918Y": "TAMARITE DE LITERA  LA MELUSA",
    "1631E": "POBRA DE TRIVES SAN MAMEDE",
    "1174I": "TAMA",
    "C656V": "TEROR-OSORIO",
    "8283X": "ONTINYENT",
    "C625O": "SAN BARTOLOME TIRAJANA-LOMO PEDRO ALFONSO",
    "4067": "MADRIDEJOS",
    "2400E": "PALENCIA-AUTILLA PINO",
    "9990X": "ARTIES",
    "C328W": "HERMIGUA-DEPÓSITO AYUNTAMIENTO",
    "6199B": "VELEZ MALAGA (AUTOMATICA)",
    "1010X": "VERA DE BIDASOA",
    "7203A": "ZARZILLA DE RAMOS",
    "C018J": "TIAS-LAS VEGAS",
    "8059C": "ALCOY",
    "0073X": "SITGES-VALLCARCA",
    "5998X": "OSUNA  SEA",
    "6032X": "RONDA  IES",
    "4575X": "VALVERDE CAMINO (CH.GUADIANA AUTOMATICA)",
    "2777K": "SANTIBAÑEZ DE VIDRIALES",
    "9638D": "COLL DE NARGÓ",
    "3455X": "JARAICEJO",
    "3099Y": "OCAÑA",
    "9069C": "MIRANDA DE EBRO",
    "2604B": "MEDINA DE RIOSECO",
    "B957": "EIVISSA",
    "C612F": "TEJEDA-CRUZ DE TEJEDA",
    "1002Y": "IRURITA",
    "6056X": "SAN ROQUE  SOTOGRANDE",
    "0201X": "BARCELONA  DRASSANES",
    "8472A": "ARENOS-PANTANO",
    "8178D": "ALBACETE OBS.",
    "5060X": "TOPARES",
    "C639U": "SAN BARTOLOME TIRAJANA (EL MATORRAL)",
    "8446Y": "SAGUNTO (MONTIVER PONTAZGO - SEMIAUTOMATICA)",
    "3512X": "MONTEHERMOSO",
    "3209Y": "BRIHUEGA",
    "2882D": "EVC_PEÑAUSENDE",
    "9707": "LLIMIANA",
    "4075Y": "VILLARES DEL SAZ",
    "1331A": "CASTROPOL",
    "9287A": "SAN PEDRO MANRIQUE",
    "0244X": "VILASSAR DE DALT",
    "3434X": "NAVALMORAL DE LA MATA",
    "9051": "MEDINA DE POMAR",
    "4358X": "DON BENITO",
    "4452": "BADAJOZ/TALAVERA LA REAL",
    "5341C": "FUENCALIENTE",
    "4395X": "VILLAFRANCA DE LOS BARROS",
    "3362Y": "CASTILLO BAYUELA",
    "7138B": "JUMILLA  EL ALBAL",
    "5654X": "LA PUEBLA DE LOS INFANTES",
    "3254Y": "MORA DE TOLEDO (AUTOMÁTICA)",
    "9263D": "PAMPLONA/NOAIN",
    "9188": "ENCISO",
    "3423I": "MADRIGAL DE LA VERA",
    "5429X": "CÓRDOBA  PRAGDENA",
    "5164B": "BAEZA",
    "C317B": "AGULO-JUEGO BOLAS",
    "1387": "A CORUÑA",
    "C629X": "PUERTO DE MOGÁN",
    "4245X": "GUADALUPE (AUTOMATICA)",
    "3044X": "CAÑIZARES",
    "2624C": "RIAÑO-ERMITA QUINTANILLA",
    "4210Y": "ABENOJAR (AUTOMATICA)",
    "5281X": "BAILÉN",
    "C916Q": "PINAR-DEPÓSITO",
    "3494U": "NUÑOMORAL",
    "9995Y": "VALCARLOS",
    "2946X": "SAELICES EL CHICO",
    "5972X": "SAN FERNANDO",
    "1473A": "PADRÓN",
    "9263X": "ILUNDAIN",
    "0016A": "REUS/AEROPUERTO",
    "9908X": "LANAJA (DGA AUTOMATICA)",
    "4527X": "AROCHE (MASERA - AUTOMATICA)",
    "4236Y": "PUERTO REY",
    "7067Y": "CAÑADAS DEL NERPIO",
    "C929I": "EL HIERRO/AEROPUERTO",
    "1069Y": "URKIOLA (SANTUARIO)",
    "7178I": "MURCIA",
    "1078C": "BALMASEDA-SALINILLAS",
    "2611D": "VILLAFÁFILA",
    "2243A": "AGUILAR DE CAMPOO",
    "1124E": "VILLACARRIEDO - SANTIBAÑEZ",
    "3547X": "VALVERDE DE FRESNO",
    "2701D": "MIÑERA DE LUNA-EMBALSE",
    "9344C": "ARCOS DE JALÓN-COEX",
    "0034X": "VALLS",
    "3229Y": "TIELMES",
    "5858X": "ALMONTE  DOÑANA ",
    "0106X": "BALSARENY",
    "C611E": "SAN MATEO (CORRAL DE LOS JUNCOS)",
    "C314Z": "VALLEHERMOSO-ALTO IGUALERO",
    "8416Y": "VALENCIA DT",
    "9935X": "VALDERROBRES (COMARCAL - AUTOMATICA)",
    "1706A": "ALLARIZ-RIMELO",
    "5625X": "LA RAMBLA   PRIVILEGIO",
    "C315P": "VALLEHERMOSO-CHIPUDE C.F.",
    "4267X": "HINOJOSA DEL DUQUE",
    "C419X": "ADEJE-CALDERA B",
    "9374X": "SANTA EULALIA  DEL CAMPO  COMARCAL",
    "5995B": "VEJER DE LA FRONTERA",
    "1207U": "GIJÓN-CAMPUS",
    "9590": "MARTINET",
    "3103": "PANTANO EL VADO",
    "2885K": "FRESNO DE SAYAGO",
    "9619": "LA SEO D?URGELL",
    "4478X": "BADAJOZ CMT",
    "4468X": "PUEBLA DE OBANDO (AUTOMATICA)",
    "B362X": "CAMPOS-CAN SION ",
    "0201D": "BARCELONA CMT",
    "C048W": "TINAJO-LOS DOLORES",
    "3130C": "SIGÜENZA",
    "C329Z": "SAN SEBASTIÁN DE LA GOMERA",
    "2456B": "AREVALO",
    "B278": "PALMA DE MALLORCA/SON SANT JOAN",
    "6143X": "COIN (AUTOMATICA)",
    "1283U": "CABO BUSTO",
    "3330Y": "ROZAS DE PUERTO REAL",
    "8319X": "BUÑOL",
    "5390Y": "VILLANUEVA DE CÓRDOBA",
    "1344X": "MONDOÑEDO",
    "2517A": "FUENTE EL SOL",
    "1025X": "ARRIARAN",
    "B605X": "MURO-S?ALBUFERA ",
    "2296A": "OLVEGA-CAMINO VEGAFRÍA",
    "C648C": "AGÜIMES-EL MILANO",
    "5210X": "VILLANUEVA DEL ARZOBISPO",
    "5983X": "MEDINA SIDONIA (EL HUNDIDO - AUTOMATICA)",
    "2298": "PALACIOS DE LA SIERRA",
    "C468B": "SAN JUAN RAMBLA-MIRADOR MAZAPÉ",
    "5996B": "BARBATE  DEPURADORA",
    "B691Y": "SA POBLA-SA CANOVA",
    "2969U": "MESÓN EROSA",
    "2471Y": "SAN RAFAEL",
    "9145X": "LEZA (DFA2)",
    "1178Y": "SOTO DE VALDEÓN (AUTOMATICA)",
    "4089A": "ALBERCA DE ZANCARA",
    "9632X": "JOSA-TUIXEN",
    "9145Y": "CENICERO (BODEGAS - AUTOMATICA)",
    "8458X": "CEDRILLAS  ANTENAS",
    "9573X": "ALCAÑIZ",
    "9354X": "ALHAMA DE ARAGON",
    "1033X": "ARESO (GUEREÑOENEA - AUTOMATICA)",
    "C319W": "VALLEHERMOSO-DAMA",
    "3319D": "PUERTO EL PICO",
    "4148": "VISO DEL MARQUÉS",
    "6045X": "ALPANDEIRE",
    "1730E": "O ROSAL",
    "1410X": "SOBRADO DOS MONXES",
    "6084X": "FUENGIROLA",
    "3021Y": "ZAOREJAS",
    "6375X": "FUENTE DE PIEDRA ",
    "3475X": "CAÑAVERAL",
    "B986": "FORMENTERA",
    "6076X": "MARBELLA (PUERTO BANUS - AUTOMATICA)",
    "3170Y": "ALCALA DE HENARES-ENCÍN",
    "9381I": "CALAMOCHA",
    "8025": "ALICANTE",
    "3125Y": "SAN SEBASTIAN DE LOS REYES",
    "C458A": "TACORONTE-A S.E.A.",
    "8005X": "FONTANARS - CASA DELS CUPS",
    "6268X": "MOTRIL CLUB NAÚTICO",
    "1387E": "A CORUÑA/ALVEDRO",
    "8381X": "ADEMUZ",
    "2873X": "BARBADILLO",
    "9855E": "LAGUARRES",
    "7195X": "CARAVACA (LOS ROYOS- AUT.)",
    "1696O": "BEARIZ",
    "B373X": "CAMPOS-SALINES  LEVANT",
    "9775X": "EL SOLER\u00c0S",
    "9563X": "CASTELLFORT",
    "0284X": "CASTELL PLATJA D?ARO",
    "C449C": "SANTA CRUZ DE TENERIFE ",
    "B275C": "MARRATXI-ES PINARET",
    "9574X": "CASPE (COMARCAL - AUTOMATICA)",
    "1302F": "DEGAÑA  COTO CORTÉS",
    "0009X": "ALFORJA",
    "4325X": "CASTUERA (AUTOMATICA)",
    "4263X": "VALSEQUILLO",
    "9718X": "TORDERA - GRANYANELLA",
    "4486X": "OLIVENZA",
    "B825B": "MERCADAL",
    "C248E": "ANTIGUA-EL CARBÓN",
    "C129Z": "TAZACORTE",
    "9207": "HECHO",
    "2017Y": "BARRIOMARTIN-EL ROBLEDO",
    "C249I": "FUERTEVENTURA/AEROPUERTO",
    "6364X": "ALBOX",
    "C649R": "TELDE-MELENARA",
    "7002Y": "ÁGUILAS",
    "9585": "LA MOLINA",
    "1351": "ESTACA DE BARES",
    "3503": "GUIJO DE GRANADILLA",
    "2503B": "OLMEDO  DEPÓSITO AGUA",
    "7072Y": "SEGE",
    "5790Y": "TABLADA",
    "9302Y": "TUDELA  AUTOMATICA",
    "2661B": "LEÓN/AEROPUERTO",
    "5270B": "JAÉN",
    "6172O": "MÁLAGA PUERTO",
    "C428T": "ARICO-DEPURADORA LA DEGOLLADA",
    "1060X": "AMURRIO (INSTITUTO)",
    "6272X": "CASTELL DEL FERRO",
    "9352A": "ALMAZUL",
    "9427X": "LA ALMUNIA DE DOÑA GODINA",
    "4260": "PERALEDA DEL ZAUCEJO",
    "7237E": "MOLINA DE SEGURA (LOS VALIENTES)",
    "B228": "PALMA-PORTOPÍ",
    "B087X": "BANYALBUFAR ",
    "C659H": "LAS PALMAS G.C. SAN CRISTÓBAL",
    "6268Y": "MOTRIL PUERTO NAÚTICO",
    "B662X": "BINISSALEM-SA VINYOTA",
    "B013X": "LLUC",
    "2811A": "NAVARREDONDA DE GREDOS",
    "C406G": "CAÑADAS PARADOR",
    "5702X": "CARMONA  VILLEGAS",
    "4121": "CIUDAD REAL",
    "8072Y": "BARX",
    "B760X": "POLLEN\u00c7A-POLIESPORTIU",
    "9274X": "IRURTZUN",
    "1442U": "BOIRO",
    "2092": "BURGO DE OSMA-POZUELOS",
    "4436Y": "ALMENDRALEJO",
    "5470": "FUENTE PALMERA-LOS ARROYONES",
    "4138Y": "VILLANUEVA DE LOS INFANTES",
    "6001": "TARIFA",
    "6201X": "ALGARROBO (LA MAYORA - AUTOMATICA)",
    "0076": "BARCELONA/AEROPUERTO",
    "9838B": "BENASQUE",
    "C623I": "SAN BARTOLOME TIRAJANA (CUEVAS DEL PINAR)",
    "8325X": "POLINYA",
    "1074C": "AMOREBIETA-SAN MIGUEL DUDEA",
    "2401X": "PALENCIA-GRANJA VIÑALTA",
    "2512Y": "RIVILLA DE BARAJAS",
    "9434P": "ZARAGOZA-VALDESPARTERA",
    "2914C": "BOADILLA FUENTE SAN ESTEBAN",
    "6281X": "VÁLOR",
    "C939T": "SABINOSA-BALNEARIO",
    "8050X": "JÁVEA  AYUNTAMIENTO",
    "4608X": "EL CAMPILLO  EL ZUMAJO ",
    "0363X": "SANT HILARI",
    "3158D": "EVC_CAMPISABALOS",
    "0042Y": "TARRAGONA  FAC. GEOGRAFIA",
    "4541X": "EL GRANADO (BOCACHANZA - AUTOMÁTICA)",
    "1400": "FISTERRA",
    "C439J": "TENERIFE-GÜIMAR",
    "C619Y": "LA ALDEA DE SAN NICOLAS",
    "9228T": "RONCESVALLES",
    "B301": "LLUCMAJOR-RADAR",
    "3013": "MOLINA DE ARAGÓN",
    "1064L": "OROZCO- IBARRA",
    "9546B": "HIJAR  DEPÓSITO",
    "9257X": "EUGUI",
    "2235U": "CERVERA DE PISUERGA",
    "3245Y": "TEMBLEQUE",
    "2422": "VALLADOLID",
    "8337X": "TURIS",
    "8416X": "VALENCIA UPV",
    "3391": "SOTILLO DE LA ADRADA",
    "C839X": "TEGUISE LA GRACIOSA-HELIPUERTO",
    "C258K": "LA OLIVA (CARRETERA DEL COTILLO)",
    "9170": "LOGROÑO/AGONCILLO",
    "9178X": "SANTA CRUZ DE CAMPEZO (DFA)",
    "6340X": "GARRUCHA  PUERTO",
    "8520X": "FREDES",
    "1212E": "ASTURIAS/AVILÉS",
    "5704B": "CAZALLA DE LA SIERRA",
    "0149X": "MANRESA",
    "B656A": "SANTA MARÍA",
    "9434": "ZARAGOZA/AEROPUERTO",
    "4497X": "VILLANUEVA DEL FRESNO",
    "1738U": "MUIÑOS-PRADO",
    "2978X": "AGUAS DE CABREIROA",
    "9698U": "TALARN",
    "9720X": "TÁRREGA",
    "9019B": "POLIENTES-CASYC",
    "4560Y": "ALAJAR  CABEZO MOLINOS",
    "C438N": "CANDELARIA-DEPOSITO CUEVECITAS",
    "C019V": "YAIZA-PLAYA BLANCA",
    "3168D": "GUADALAJARA",
    "1701X": "RIBADAVIA",
    "7250C": "ABANILLA",
    "2626Y": "SAHECHORES-HELIPUERTO",
    "2362C": "CAMPORREDONDO DE ALBA  CUEVA DORADA",
    "1468X": "A ESTRADA",
    "9772X": "LA POBLA DE CERVOLES",
    "0370E": "GIRONA-PARC MIGDIA",
    "4300Y": "MINAS DE ALMADÉN",
    "1341B": "OURIA DE TARAMUNDI",
    "5165X": "TORRES",
    "4340": "NAVALVILLAR DE PELA",
    "9946X": "HORTA DE SANT JOAN",
    "1026X": "ORDIZIA-ARETA",
    "2374X": "CARRIÓN DE LOS CONDES",
    "C449F": "ANAGA-COL. REP. ARGENTINA",
    "B434X": "PORTO COLOM",
    "3094B": "TARANCON",
    "C658X": "LAS PALMAS G.C.-TAFIRA/ZURBARÁN",
    "6106X": "ANTEQUERA-BOBADILLA",
    "1044X": "ARAMAYONA ECHAGÜEN",
    "1083B": "SOPUERTA-JARRALTA",
    "6156X": "MÁLAGA CMT",
    "0158X": "MONTSERRAT",
    "0411X": "CASTELLO D?EMPURIES",
    "2828Y": "BARCO DE AVILA",
    "0114X": "PRATS DE LLU\u00c7AN\u00c8S",
    "1249X": "OVIEDO",
    "1014A": "SAN SEBASTIÁN/FUENTERRABIA",
    "1496X": "VIGO-O CASTRO",
    "1096X": "TRETO",
    "9238X": "NAVASCUES",
    "8492X": "ATZENETA DEL MAESTRAT",
    "9724X": "OS DE BALAGUER",
    "1406X": "MAZARICOS-A PICOTA",
    "8414A": "VALENCIA/AEROPUERTO",
    "1428": "SANTIAGO DE COMPOSTELA/LABACOLLA",
    "C429I": "TENERIFE/SUR",
    "9771C": "LLEIDA",
    "9012E": "SANTA GADEA DE ALFOZ",
    "5941X": "EL BOSQUE  SAN JOSÉ",
    "2482B": "MIGUELAÑEZ",
    "1327A": "ONETA",
    "6307X": "LAUJAR DE ANDARAX",
    "0312X": "SANT PAU DE SEGURIES",
    "1639X": "CHANDREXA DE QUEIXA",
    "3338": "ROBLEDO DE CHAVELA",
    "2096B": "LICERAS-CAÑADA DEHESA",
    "9436X": "FONFRIA  DGA",
    "1082": "BILBAO/AEROPUERTO",
    "C659M": "LAS PALMAS DE GC. PLAZA  DE LA FERIA",
    "6042I": "JIMENA DE LA FRONTERA-EL DORADO",
    "4489X": "ALCONCHEL (AUTOMATICA)",
    "8177A": "CHINCHILLA/CENAD",
    "7121A": "CALASPARRA",
    "B603X": "COL\u00d2NIA SANT PERE-CAN MENGOL",
    "6083X": "MARBELLA  CABOPINO",
    "2005Y": "VINUESA",
    "0120X": "MOI\u00c0",
    "8245Y": "MIRA",
    "5047E": "BAZA  CRUZ ROJA",
    "1176A": "TRESVISO",
    "C038N": "HARÍA-CEMENTERIO",
    "6367B": "HUERCAL OVERA",
    "9294E": "BARDENAS REALES",
    "9201K": "JACA",
    "5906X": "CHIPIONA  ECA",
    "9590D": "CAP DE REC",
    "C446G": "LAS MERCEDES-LLANO LOS LOROS",
    "7007X": "MAZARRON (I.O.E. - AUT.)",
    "0066X": "VILAFRANCA DEL PENED\u00c8S",
    "1583X": "O BARCO DE VALDEORRAS",
    "9866C": "BARBASTRO",
    "1276F": "POLA DE SOMIEDO-DEPURADORA",
    "6329X": "CABO DE GATA  FARO",
    "9491X": "ALMUDEVAR",
    "3111D": "SOMOSIERRA",
    "9141V": "NAJERA",
    "C629Q": "MOGAN (PUERTO RICO)",
    "3298X": "SAN PABLO DE LOS MONTES",
    "1203D": "COLUNGA",
    "1083L": "CASTRO URDIALES-EDAR",
    "1658": "FOLGOSO DO COUREL",
    "8300X": "CARCAIXENT",
    "1363X": "AS PONTES A AEROSA",
    "9027X": "SARGENTES DE LA LORA",
    "2172Y": "SARDÓN DE DUERO",
    "C649I": "LAS PALMAS DE GRAN CANARIA/GANDO",
    "8409X": "LLIRIA",
    "1109X": "SANTANDER AEROPUERTO",
    "1111X": "SANTANDER CMT",
    "C619X": "AGAETE-CASCO",
    "5796": "MORÓN DE LA FRONTERA",
    "8523X": "VINAROZ",
    "1475X": "SANTIAGO DE COMPOSTELA",
    "3110C": "BUITRAGO",
    "8503Y": "TORREBLANCA AYUNTAMIENTO (C.AGRARIA LOCAL)",
    "9115X": "VALDEZCARAY",
    "1723X": "PONTEAREAS-CANEDO",
    "2930Y": "NAVASFRIAS",
    "2140A": "ALDEANUEVA DE SERREZUELA-EL CERRO",
    "4427X": "ZAFRA (AUTOMATICA)",
    "5960": "JEREZ DE LA FRONTERA/AEROPUERTO",
    "1052A": "MUTRIKU-GALDONAMENDI",
    "8395X": "CHELVA",
    "1167B": "FUENTE DÉ-TELEFÉRICO",
    "9283Y": "ALFARO (AYUNTAMIENTO - AUTOMATICA)",
    "5515D": "EVC_VÍZNAR",
    "0394X": "VALL DE BIANYA",
    "3182Y": "ARGANDA DEL REY",
    "B158X": "ES CAPDELL\u00c0- SON VIC NOU ",
    "2290Y": "PEDROSA DEL PRÍNCIPE",
    "9901X": "HUESCA",
    "0252D": "ARENYS DE MAR",
    "3540X": "ZARZA LA MAYOR",
    "4411C": "ALCUESCAR",
    "2945A": "EL BODÓN-BASE AEREA",
    "5038X": "CAZORLA",
    "1059X": "PUNTA GALEA ",
    "9576C": "BUJARALOZ",
    "5641X": "ECIJA",
    "1208H": "GIJÓN  MUSEL",
    "C469N": "SILOS-DEPURADORA",
    "7096B": "HELLÍN",
    "2555B": "FUENTESAUCO",
    "3268C": "ALPEDRETE",
    "4520X": "FREGENAL DE LA SIERRA",
    "8019": "ALICANTE/EL ALTET",
    "7145D": "CIEZA  PARQUE DE BOMBEROS",
    "1221D": "PAJARES - VALGRANDE",
    "6302A": "ABLA",
    "9947X": "MASSALUCA",
    "0255B": "SANTA SUSANA",
    "9924X": "FRAGA",
    "C457I": "VICTORIA-DEPÓSITO MARRERO",
    "4091Y": "VILLARROBLEDO",
    "1679A": "MONFORTE DE LEMOS",
    "B954": "IBIZA/ES CODOLÁ",
    "C117Z": "TIJARAFE-MIRADOR TIME",
    "2331": "BURGOS/VILLAFRÍA",
    "1690A": "OURENSE",
    "9073X": "OPAKUA",
    "4095Y": "BELMONTE",
    "1435C": "NOIA",
    "3266A": "ALTO DE LOS LEONES",
    "8210Y": "SALVACAÑETE",
    "B236C": "PALMA-UNIVERSITAT",
    "9390": "DAROCA I",
    "1549": "PONFERRADA",
    "C239N": "TUINEJE-PUERTO GRAN TARAJAL",
    "3104Y": "EL PAULAR- RASCAFRÍA (AUTOMÁTICA)",
    "8096": "CUENCA",
    "4554X": "CARTAYA   PEMARES ",
    "4103X": "TOMELLOSO",
    "9031C": "BRIVIESCA",
    "2614": "ZAMORA",
    "3436D": "GARGANTA DE LA OLLA",
    "9016X": "CUBILLO DE EBRO",
    "9453X": "BIESCAS-BUBAL",
    "B860X": "CIUTADELLA-SON QUIM ",
    "0320I": "PLANOLES",
    "3343Y": "VALDEMORILLO",
    "9228J": "OROZ-BETELU",
    "4051Y": "ALCÁZAR DEL REY",
    "1037X": "LEGAZPIA",
    "9562X": "MORELLA - PASEO ALAMEDA",
    "C628B": "SAN NICOLAS T.-TASARTE/COPARLITA",
    "3129": "MADRID/BARAJAS",
    "6213X": "NERJA (CUEVAS DE NERJA - AUTOMATICA)",
    "2728B": "VILLAMECA",
    "2804F": "VILLADEPERA",
    "1041A": "ZUMAYA FARO",
    "9898": "HUESCA/PIRINEOS",
    "3100B": "ARANJUEZ",
    "8354X": "ALBARRACIN  COMARCAL",
    "8018X": "ELCHE/ALTABIX",
    "3504X": "HERVAS",
    "8175": "ALBACETE/LOS LLANOS",
    "C148F": "SAUCES-S.ANDRÉS-BALSA ADEYAHAME",
    "1025A": "SEGURA LASTALA",
    "9513X": "MUNIESA  COMARCAL",
    "8008Y": "VILLENA",
    "3305Y": "NAVAHERMOSA",
    "2192C": "CUELLAR",
    "4220X": "PUEBLA DE DON RODRIGO",
    "1309C": "SAN ANTOLIN DE IBIAS-LINARES",
    "9122I": "LABASTIDA- REMELLURI",
    "C925F": "SAN ANDRÉS-DEPÓSITO CABILDO",
    "0092X": "BERGA  INSTITUTO",
    "3140Y": "MANDAYONA",
    "C126A": "EL PASO-C.F.",
    "8486X": "MOSQUERUELA  DEPOSITO",
    "8270X": "BICORP",
    "7158X": "ARCHENA",
    "0260X": "FONTMARTINA",
    "2462": "NAVACERRADA PUERTO",
    "5361X": "MONTORO VEGA ARMIJO",
    "9001S": "Alto Campoo",
    "1521X": "BECERREA-PENAMAIOR",
    "1279X": "CAMUÑO",
    "2863C": "PEDRAZA DE ALBA-VALLELARGO",
    "B496X": "SON SERVERA-CAN PEP MONJO",
    "0421X": "ESPOLLA  LES ALBERES",
    "3536X": "HOYOS",
    "1484C": "PONTEVEDRA",
    "5000C": "CEUTA",
    "5598X": "BENAMEJÍ-ALCACHOFARES ALTOS",
    "1505": "LUGO/ROZAS",
    "2926B": "BAÑOBAREZ",
    "4464X": "ALBURQUERQUE",
    "9998X": "BELLO",
    "9911X": "BALLOBAR  DGA",
    "0360X": "LES PLANES D?HOSTOLES",
    "7012D": "CARTAGENA - TENTEGORRA",
    "3463X": "TRUJILLO",
    "3126Y": "EL GOLOSO (AUTOMÁTICA)",
    "C669B": "ARUCAS-BAÑADEROS",
    "1476R": "CASAS DO PORTO",
    "6050X": "GAUCÍN",
    "1183X": "LLANES",
    "5192": "VILLARRODRIGO",
    "C639M": "SAN BARTOLOME TIRAJANA-C.INSULAR TURISMO",
    "8309X": "UTIEL  LA CUBERA",
    "4064Y": "ALCAZAR DE SAN JUAN",
    "3194U": "MADRID  C. UNIVERSITARIA",
    "7227X": "ALHAMA (COMARZA - AUT.)",
    "4584X": "EL CERRO DE ANDEVALO",
    "8013X": "NOVELDA",
    "5459X": "ESPIEL-C.TÉRMICA",
    "5911A": "GRAZALEMA",
    "2891A": "VILLARINO DE LOS AIRES",
    "7172X": "MULA (P. BOMBEROS - AUT.)",
    "9244X": "SOS DEL REY CATÓLICO",
    "7023X": "FUENTE ALAMO",
    "7026X": "TORRE PACHECO (C.C.A. AUT.)",
    "3519X": "PLASENCIA",
    "8500A": "CASTELLÓN-ALMAZORA",
    "3531X": "TORRECILLA DE LOS ANGELES",
    "5298X": "ANDÚJAR",
    "5726X": "GUADALCANAL  CRISTO",
    "4589X": "ALOSNO  THARSIS-MINAS ",
    "9299X": "TARAZONA",
    "C459Z": "PUERTO DE LA CRUZ",
    "5582A": "LOJA",
    "2536D": "MORALES DEL TORO-DEPOSITO",
    "2593D": "VILLALÓN DE CAMPOS",
    "7012C": "CARTAGENA",
    "9446K": "SALLENT DE GÁLLEGO  LLENA CANTAL",
    "9245X": "CASEDA  DEPÓSITO",
    "2135A": "FRESNO DE CANTIESPINO",
    "B780X": "PORT POLLEN\u00c7A-AERODROM ",
    "0385X": "L?ESTARTIT",
    "9744B": "BARRUERA",
    "C665T": "VALLESECO",
    "9001D": "NESTARES",
    "C919K": "TACORÓN-LAPILLAS-TORTUGA",
    "7209": "LORCA",
    "2117D": "ARANDA DE DUERO",
    "2182C": "RADES",
    "7031X": "MURCIA/SAN JAVIER",
    "2106B": "CORUÑA DEL CONDE",
    "9510X": "QUINTO",
    "4511C": "JEREZ DE LOS CABALLEROS",
    "6040X": "CORTES DE LA FRONTERA",
    "C447A": "TENERIFE/LOS RODEOS",
    "0002I": "VANDELLÓS",
    "5612B": "RODA DE ANDALUCÍA",
    "2568D": "VILLAPUN",
    "6267X": "SALOBREÑA",
    "2444": "ÁVILA",
    "1541B": "VILLABLINO",
    "8293X": "XÁTIVA",
    "7103Y": "TOBARRA",
    "8489X": "VILLAFRANCA",
    "2030": "SORIA",
    "8191Y": "LAS ERAS",
    "1272B": "SOTO DE LA BARCA",
    "B644B": "SINEU-POLIESPORTIU",
    "3422D": "CANDELEDA (AUTOMATICA)",
    "1561I": "VILLAR DE OTERO (LOS TROBOS)",
    "4147X": "VALDEPEÑAS",
    "2276B": "VILLAELES DE VALDAVIA",
    "B893": "MENORCA/AEROPUERTO",
    "5107D": "DÓLAR",
    "3191E": "COLMENAR VIEJO/FAMET",
    "1542": "PUERTO DE LEITARIEGOS",
    "2507Y": "RUEDA (AUTOMATICA)",
    "C635B": "SAN BARTOLOME TIRAJANA-H.LAS TIRAJANAS",
    "4501X": "FUENTE DE CANTOS",
    "2311Y": "VILLAMAYOR DE LOS MONTES",
    "5919X": "OLVERA-COOP.AGRÍCOLA",
    "4093Y": "OSA DE LA VEGA (AUTOMÁTICA)",
    "1297E": "CERVANTES-BAZAL",
    "1152C": "SAN FELICES DE BUELNA-TARRIBA",
    "2847X": "PEDROSILLO DE LOS AIRES-CASTILLEJO",
    "5656": "FUENTES DE ANDALUCIA  EL TRAVIESO",
    "9495Y": "LECIÑENA",
    "9377Y": "EL PEDREGAL",
    "3260B": "TOLEDO",
    "9501X": "VALMADRID DGA",
    "5950X": "SAN JOSE DEL VALLE-PT GUADALCACÍN",
    "1342X": "RIBADEO  VILAFRAMIL",
    "2044B": "LUBIA-CEDER",
    "8057C": "PEGO",
    "7244X": "ORIHUELA DESAMPARADOS",
    "9981A": "TORTOSA",
    "6291B": "EL EJIDO (AYUNTAMIENTO - AUTOMATICA)",
    "6127X": "ÁLORA  LAS PELONAS",
    "1735X": "XINZO DE LIMIA",
    "1399": "VIMIANZO-CASTRELO",
    "B346X": "PORRERES",
    "5346X": "CARDEÑA (SANTA ELENA - AUTOMATICA)",
    "4642E": "HUELVA  RONDA ESTE",
    "0324A": "RIPOLL",
    "5891X": "LAS CABEZAS DE SAN JUAN (MAJOLETO AUTOMATICA)",
    "1719": "A CAÑIZA",
    "9301X": "MONTEAGUDO (AUTOMATICA)",
    "2048A": "MORON DE ALMAZAN ",
    "1048X": "ARETXABALETA-EMBALSE URKULU",
    "9756X": "BENABARRE",
    "4410X": "MÉRIDA",
    "9961X": "CABACÉS",
    "2084Y": "UCERO",
    "5406X": "CHARILLA",
    "2966D": "ALCAÑICES-VIVINERA",
    "9091R": "VITORIA/FORONDA",
    "1012P": "IRUN-LAPIZE",
    "C430E": "IZAÑA",
    "5973": "CÁDIZ OBS.",
    "8376": "JABALOYAS",
    "1038X": "AZPEITIA-IBAIEDER",
    "9218A": "ISABA",
    "5624X": "AGUILAR (LAGUNA ZOÑAR AUTOMATICA)",
    "2430Y": "MUÑOTELLO",
    "1055B": "LEKEITIO FARO",
    "9321X": "EJEA DE LOS CABALLEROS",
    "6172X": "MÁLAGA",
    "8198Y": "ALMANSA",
    "5394X": "CORDOBA   EMACSA",
    "8036Y": "BENIDORM (AQUAGEST - SEMIAUTOMATICA)",
    "8203O": "EVC_ZARRA",
    "5783": "SEVILLA/SAN PABLO",
    "6325O": "ALMERÍA/AEROPUERTO",
    "9394X": "CALATAYUD",
    "2302N": "MONTERRUBIO DE LA DEMANDA",
    "1050J": "ELGOIBAR IBERDROLA",
    "9988B": "CAP DE VAQUEIRA",
    "C229J": "PÁJARA-PUERTO MORRO JABLE",
    "5246": "SANTA ELENA",
    "0194D": "CORBERA  PIC D?AGULLES ",
    "1037Y": "ZUMARRAGA-URZABALETA",
    "9531Y": "MONTALBAN  DGA",
    "1154H": "TORRELAVEGA-SIERRAPANDO",
    "2453E": "GOTARRENDURA (AUTOMATICA)",
    "1159": "SAN VICENTE  FARO",
    "1477V": "VILAGARCIA DE AROUSA",
    "9198X": "CANFRANC",
    "6175X": "RINCON DE LA VICTORIA (AUTOMATICA)",
    "9171K": "LOS ARCOS",
    "4622X": "VILLARRASA  PLANTA DE RECICLAJE",
    "C648N": "TELDE-CENTRO FORESTAL DORAMAS",
    "8193E": "JALANCE",
    "1234P": "MIERES-BAÍÑA",
    "5530E": "GRANADA/AEROPUERTO",
    "6088X": "TORREMOLINOS",
    "1135C": "BÁRCENA MAYOR-TORIZ",
    "5515X": "GRANADA-CARTUJA",
    "1390X": "CARBALLO",
    "9561X": "CASTELLOTE  DEPÓSITO",
    "1057B": "MACHICHACO FARO",
    "0171X": "IGUALADA",
    "2870": "SALAMANCA OBS.",
    "6332X": "CARBONERAS C.TÉRM.",
    "B526X": "ART\u00c0-MOLI D?EN LEU ",
    "1347T": "BURELA",
    "1393": "CABO VILAN",
    "7211B": "PUERTO LUMBRERAS",
    "3337U": "CEBREROS",
    "3194Y": "POZUELO DE ALARCON (AUTOMÁTICA)",
    "9650X": "ARTESA DE SEGRE",
    "3526X": "CORIA",
    "6155A": "MÁLAGA/AEROPUERTO",
    "C689E": "MASPALOMAS",
    "3085Y": "PASTRANA",
    "2059B": "LA RIBA DE ESCALOTE",
    "B410B": "SANTANYÍ",
    "8058Y": "MIRAMAR",
    "2918Y": "EL MAILLO (BASE AVIONES - AUTOMATICA)",
    "3365A": "TALAVERA DE LA REINA",
    "B228D": "PALMA DIC DE L?OEST",
    "7127X": "BULLAS",
    "9569A": "CALANDA",
    "1179B": "CARREÑA DE CABRALES",
    "2766E": "EL PUENTE (CASA FORESTAL)",
    "3448X": "SERRADILLA (AUTOMATICA)",
    "7218X": "TOTANA",
    "5412X": "PRIEGO DE CÓRDOBA  SAN FELIX",
    "1521I": "O PARAMO",
    "0367": "GIRONA/COSTA BRAVA",
    "4061X": "QUINTANAR DE LA ORDEN",
    "8155Y": "MOTILLA DEL PALANCAR",
    "6277B": "ADRA CLUB NAÚTICO",
    "6258X": "LANJARÓN",
    "9726E": "LLORAC",
    "1199X": "BARGAEDO PILOÑA",
    "7261X": "ROJALES  EL MOLINO",
    "5427X": "DOÑA MENCIA",
    "9751": "SOPEIRA",
    "3040Y": "BETETA",
    "5473X": "AZUAGA (AUTOMATICA)",
    "1102D": "SOBA-ALTO MIERA",
    "3195": "MADRID RETIRO",
    "9060X": "LALASTRA-PARQUE VALDEREJO",
    "8368U": "TERUEL",
    "2775X": "VILLARDECIERVOS",
    "9280B": "LARRAGA",
    "9208E": "ARAGÜES DEL PUERTO",
    "5038Y": "CAZORLA (AUTOMATICA)",
    "3565X": "BROZAS (AUTOMATICA)",
    "9262P": "MONREAL",
    "B278C": "PALMA DE MALLORCA-ES PIL LARÍ",
    "9814X": "TORLA - DEPÓSITO",
    "C029O": "LANZAROTE/AEROPUERTO",
    "9252X": "OLITE",
    "5612X": "LORA DE ESTEPA (AUTOMATICA)",
    "6057X": "MANILVA",
    "0222X": "CALDES DE MONTBUI",
    "0433D": "EVC_CABO DE CREUS",
    "9784P": "BIELSA",
    "B870C": "CIUTADELLA-CALA GALDANA",
    "B614E": "MANACOR-POLIESPORTIU",
    "5304Y": "PUERTOLLANO",
    "1226X": "CUEVAS DE FELECHOSA",
    "3576X": "VALENCIA DE ALCÁNTARA",
    "9994X": "BOSSOST-CENTRAL",
    "1021X": "RENTERIA (PRESA DEL AÑARBE)",
    "9808X": "AINSA  LA SERRETA",
    "4339X": "CAÑAMERO  EL PINAR",
    "9894Y": "SARIÑENA AUTOMATICA",
    "3562X": "ALISEDA  LA UMBRÍA",
    "3427Y": "OROPESA DEHESÓN DEL  ENCINAR",
    "5910X": "ROTA BASE NAVAL"
}
