[
    {
        "estacion": "Barcarrota (Badajoz)",
        "codigo": "11"
    },
    {
        "estacion": "Cabo de Creus (Girona)",
        "codigo": "10"
    },
    {
        "estacion": "Campis\u00e1balos (Guadalajara)",
        "codigo": "09"
    },
    {
        "estacion": "Do\u00f1ana (Huelva)",
        "codigo": "17"
    },
    {
        "estacion": "Els Torms (Lleida)",
        "codigo": "14"
    },
    {
        "estacion": "Mah\u00f3n (Illes Balears)",
        "codigo": "06"
    },
    {
        "estacion": "Niembro-Llanes (Asturias)",
        "codigo": "08"
    },
    {
        "estacion": "Noia (A Coru\u00f1a)",
        "codigo": "05"
    },
    {
        "estacion": "O Savi\u00f1ao (Lugo)",
        "codigo": "16"
    },
    {
        "estacion": "Pe\u00f1ausende (Zamora)",
        "codigo": "13"
    },
    {
        "estacion": "San Pablo de los Montes (Toledo)",
        "codigo": "01"
    },
    {
        "estacion": "V\u00edznar (Granada)",
        "codigo": "07"
    },
    {
        "estacion": "Zarra (Valencia)",
        "codigo": "12"
    }
]
